-5.624652653932571411e-02
-1.712334454059600830e-01
-4.850349202752113342e-02
-1.008659694343805313e-02
-1.624976247549057007e-01
-1.057582572102546692e-01
-2.112210243940353394e-01
1.646422594785690308e-01
-4.207244515419006348e-02
-5.729151517152786255e-02
-1.388095170259475708e-01
-2.168326824903488159e-01
1.271911561489105225e-01
2.281413227319717407e-02
-1.269875764846801758e-01
2.551885554566979408e-03
-1.420258283615112305e-01
-8.860326558351516724e-02
-4.763695225119590759e-02
5.142947286367416382e-02
4.913014173507690430e-02
5.873643606901168823e-02
-1.525423228740692139e-01
1.188066676259040833e-01
1.374610364437103271e-01
-7.667411118745803833e-02
6.717758625745773315e-02
7.847969233989715576e-02
8.775353431701660156e-02
-1.032264307141304016e-01
-4.091173410415649414e-03
6.154500693082809448e-02
4.291686415672302246e-02
-2.930395305156707764e-01
-2.678095996379852295e-01
1.476119011640548706e-01
-1.531248446553945541e-02
3.353867679834365845e-02
-2.542830258607864380e-02
-1.993932425975799561e-01
-1.418534815311431885e-01
2.079249173402786255e-01
1.918544471263885498e-01
-3.251060470938682556e-02
1.141277998685836792e-01
-1.576533615589141846e-01
-8.266957849264144897e-02
2.554480172693729401e-02
-1.990020573139190674e-01
1.229615360498428345e-01
-5.284919962286949158e-02
1.436596065759658813e-01
-1.201439350843429565e-01
1.018273178488016129e-02
1.856396049261093140e-01
6.224760785698890686e-02
-1.268175244331359863e-01
7.412730157375335693e-02
-1.038172245025634766e-01
9.626503288745880127e-02
-2.070587426424026489e-01
5.168898776173591614e-02
-1.188197657465934753e-01
-1.382065713405609131e-01
-9.523067623376846313e-02
-1.399355977773666382e-01
-2.168205827474594116e-01
-2.135378718376159668e-01
-1.614125519990921021e-01
-3.848465532064437866e-02
-1.113337427377700806e-01
-2.906122505664825439e-01
-1.133226677775382996e-01
7.012981921434402466e-02
-6.134357303380966187e-02
-1.279286146163940430e-01
-2.272089570760726929e-02
-7.173534482717514038e-02
-7.889650762081146240e-02
2.176362089812755585e-02
-2.039536982774734497e-01
3.737354278564453125e-02
1.254389882087707520e-01
4.632632806897163391e-02
-1.699877381324768066e-01
-1.041562631726264954e-01
2.866799011826515198e-02
-2.554497122764587402e-01
-5.758953467011451721e-02
-9.693664312362670898e-02
-2.879517972469329834e-01
-1.299569606781005859e-01
-2.019266188144683838e-01
3.889323025941848755e-02
2.836172282695770264e-02
-2.615316212177276611e-01
-1.501374691724777222e-01
2.973244898021221161e-02
2.664161473512649536e-02
-1.101435422897338867e-01
-1.387108024209737778e-02
-4.144487157464027405e-02
-1.355363056063652039e-02
-6.681235134601593018e-02
3.380719199776649475e-02
-2.155975401401519775e-01
-1.910634189844131470e-01
-5.849042162299156189e-02
-2.336933463811874390e-01
3.634335845708847046e-02
-8.233975619077682495e-02
-6.858047097921371460e-02
-3.329367563128471375e-02
-2.596901357173919678e-02
-1.044123098254203796e-01
-1.027902513742446899e-01
-1.601750850677490234e-01
1.937494240701198578e-02
-1.626190394163131714e-01
-6.656544655561447144e-02
-1.305521726608276367e-01
2.395781315863132477e-02
-5.598031356930732727e-02
-2.347889244556427002e-01
3.172533120959997177e-03
1.886609569191932678e-02
7.218439877033233643e-02
-1.096644550561904907e-01
-1.380264014005661011e-01
-3.092394769191741943e-01
6.605146080255508423e-02
-3.621233999729156494e-02
-3.512015938758850098e-02
-3.011432476341724396e-03
-2.334250509738922119e-01
3.393370658159255981e-02
-1.433982551097869873e-01
-1.803310215473175049e-01
-1.434108316898345947e-01
-1.506498754024505615e-01
6.575027108192443848e-02
2.568152360618114471e-02
1.766939833760261536e-02
-1.946275383234024048e-01
6.710563600063323975e-02
1.063581109046936035e-01
-1.275210827589035034e-02
-1.396743804216384888e-01
3.120901249349117279e-02
-1.296708136796951294e-01
-5.461679026484489441e-02
6.092310324311256409e-02
-2.420793101191520691e-02
2.510437555611133575e-02
-2.184344083070755005e-02
-1.043948251754045486e-02
-5.410675331950187683e-02
-5.103800445795059204e-02
-2.210306562483310699e-02
2.491357363760471344e-02
-1.318034082651138306e-01
-2.249501943588256836e-01
-1.655888557434082031e-01
-5.874994769692420959e-02
-1.435002405196428299e-02
-3.480023145675659180e-02
1.527819782495498657e-01
1.427939832210540771e-01
5.257062986493110657e-02
-3.409559279680252075e-02
-3.256913274526596069e-02
-7.589314877986907959e-02
3.342915326356887817e-02
2.645941078662872314e-02
1.304098963737487793e-01
1.236563995480537415e-01
-5.433615669608116150e-02
5.368767678737640381e-02
-4.603427276015281677e-02
2.932979725301265717e-02
-2.306407317519187927e-03
-1.219350248575210571e-01
1.163421347737312317e-01
2.811656147241592407e-02
-2.818407490849494934e-02
-6.480540335178375244e-02
3.014238178730010986e-02
8.074347674846649170e-02
-1.332272589206695557e-01
8.832874894142150879e-02
-1.677761077880859375e-01
-7.858683168888092041e-02
-9.339261054992675781e-02
1.121408939361572266e-01
6.019877642393112183e-02
-2.178700082004070282e-02
7.497841864824295044e-02
9.428112953901290894e-02
4.687913879752159119e-02
-1.452928036451339722e-01
1.703227907419204712e-01
6.441388279199600220e-02
1.039352547377347946e-02
7.528805732727050781e-02
1.290138512849807739e-01
-9.861537069082260132e-02
1.355247199535369873e-01
1.104697883129119873e-01
-8.669085055589675903e-02
-3.719292953610420227e-02
3.440602496266365051e-02
5.463843792676925659e-02
8.214478194713592529e-02
1.674768626689910889e-01
1.260974109172821045e-01
-1.150638237595558167e-01
6.952820718288421631e-02
-1.011243015527725220e-01
4.306176304817199707e-02
1.393523365259170532e-01
-1.497029811143875122e-01
9.557133913040161133e-02
1.398713290691375732e-01
3.917887806892395020e-02
1.199714466929435730e-02
-2.926268801093101501e-02
5.393188074231147766e-02
-1.056492254137992859e-01
4.856847971677780151e-02
2.761890552937984467e-02
-1.160523146390914917e-01
6.844942271709442139e-02
-8.033473975956439972e-03
-1.749467551708221436e-01
-5.567167326807975769e-02
7.896367460489273071e-02
-6.141513586044311523e-02
5.152052268385887146e-02
-1.557263284921646118e-01
-1.539735198020935059e-01
7.638516277074813843e-02
1.929277554154396057e-03
-1.146535575389862061e-01
-3.109537251293659210e-02
-8.283957140520215034e-04
1.193466112017631531e-01
-1.066806614398956299e-01
5.684476345777511597e-02
-7.952671498060226440e-02
-8.803816884756088257e-02
1.211325600743293762e-01
-1.475560516119003296e-01
2.817843109369277954e-02
-1.047514751553535461e-02
-8.732709288597106934e-02
-4.077648743987083435e-02
-1.480286270380020142e-01
5.175065994262695312e-02
7.989583164453506470e-02
-4.958570376038551331e-02
1.509109418839216232e-02
-5.065540224313735962e-02
-4.177058488130569458e-02
8.169789612293243408e-02
7.383272051811218262e-02
-1.784186810255050659e-02
1.638138145208358765e-01
3.907185792922973633e-02
-1.250239163637161255e-01
-1.960462778806686401e-01
-1.014359667897224426e-01
-2.210611552000045776e-01
-3.206459805369377136e-02
-1.382018923759460449e-01
-4.558251798152923584e-02
-2.825163006782531738e-01
5.662041902542114258e-02
-1.384415477514266968e-01
-2.087160944938659668e-01
1.218240126036107540e-03
6.216614320874214172e-02
-6.656482815742492676e-02
-1.545998901128768921e-01
1.092302575707435608e-01
3.134971857070922852e-02
-1.660050824284553528e-02
5.369733646512031555e-02
-1.929824650287628174e-01
-2.597047016024589539e-03
-9.422254562377929688e-02
-2.033994346857070923e-02
-4.044607654213905334e-02
1.229186635464429855e-02
-5.329150334000587463e-02
-1.103716194629669189e-01
-3.070592880249023438e-03
-3.722596168518066406e-02
-5.937501415610313416e-02
2.155658230185508728e-02
-6.778667867183685303e-02
-3.998077288269996643e-02
3.785387426614761353e-02
1.277974247932434082e-02
1.504126340150833130e-01
6.547532230615615845e-02
-5.777551233768463135e-02
-1.772401183843612671e-01
-1.803712099790573120e-01
1.178983747959136963e-01
1.349382940679788589e-02
-1.848348677158355713e-01
-1.334479749202728271e-01
4.947296530008316040e-02
-1.650265604257583618e-01
-3.160760924220085144e-02
3.503328189253807068e-02
3.413333371281623840e-02
-1.528596580028533936e-01
-7.332304120063781738e-02
1.103522032499313354e-01
1.851296275854110718e-01
-8.827814459800720215e-02
1.949547678232192993e-01
1.087961494922637939e-01
-3.013240732252597809e-02
2.179938135668635368e-03
-1.906469613313674927e-01
-2.048156782984733582e-02
-1.535522192716598511e-01
-6.599217653274536133e-02
-1.358715817332267761e-04
-2.266080304980278015e-02
-1.138162519782781601e-02
-2.124608680605888367e-02
-9.775575250387191772e-02
2.448892034590244293e-02
8.125748485326766968e-02
1.415612697601318359e-01
-6.023713946342468262e-02
-6.892856210470199585e-02
-1.128372475504875183e-01
-2.112206444144248962e-02
1.685698516666889191e-02
-1.774905174970626831e-01
-1.540187448263168335e-01
1.903863012557849288e-04
1.650968492031097412e-01
1.076828781515359879e-02
5.908631253987550735e-03
2.397504262626171112e-02
-9.656367450952529907e-02
-1.231722012162208557e-01
1.580909490585327148e-01
-1.037999466061592102e-01
-7.051294296979904175e-02
-7.164996117353439331e-02
2.083521038293838501e-01
-2.624327838420867920e-01
1.336181163787841797e-01
1.369640827178955078e-01
1.532402634620666504e-01
1.119986400008201599e-01
-7.630228251218795776e-02
-2.999854087829589844e-01
-3.168809041380882263e-02
6.246945634484291077e-02
1.845888942480087280e-01
9.197861701250076294e-02
-2.961497753858566284e-02
7.314818352460861206e-02
-5.271856114268302917e-02
5.580928921699523926e-02
9.523619711399078369e-02
2.212555147707462311e-02
2.012537419795989990e-02
-1.854083836078643799e-01
2.510212734341621399e-02
4.801308736205101013e-02
4.079948365688323975e-02
1.552311331033706665e-01
-7.237549871206283569e-02
1.164474617689847946e-02
5.943289026618003845e-02
3.634690307080745697e-03
-2.519041001796722412e-01
-1.284736767411231995e-02
-1.810954660177230835e-01
3.497906029224395752e-02
4.754639416933059692e-02
5.332027003169059753e-02
-1.399950534105300903e-01
-1.422228515148162842e-01
-8.619525283575057983e-02
-1.970943510532379150e-01
-6.808938086032867432e-02
-1.640831530094146729e-01
-6.859672069549560547e-02
9.456895291805267334e-03
-9.710013121366500854e-02
2.911165170371532440e-02
2.136580646038055420e-02
9.698902070522308350e-02
6.362374126911163330e-02
1.062281504273414612e-01
-1.974869705736637115e-02
-7.756579667329788208e-02
4.801822826266288757e-02
-2.195658981800079346e-01
-2.005673199892044067e-01
-1.061239019036293030e-01
-1.416877955198287964e-01
-4.525557160377502441e-02
3.193885204382240772e-04
-2.605563215911388397e-02
-9.013853967189788818e-02
-1.188388690352439880e-01
-5.475338548421859741e-03
-2.121324278414249420e-02
-1.958380788564682007e-01
-5.353439971804618835e-02
-1.290589570999145508e-02
4.040203243494033813e-02
5.586878210306167603e-02
-1.041498258709907532e-01
-2.913712896406650543e-02
-1.328471451997756958e-01
-1.356690470129251480e-02
-3.591516241431236267e-02
-1.656023710966110229e-01
-7.270458340644836426e-02
-2.794760465621948242e-02
-1.565135866403579712e-01
-1.635704189538955688e-01
-5.689097195863723755e-02
3.934684023261070251e-02
-3.843757510185241699e-02
-1.510682255029678345e-01
-1.726318150758743286e-01
-2.965136244893074036e-02
-1.893022209405899048e-01
1.791488006711006165e-02
-6.957824528217315674e-02
2.121820300817489624e-02
8.745229989290237427e-02
-1.623583734035491943e-01
-8.988349884748458862e-02
-6.202435865998268127e-02
-1.968545019626617432e-01
7.341796159744262695e-02
-1.402859985828399658e-01
-1.765859425067901611e-01
-8.259769529104232788e-03
3.387906402349472046e-02
-3.429774194955825806e-02
4.566246643662452698e-02
1.732191629707813263e-02
7.210157811641693115e-02
-1.288443952798843384e-01
-1.121309474110603333e-01
-1.241183057427406311e-01
1.815287321805953979e-01
6.182006746530532837e-02
6.926050037145614624e-02
-4.252270981669425964e-02
-5.017677322030067444e-02
2.590294927358627319e-03
-4.053402692079544067e-02
7.533197849988937378e-02
4.440479353070259094e-02
6.503513455390930176e-02
8.879605680704116821e-02
1.385886073112487793e-01
7.248214632272720337e-02
-2.549041062593460083e-02
-8.693131059408187866e-02
-7.422621548175811768e-02
-4.899071529507637024e-02
4.868191480636596680e-02
-4.885983839631080627e-02
1.703724265098571777e-01
-1.510828137397766113e-01
4.890480265021324158e-02
-1.273278594017028809e-01
-1.353733390569686890e-01
-1.619656533002853394e-01
-1.762638799846172333e-02
-6.830898113548755646e-03
-1.314862221479415894e-01
5.486339703202247620e-02
-1.780143380165100098e-01
-3.005723655223846436e-02
-1.652026176452636719e-01
3.338832780718803406e-02
-9.708295017480850220e-02
-1.097628846764564514e-01
-5.183789879083633423e-02
-6.964818574488162994e-03
-6.085683126002550125e-03
-1.788091361522674561e-01
-2.275716066360473633e-01
8.424153923988342285e-02
3.635578788816928864e-03
-6.874561309814453125e-02
-2.628406696021556854e-02
-4.400385916233062744e-02
-1.994982808828353882e-01
-4.168287292122840881e-02
-1.781138032674789429e-01
-3.242301568388938904e-02
8.153957128524780273e-02
1.918599009513854980e-02
-2.201977185904979706e-02
-4.394146427512168884e-02
8.925310522317886353e-02
-1.669317036867141724e-01
-1.097724512219429016e-01
-1.628009229898452759e-01
-2.017117291688919067e-02
1.092117205262184143e-01
3.661309182643890381e-02
1.194802522659301758e-01
-7.167380535975098610e-04
1.605316996574401855e-01
-1.436258666217327118e-02
-7.953469641506671906e-03
-8.284937590360641479e-02
-5.745258554816246033e-02
2.592634782195091248e-02
-4.282028973102569580e-02
3.481953591108322144e-02
-4.142867773771286011e-02
-1.290684640407562256e-01
-8.212047070264816284e-02
3.622252866625785828e-02
-1.187527850270271301e-01
2.922781743109226227e-02
3.029853664338588715e-02
-5.076103657484054565e-02
2.190862968564033508e-02
-4.771606624126434326e-02
6.794691830873489380e-02
1.418049633502960205e-01
5.082929134368896484e-02
-3.744542226195335388e-02
-7.958597689867019653e-02
-7.009824737906455994e-03
1.072445735335350037e-01
-2.143071442842483521e-01
-1.644203960895538330e-01
1.154816150665283203e-01
-1.044826433062553406e-01
-1.364878714084625244e-01
7.944810390472412109e-02
-1.391144692897796631e-01
-6.167634949088096619e-02
-1.515500433743000031e-02
6.171344593167304993e-02
-5.174735933542251587e-02
5.304631218314170837e-02
8.395696431398391724e-02
2.696948871016502380e-02
-8.155032247304916382e-02
-5.337481200695037842e-02
-1.836129426956176758e-01
4.556031897664070129e-02
3.156526014208793640e-02
-1.977126598358154297e-01
-5.102354660630226135e-02
-9.597083926200866699e-02
-1.707833409309387207e-01
9.987664967775344849e-02
-5.046385154128074646e-02
2.797794714570045471e-02
9.598639444448053837e-04
1.059510745108127594e-02
3.858315944671630859e-02
6.034216284751892090e-02
2.875689417123794556e-03
1.600088179111480713e-01
1.454510092735290527e-01
1.293586641550064087e-01
-1.287624686956405640e-01
-1.447998583316802979e-01
1.453019529581069946e-01
-1.048092246055603027e-01
1.111845746636390686e-01
2.535361982882022858e-02
4.576596617698669434e-02
1.222865134477615356e-01
-5.529467388987541199e-02
8.868865668773651123e-02
3.809662163257598877e-02
4.464153945446014404e-02
-4.122487269341945648e-03
-2.563896588981151581e-02
-3.702550753951072693e-02
5.431041866540908813e-02
6.116295978426933289e-02
-6.411048769950866699e-02
-2.534227259457111359e-02
1.723778992891311646e-02
2.151103690266609192e-02
8.319189399480819702e-02
-1.893590986728668213e-01
1.371162980794906616e-01
3.479396924376487732e-02
-3.107387945055961609e-02
1.111164465546607971e-01
4.837857559323310852e-02
-6.808120757341384888e-02
-1.054684743285179138e-01
1.472584307193756104e-01
1.471100002527236938e-01
-2.230127304792404175e-01
-2.357769943773746490e-02
-3.960551228374242783e-03
-5.410533398389816284e-02
1.705939024686813354e-01
2.332318723201751709e-01
-1.531639695167541504e-01
1.465467177331447601e-02
-1.002848222851753235e-01
7.095675170421600342e-02
7.044333219528198242e-02
4.789513535797595978e-03
5.225166678428649902e-02
2.268999218940734863e-01
-3.222213359549641609e-03
-7.231125980615615845e-02
-7.409229874610900879e-02
2.030762284994125366e-01
-1.305875480175018311e-01
3.236692771315574646e-02
2.062308490276336670e-01
-7.875184714794158936e-02
1.561864912509918213e-01
5.973857268691062927e-02
-4.354574903845787048e-02
-6.668684072792530060e-03
-8.582070469856262207e-02
-2.394771426916122437e-01
-9.861380793154239655e-03
-2.545076906681060791e-01
-2.029578983783721924e-01
-2.612634934484958649e-02
1.346332281827926636e-01
7.866027951240539551e-02
-1.823067963123321533e-01
-1.239367499947547913e-01
-7.153565436601638794e-02
-4.253235459327697754e-02
-5.114586278796195984e-02
-2.558805644512176514e-01
7.328183948993682861e-02
-1.127434615045785904e-02
5.158841237425804138e-02
-1.199506893754005432e-01
-6.114247441291809082e-02
1.662375219166278839e-02
6.761628389358520508e-02
-9.094794094562530518e-02
-1.294838339090347290e-01
-5.492695793509483337e-02
-1.952697783708572388e-01
-3.048358857631683350e-01
-4.482698068022727966e-02
-2.095594257116317749e-01
3.183465078473091125e-02
-1.634753942489624023e-01
4.543056711554527283e-02
1.115267947316169739e-01
-1.220286563038825989e-01
-1.750897616147994995e-01
1.268206387758255005e-01
-5.960965156555175781e-02
-2.050572335720062256e-01
-1.140860393643379211e-01
-2.279882319271564484e-03
-8.225756883621215820e-02
-1.061603352427482605e-01
-7.084761559963226318e-02
-2.182666510343551636e-01
-1.585739552974700928e-01
-8.710476569831371307e-03
-1.580601483583450317e-01
-2.296662889420986176e-02
4.011971503496170044e-02
-1.500854492187500000e-01
-1.771552488207817078e-02
-1.068589240312576294e-01
-1.845562905073165894e-01
-1.209986060857772827e-01
-2.545644044876098633e-01
-4.684694856405258179e-02
-5.422082170844078064e-02
-1.164686083793640137e-01
4.268322139978408813e-02
-3.875497356057167053e-02
5.652802810072898865e-02
-1.332636922597885132e-01
-2.475236833561211824e-04
-2.171153277158737183e-01
-8.231840282678604126e-02
2.535738237202167511e-02
8.401174843311309814e-02
-9.741885960102081299e-02
2.495112642645835876e-02
3.347656875848770142e-02
-1.081541478633880615e-01
-7.811112701892852783e-02
-1.873352527618408203e-01
5.446605384349822998e-03
-6.102383881807327271e-02
-9.423114359378814697e-03
1.434366032481193542e-02
7.160031050443649292e-02
-2.251213788986206055e-01
2.393930964171886444e-02
2.793828770518302917e-02
-6.712248921394348145e-02
3.346873819828033447e-02
-1.420215424150228500e-02
3.704107366502285004e-03
3.210945054888725281e-02
-1.655191332101821899e-01
-1.007523313164710999e-01
5.640187487006187439e-02
-1.909079253673553467e-01
-2.252267599105834961e-01
-4.230018332600593567e-02
1.617725938558578491e-02
-7.803857326507568359e-02
1.022888273000717163e-01
-1.743546277284622192e-01
-1.359465867280960083e-01
-2.384525984525680542e-01
9.243299067020416260e-02
7.028751075267791748e-02
-1.660359948873519897e-01
-1.702597551047801971e-02
-6.987873930484056473e-03
-2.613575942814350128e-02
-5.491928011178970337e-02
6.452277302742004395e-02
1.992171443998813629e-02
-4.654678329825401306e-02
6.571751832962036133e-02
-2.217146605253219604e-01
-1.198240648955106735e-02
-2.235878817737102509e-02
-7.374376989901065826e-03
-1.107221841812133789e-01
2.189171127974987030e-02
3.504764521494507790e-03
2.974159317091107368e-03
1.757473796606063843e-01
7.150526344776153564e-02
7.572367787361145020e-02
1.858248859643936157e-01
-1.466775983572006226e-01
2.408408373594284058e-02
1.343980133533477783e-01
3.669520840048789978e-02
-3.784271702170372009e-02
4.631643369793891907e-02
-8.067014813423156738e-02
-3.307913243770599365e-02
-1.845430582761764526e-01
1.242410112172365189e-02
-4.076394811272621155e-02
2.750195935368537903e-02
-1.009511947631835938e-01
-1.164433807134628296e-01
-2.598113194108009338e-02
-5.953902378678321838e-02
4.230516403913497925e-02
-2.186831384897232056e-01
4.547816514968872070e-02
-1.270400285720825195e-01
3.750840201973915100e-02
-5.151012539863586426e-02
4.786312207579612732e-02
8.328807353973388672e-02
1.405964046716690063e-01
3.350620344281196594e-02
-1.483419686555862427e-01
1.486631035804748535e-01
5.094306543469429016e-02
-1.509048938751220703e-01
-2.764558605849742889e-02
-5.408120341598987579e-03
-1.861117482185363770e-01
2.954950183629989624e-02
-1.417219936847686768e-01
-4.955987911671400070e-03
-1.288842409849166870e-01
2.611828409135341644e-02
-2.489125728607177734e-01
-1.658295392990112305e-01
-1.547625511884689331e-01
-5.599703639745712280e-02
-1.921296417713165283e-01
-2.310873940587043762e-02
1.070884540677070618e-01
-1.358420550823211670e-01
-1.364450603723526001e-01
-1.019881144165992737e-01
-1.343263238668441772e-01
-5.668630450963973999e-02
-7.054310292005538940e-02
-4.515464976429939270e-02
-1.146037355065345764e-01
-5.079491809010505676e-02
-1.242013499140739441e-01
5.479228869080543518e-02
-1.180985793471336365e-01
-7.449550926685333252e-02
2.548621781170368195e-02
9.275341033935546875e-02
-7.505810260772705078e-02
7.981697469949722290e-02
-1.337440013885498047e-01
1.601049900054931641e-01
-1.928658969700336456e-02
-1.000431254506111145e-01
4.343038052320480347e-02
4.077095538377761841e-02
2.798294089734554291e-02
-1.334008127450942993e-01
1.439566165208816528e-01
-3.039711341261863708e-02
-2.649742960929870605e-01
-1.949234865605831146e-02
-1.028549224138259888e-01
1.649938710033893585e-02
4.556315392255783081e-02
5.524943396449089050e-02
-3.864917904138565063e-02
-5.677102506160736084e-02
7.914517819881439209e-02
-4.030993953347206116e-02
2.310043014585971832e-02
2.802884764969348907e-02
1.223803088068962097e-01
-7.033007591962814331e-02
-1.387162953615188599e-01
-3.718059062957763672e-01
-2.661287784576416016e-01
-4.766055569052696228e-02
-3.635564446449279785e-02
-2.911032736301422119e-01
-3.423628509044647217e-01
-2.439527539536356926e-03
-6.715235114097595215e-02
-3.380275964736938477e-01
-2.806328050792217255e-02
-1.040733978152275085e-01
3.307254612445831299e-02
3.863534331321716309e-02
9.378725290298461914e-02
1.417644619941711426e-01
-1.295153349637985229e-01
5.871678143739700317e-02
-6.330448389053344727e-02
-2.047196477651596069e-01
-1.539582908153533936e-01
4.138899035751819611e-03
-1.029776707291603088e-01
8.484444022178649902e-02
-1.198968887329101562e-01
-2.277473211288452148e-01
3.250535205006599426e-02
5.224896967411041260e-02
-6.270311027765274048e-02
-1.259079426527023315e-01
-4.681760817766189575e-02
1.255572438240051270e-01
2.078777104616165161e-01
-1.369416415691375732e-01
1.066879704594612122e-01
4.449556395411491394e-02
3.400489315390586853e-02
-4.919976368546485901e-02
-8.892124891281127930e-02
-3.482304140925407410e-02
1.592208743095397949e-01
4.645451903343200684e-02
-1.004873886704444885e-01
7.916183024644851685e-02
3.526819124817848206e-02
4.257284849882125854e-02
-1.877279765903949738e-02
-1.384623944759368896e-01
-9.890964627265930176e-02
-1.440353542566299438e-01
-7.607425004243850708e-02
-5.888435407541692257e-04
1.451830416917800903e-01
-7.037012279033660889e-02
-2.114604562520980835e-01
-1.976494938135147095e-01
-3.999882191419601440e-02
-1.813871972262859344e-02
-8.273173123598098755e-02
-1.801835931837558746e-02
-9.335782378911972046e-03
2.838322333991527557e-02
-5.259075760841369629e-02
-2.294048853218555450e-02
-6.294756382703781128e-02
-3.814953938126564026e-02
-1.175783574581146240e-01
5.105142667889595032e-02
-1.422702372074127197e-01
-3.627416491508483887e-02
-7.374201714992523193e-02
-1.404547244310379028e-01
-3.343507647514343262e-02
-1.026729866862297058e-01
-2.049276679754257202e-01
-8.108144253492355347e-02
-6.344895064830780029e-02
-2.240329831838607788e-01
-7.906146347522735596e-02
-1.089562028646469116e-01
6.370311230421066284e-02
-1.192424260079860687e-02
-7.865727692842483521e-02
1.634777337312698364e-02
5.978470295667648315e-02
-6.802734569646418095e-04
-1.413668990135192871e-01
-3.279934078454971313e-02
2.492416463792324066e-02
-3.970611467957496643e-02
3.291310369968414307e-02
-9.408050030469894409e-02
-1.470509767532348633e-01
-1.699353009462356567e-01
9.050052613019943237e-02
2.563986461609601974e-03
1.823313161730766296e-02
-8.104759454727172852e-02
-2.621347457170486450e-02
-1.563801318407058716e-01
-2.615178376436233521e-02
-2.509393170475959778e-02
-6.197746098041534424e-02
-1.502481251955032349e-01
-6.433211266994476318e-02
-2.437465488910675049e-01
-7.786846160888671875e-02
-6.998592987656593323e-03
-3.466835618019104004e-02
-6.415196228772401810e-03
-2.021960914134979248e-01
5.959859583526849747e-03
-1.651623845100402832e-01
8.595539629459381104e-02
-5.270224809646606445e-02
-6.583441048860549927e-03
3.259927779436111450e-02
1.863492429256439209e-01
5.556053668260574341e-02
-1.245439499616622925e-01
-1.822553202509880066e-02
8.748123794794082642e-02
1.880290955305099487e-01
4.306568205356597900e-02
-5.776243750005960464e-03
1.027913540601730347e-01
8.838693797588348389e-02
6.849145889282226562e-02
-3.372782096266746521e-02
-7.127477228641510010e-02
-2.328248880803585052e-02
1.779633164405822754e-01
-4.443047568202018738e-03
9.318635612726211548e-02
4.028306528925895691e-02
4.750691354274749756e-02
-7.107185572385787964e-02
8.722317218780517578e-02
-1.394567042589187622e-01
-8.988182246685028076e-02
1.370255053043365479e-01
1.232231557369232178e-01
-9.121082723140716553e-02
-6.003381311893463135e-02
4.484432563185691833e-02
6.487426161766052246e-02
-1.529140472412109375e-01
1.043959558010101318e-01
-9.472245723009109497e-02
1.228750348091125488e-01
-1.969738304615020752e-02
-2.500976552255451679e-04
-1.829002648591995239e-01
-1.254148595035076141e-02
9.370488673448562622e-02
1.168340668082237244e-01
1.614766269922256470e-01
1.314114183187484741e-01
-3.430077433586120605e-02
1.529497355222702026e-01
1.368474364280700684e-01
-3.387064486742019653e-02
1.012198328971862793e-01
-1.038434542715549469e-02
1.639538854360580444e-01
-6.741743069142103195e-03
1.525186747312545776e-01
1.705177724361419678e-01
-7.589920610189437866e-02
8.172850310802459717e-02
-9.473949670791625977e-02
1.079868897795677185e-01
9.653628803789615631e-03
6.386806070804595947e-02
-6.180025637149810791e-02
-6.420248746871948242e-02
-9.311715513467788696e-02
-6.082393974065780640e-02
-3.065993543714284897e-03
-2.283122241497039795e-01
-5.653638020157814026e-02
-5.487222597002983093e-02
-8.167865872383117676e-02
-1.873804479837417603e-01
1.095433980226516724e-01
-7.802417129278182983e-02
-2.480723708868026733e-01
-1.155687421560287476e-01
-3.538805758580565453e-03
-2.370056323707103729e-02
-2.488589659333229065e-02
-1.322156190872192383e-01
-5.041103810071945190e-02
3.761620447039604187e-02
-1.025971490889787674e-02
5.055212602019309998e-02
1.006959453225135803e-01
-4.534243792295455933e-02
8.466730266809463501e-02
-7.283039391040802002e-03
-3.842687979340553284e-02
4.898471385240554810e-02
-1.600583046674728394e-01
-4.851922765374183655e-02
-1.643402725458145142e-01
-1.907340884208679199e-01
3.022050252184271812e-03
-9.520037472248077393e-02
-1.580650806427001953e-01
4.589556530117988586e-02
2.720286883413791656e-02
-1.581092923879623413e-01
-1.953918933868408203e-01
-2.251942455768585205e-01
-6.323983520269393921e-02
-5.869306996464729309e-02
-1.376242935657501221e-01
-1.381521020084619522e-02
-1.015733629465103149e-01
-1.259367614984512329e-01
-9.061300009489059448e-02
-3.700753301382064819e-02
5.124240368604660034e-02
-1.792684048414230347e-01
-6.927531957626342773e-02
-1.610950082540512085e-01
-1.393236815929412842e-01
-8.471303433179855347e-02
-3.335474058985710144e-02
-1.597788333892822266e-01
-1.889051795005798340e-01
-1.969963461160659790e-01
3.760262951254844666e-02
-6.128999218344688416e-02
-9.811290539801120758e-03
3.784801438450813293e-02
6.053281575441360474e-02
1.162264645099639893e-01
-1.923081427812576294e-01
7.722125388681888580e-03
-7.205110043287277222e-02
-1.509549319744110107e-01
-1.626419425010681152e-01
-6.284812092781066895e-02
-2.790693044662475586e-01
1.598488688468933105e-01
1.289994176477193832e-02
9.099955856800079346e-02
8.729360252618789673e-02
-5.193572118878364563e-02
5.235501565039157867e-03
1.125746071338653564e-01
1.552054006606340408e-02
6.700164638459682465e-03
-4.102083621546626091e-04
-5.365260690450668335e-02
-1.163712143898010254e-01
-2.962557077407836914e-01
-3.682307600975036621e-01
4.594507068395614624e-02
5.875264760106801987e-03
-1.644505709409713745e-01
-3.221253156661987305e-01
8.891256898641586304e-02
-1.029781904071569443e-02
-4.110049605369567871e-01
5.518662184476852417e-02
1.169094219803810120e-01
-9.426847100257873535e-02
6.391791254281997681e-02
1.537772864103317261e-01
6.293592602014541626e-02
2.219173498451709747e-02
9.535016864538192749e-02
1.559854149818420410e-01
1.206974461674690247e-01
-2.496681958436965942e-01
-2.869723439216613770e-01
4.821570962667465210e-02
-6.287277489900588989e-02
1.977893561124801636e-01
-9.738839417695999146e-02
1.077716648578643799e-01
6.295295804738998413e-02
-1.632432825863361359e-02
9.125065803527832031e-02
1.273376941680908203e-01
5.400249734520912170e-02
-3.116983734071254730e-02
-1.141530647873878479e-01
-1.316709164530038834e-02
3.388681635260581970e-02
-1.116710305213928223e-01
9.473133087158203125e-02
-3.636306524276733398e-02
-1.714384369552135468e-02
-2.161424048244953156e-02
2.101420052349567413e-02
1.256925314664840698e-01
1.217037141323089600e-01
-4.430231824517250061e-02
1.320703178644180298e-01
-6.172130815684795380e-03
-2.944862544536590576e-01
-1.128758862614631653e-01
-2.007200568914413452e-01
-8.210983127355575562e-02
2.941572070121765137e-01
6.692153960466384888e-02
7.577863335609436035e-02
1.728097498416900635e-01
-8.371727541089057922e-03
-3.653426468372344971e-02
4.315196722745895386e-02
1.784952580928802490e-01
-4.520407319068908691e-02
1.325375139713287354e-01
6.514183431863784790e-02
1.935734450817108154e-01
-4.224263131618499756e-02
1.326754689216613770e-02
-6.977825611829757690e-02
9.957122802734375000e-02
1.072584390640258789e-01
9.863707423210144043e-02
-2.765168249607086182e-02
3.898756951093673706e-02
1.224850192666053772e-01
1.252761855721473694e-02
1.034317538142204285e-01
9.416399151086807251e-02
1.480639278888702393e-01
9.835754334926605225e-02
4.007994383573532104e-02
1.005448475480079651e-01
3.998040780425071716e-02
5.639868602156639099e-02
-3.557439520955085754e-02
-1.424515619874000549e-02
1.986816823482513428e-01
1.798651367425918579e-01
1.150460727512836456e-02
2.479030787944793701e-01
-3.598041459918022156e-02
1.242433786392211914e-01
1.082519069314002991e-01
-5.410367995500564575e-02
-6.869395822286605835e-02
1.255773603916168213e-01
9.016712009906768799e-02
-7.556147174909710884e-04
1.721405237913131714e-01
1.097604259848594666e-01
-1.170991454273462296e-02
2.699046023190021515e-02
2.196830064058303833e-01
-1.329434514045715332e-01
1.126932073384523392e-02
1.772509329020977020e-02
9.505295008420944214e-02
1.329459995031356812e-01
2.831507660448551178e-02
-2.537008374929428101e-02
1.674268990755081177e-01
8.641493320465087891e-02
-5.947272107005119324e-02
-1.149217505007982254e-02
2.207616269588470459e-01
4.364887997508049011e-02
5.247924104332923889e-02
1.608403325080871582e-01
-1.196545138955116272e-01
1.398644596338272095e-01
-2.516182065010070801e-01
-9.370399266481399536e-02
-2.241073176264762878e-02
2.447026968002319336e-01
1.239051595330238342e-01
-6.708218902349472046e-02
9.413176029920578003e-02
1.242435723543167114e-02
6.498969346284866333e-02
8.925557136535644531e-02
-1.146330311894416809e-01
1.898966878652572632e-01
1.720655858516693115e-01
1.544793546199798584e-01
-2.014680393040180206e-02
-2.035846561193466187e-02
1.839510500431060791e-01
5.599837005138397217e-02
9.338142722845077515e-02
8.864825218915939331e-02
1.437533199787139893e-01
-5.794868990778923035e-02
-1.099554896354675293e-01
-6.539332866668701172e-02
-2.070778459310531616e-01
7.659418042749166489e-03
-7.165673188865184784e-03
-7.307583093643188477e-02
4.888725653290748596e-02
-1.822950094938278198e-01
-5.761464312672615051e-02
7.304306328296661377e-02
7.996365427970886230e-02
-1.170705333352088928e-01
-1.124352216720581055e-02
-7.723091170191764832e-03
-6.265718489885330200e-02
-1.136015579104423523e-01
-7.030683755874633789e-02
-2.952850759029388428e-01
-2.264788150787353516e-01
1.062886640429496765e-01
-1.911007761955261230e-01
-4.427957348525524139e-03
-6.214373186230659485e-02
-8.008585870265960693e-02
7.319051027297973633e-02
-1.017712727189064026e-01
-2.585067749023437500e-01
-2.023520767688751221e-01
9.283363819122314453e-02
-1.185611337423324585e-01
-1.788275241851806641e-01
-1.545696109533309937e-01
3.866429254412651062e-02
-1.451333463191986084e-01
3.118484281003475189e-02
1.357603631913661957e-02
2.961310930550098419e-02
8.619299530982971191e-02
-2.113868948072195053e-03
7.722742855548858643e-02
-2.582204639911651611e-01
-1.132395714521408081e-01
-6.443506479263305664e-02
7.843394577503204346e-02
-1.170004066079854965e-02
2.258129417896270752e-01
-2.295071631669998169e-01
1.504773367196321487e-02
4.457195103168487549e-02
-6.119030341506004333e-02
-2.933320589363574982e-02
-8.864139765501022339e-02
6.073853373527526855e-02
-4.919486492872238159e-02
-1.018199920654296875e-01
-4.137826710939407349e-02
-1.441904809325933456e-02
-6.768034305423498154e-03
-5.216734856367111206e-02
1.594520919024944305e-02
4.912474751472473145e-02
2.637215144932270050e-02
3.135510906577110291e-02
7.635328918695449829e-02
-1.886533014476299286e-02
-8.345309644937515259e-03
-9.442041814327239990e-02
-8.502516895532608032e-02
-1.104591786861419678e-02
-2.328691482543945312e-01
-1.707315444946289062e-02
-3.981063887476921082e-02
-1.826915740966796875e-01
-1.420432329177856445e-02
-1.217091307044029236e-01
-7.909737527370452881e-02
2.030015923082828522e-02
1.844207942485809326e-02
-9.660759009420871735e-03
-9.518910199403762817e-02
-1.127967610955238342e-01
2.343510277569293976e-02
-2.890410088002681732e-02
-1.668896824121475220e-01
-6.575468927621841431e-02
-8.839687705039978027e-02
-1.142373308539390564e-02
-3.022965975105762482e-02
-2.505383193492889404e-01
-9.663481265306472778e-02
6.267102062702178955e-02
-8.414179831743240356e-02
-1.723522543907165527e-01
-1.461126506328582764e-01
1.850240118801593781e-02
-2.495864331722259521e-01
7.668509613722562790e-03
1.154320985078811646e-01
5.059947259724140167e-03
-6.961858272552490234e-02
-2.607003748416900635e-01
-4.228922724723815918e-02
-2.652091383934020996e-01
-1.689673513174057007e-01
-1.096443533897399902e-01
-1.700450778007507324e-01
-1.179426256567239761e-02
-4.130018875002861023e-02
-1.004314497113227844e-01
-1.831101998686790466e-02
-2.091370522975921631e-01
-1.679884968325495720e-03
1.157844215631484985e-01
-3.170805573463439941e-01
-3.554749116301536560e-02
1.850726548582315445e-03
-4.061010852456092834e-02
2.942228689789772034e-02
-4.478787630796432495e-02
4.440279677510261536e-03
6.641321629285812378e-02
4.827649518847465515e-02
-1.776803731918334961e-01
8.050124347209930420e-02
-6.244465336203575134e-02
4.398313537240028381e-02
1.750339008867740631e-02
-1.099729612469673157e-01
-8.333257585763931274e-02
9.838528931140899658e-02
-1.486269533634185791e-01
5.104221776127815247e-02
-5.921168625354766846e-02
-2.257798761129379272e-01
-2.331195771694183350e-02
2.685274183750152588e-02
1.333020976744592190e-03
-1.535853147506713867e-01
-2.708335518836975098e-01
1.057770773768424988e-01
2.578601939603686333e-03
-8.783961832523345947e-02
8.358623832464218140e-02
-1.141610592603683472e-01
-9.028200805187225342e-02
-4.170185700058937073e-02
7.070427387952804565e-02
1.279292553663253784e-01
-3.065422922372817993e-02
-1.106922165490686893e-03
1.015495806932449341e-01
-8.720964193344116211e-02
-1.904035657644271851e-01
1.500211507081985474e-01
-2.421842887997627258e-02
7.467838376760482788e-02
-6.920024007558822632e-02
7.829608768224716187e-02
1.036353856325149536e-01
-9.024224430322647095e-02
-2.150719165802001953e-01
-1.801785826683044434e-02
3.713553771376609802e-02
-6.676709651947021484e-02
-2.326086312532424927e-01
-1.138565987348556519e-01
-2.599585056304931641e-01
-2.268526330590248108e-02
4.825068172067403793e-03
-2.300434932112693787e-02
8.103705942630767822e-02
5.721239745616912842e-02
-1.108920853585004807e-02
5.582968145608901978e-02
-4.137784615159034729e-02
3.789773955941200256e-02
-9.922505170106887817e-02
-3.476577997207641602e-02
-2.504251003265380859e-01
-2.749129012227058411e-02
-1.135457530617713928e-01
7.951763272285461426e-02
3.606476262211799622e-02
-5.787972733378410339e-02
8.835377544164657593e-02
-5.247928574681282043e-02
9.242814779281616211e-02
7.079571485519409180e-02
-7.973358035087585449e-02
-4.184127226471900940e-02
3.300174698233604431e-02
-3.261977061629295349e-02
-9.641265124082565308e-02
1.163772046566009521e-01
1.052886843681335449e-01
-1.561483591794967651e-01
-4.263798240572214127e-03
-2.082381397485733032e-01
-4.978857468813657761e-03
9.455928951501846313e-02
-2.065908312797546387e-01
-2.617942988872528076e-01
-1.015684008598327637e-01
-5.991475656628608704e-02
9.468876570463180542e-02
3.198508173227310181e-02
-5.636746436357498169e-02
9.849677979946136475e-02
2.168052196502685547e-01
-5.348099023103713989e-02
-2.961451746523380280e-02
-1.530809551477432251e-01
-1.180051118135452271e-01
1.030800193548202515e-01
1.135767772793769836e-01
1.084163188934326172e-01
-2.090618386864662170e-02
5.695404857397079468e-02
5.086120963096618652e-02
-2.325520515441894531e-01
7.126985583454370499e-03
3.248069807887077332e-02
-8.373952656984329224e-02
-4.861837625503540039e-02
4.526229749899357557e-04
1.310289353132247925e-01
-1.186313256621360779e-01
8.380428701639175415e-02
-1.031500846147537231e-01
6.093337014317512512e-02
-1.194890439510345459e-01
-2.627388536930084229e-01
9.287715703248977661e-02
-9.281376749277114868e-02
-5.496926605701446533e-03
-8.218447864055633545e-02
5.444549024105072021e-02
4.056598991155624390e-02
-1.161922365427017212e-01
6.126070767641067505e-02
-7.324226200580596924e-02
4.270893335342407227e-02
-4.366777092218399048e-02
1.233893334865570068e-01
-6.877338141202926636e-02
-1.215790361166000366e-01
-3.284320831298828125e-01
-2.383345812559127808e-01
-5.135116353631019592e-02
-1.023542284965515137e-01
-2.401433736085891724e-01
-3.394409418106079102e-01
1.027094986056908965e-04
-7.175816595554351807e-02
-1.623319983482360840e-01
-1.379668526351451874e-02
3.150225430727005005e-02
-1.099801287055015564e-01
-8.476731926202774048e-02
4.628954455256462097e-02
9.907618165016174316e-02
6.128980964422225952e-02
3.282519429922103882e-02
-6.450022011995315552e-02
-8.365461975336074829e-02
-3.015890158712863922e-02
-1.310871541500091553e-01
-7.644186913967132568e-02
-9.191202372312545776e-02
8.974286168813705444e-02
-4.274202883243560791e-02
-5.295749753713607788e-02
-5.153822153806686401e-02
-9.048727154731750488e-02
7.183064520359039307e-02
-7.693641632795333862e-02
-9.452390670776367188e-02
1.445015817880630493e-01
-1.367183327674865723e-01
-3.277382999658584595e-02
6.213454157114028931e-02
-6.269159168004989624e-02
-1.144349724054336548e-01
-3.356293309479951859e-03
1.096626520156860352e-01
1.449194699525833130e-01
2.366168797016143799e-02
1.177505939267575741e-03
1.358349714428186417e-02
-9.336210787296295166e-02
-4.675481095910072327e-02
-4.650350287556648254e-02
6.606288999319076538e-02
7.782755047082901001e-02
4.621252790093421936e-02
-8.910283446311950684e-02
9.140407294034957886e-02
5.659380927681922913e-02
1.352945268154144287e-01
1.782613992691040039e-02
-8.912633359432220459e-02
-2.256833165884017944e-01
-1.256376355886459351e-01
2.629327774047851562e-02
-7.055391371250152588e-02
3.591277450323104858e-02
9.570606052875518799e-03
-3.907929174602031708e-03
-2.003408968448638916e-01
7.395482063293457031e-02
-9.136749804019927979e-02
-1.439621448516845703e-01
5.389944463968276978e-02
4.630426689982414246e-02
-9.400060027837753296e-02
-5.833333358168601990e-02
-4.575636982917785645e-02
-1.639443337917327881e-01
8.323431760072708130e-02
-4.120439663529396057e-02
-1.055654361844062805e-01
-1.300817588344216347e-03
-5.852082371711730957e-02
-1.201074346899986267e-01
-4.397148266434669495e-02
6.706110388040542603e-02
-1.265219151973724365e-01
-1.479621976613998413e-01
2.007549861446022987e-03
-1.148270890116691589e-01
9.774563461542129517e-02
8.056246489286422729e-02
1.026502922177314758e-01
-9.129758109338581562e-04
1.451166868209838867e-01
8.666753768920898438e-02
5.510681774467229843e-03
3.233390673995018005e-02
1.525545120239257812e-01
3.227918222546577454e-02
6.443290505558252335e-03
7.933875173330307007e-02
-5.726969987154006958e-02
-5.540626868605613708e-02
1.184375360608100891e-01
1.223703399300575256e-01
1.305080018937587738e-02
5.609829444438219070e-03
1.580198258161544800e-01
9.525532275438308716e-02
-4.160335659980773926e-02
-1.030060797929763794e-01
-6.262724101543426514e-02
-4.914285242557525635e-02
-1.945932209491729736e-01
5.973773077130317688e-03
1.190401986241340637e-01
1.460486650466918945e-02
2.608435228466987610e-02
-1.613975316286087036e-01
1.516677588224411011e-01
1.169749498367309570e-01
8.396168798208236694e-02
-7.458885759115219116e-02
-2.524268999695777893e-02
-4.260757565498352051e-02
2.006255388259887695e-01
6.075258925557136536e-02
-5.219705402851104736e-02
8.052429556846618652e-02
1.452380120754241943e-01
-5.527338013052940369e-02
-8.322123438119888306e-02
3.911215066909790039e-02
3.876825422048568726e-02
-1.460420936346054077e-01
-1.480287127196788788e-02
-1.438280642032623291e-01
-1.196791902184486389e-01
-6.087624281644821167e-02
-3.458623215556144714e-02
2.617856673896312714e-02
-1.088910028338432312e-01
6.231832876801490784e-02
-3.902384638786315918e-02
-1.074817553162574768e-01
1.553320735692977905e-01
6.425726413726806641e-02
-1.530165523290634155e-01
3.355699405074119568e-02
-6.504094600677490234e-02
6.672266870737075806e-02
1.933072656393051147e-01
8.030839264392852783e-02
-3.213095664978027344e-02
2.000045031309127808e-01
-1.656147986650466919e-01
-2.591971494257450104e-02
-8.894320577383041382e-02
-9.814471937716007233e-03
-3.034283220767974854e-01
2.566474080085754395e-01
2.711102366447448730e-01
2.684606052935123444e-02
1.365861445665359497e-01
6.718540191650390625e-02
-1.391321420669555664e-01
-2.070538848638534546e-01
1.541613638401031494e-01
-1.901598647236824036e-02
1.256905198097229004e-01
1.177251264452934265e-01
1.057120189070701599e-01
-4.884286224842071533e-02
1.391599178314208984e-01
-1.627806387841701508e-02
-2.382645942270755768e-02
-1.245065852999687195e-01
-1.258770227432250977e-01
-3.854781016707420349e-02
3.158878162503242493e-02
7.293618284165859222e-03
6.464834511280059814e-02
1.005890965461730957e-02
-1.130103971809148788e-02
-8.682363480329513550e-02
-1.598860919475555420e-01
-1.655724644660949707e-01
6.389956921339035034e-02
1.989324344322085381e-03
-2.633109688758850098e-03
-1.931544244289398193e-01
-8.172491937875747681e-02
-2.556524053215980530e-02
-1.473373770713806152e-01
-1.247594412416219711e-02
1.935422979295253754e-02
-5.587813258171081543e-02
1.810566782951354980e-01
1.732698380947113037e-01
-1.497277915477752686e-01
1.319896131753921509e-01
2.041554301977157593e-01
1.972102671861648560e-01
9.569115936756134033e-02
3.080752678215503693e-02
3.917292878031730652e-02
-8.472163230180740356e-02
1.067268848419189453e-01
4.759258031845092773e-02
-1.759191006422042847e-01
-4.482693970203399658e-02
-1.038508936762809753e-01
-6.772385537624359131e-02
1.265192627906799316e-01
-8.411554619669914246e-03
-1.109325140714645386e-01
-1.713403612375259399e-01
-9.764936566352844238e-02
-8.014492690563201904e-02
3.150671720504760742e-02
-4.803678393363952637e-02
1.149876415729522705e-01
1.204958558082580566e-02
-1.096575632691383362e-01
-1.288376897573471069e-01
-1.676502525806427002e-01
1.512129455804824829e-01
2.671662904322147369e-02
-6.943885982036590576e-02
-1.127918884158134460e-01
4.101770371198654175e-02
4.843484237790107727e-02
-9.021859616041183472e-02
-7.295572757720947266e-02
-5.690460279583930969e-02
6.463383138179779053e-02
-1.851573772728443146e-02
1.942302472889423370e-02
-2.941405028104782104e-02
-1.047294214367866516e-01
-8.147696405649185181e-02
3.952795639634132385e-02
-1.343296468257904053e-02
5.385799799114465714e-03
3.268762677907943726e-02
-6.843149662017822266e-02
-1.639143824577331543e-01
-1.472350656986236572e-01
-1.282902210950851440e-01
-1.879693567752838135e-01
-4.002290312200784683e-03
1.638066954910755157e-02
6.766996812075376511e-03
-5.615325272083282471e-02
-8.879654109477996826e-02
-6.500703096389770508e-02
-2.072981446981430054e-01
-1.777812652289867401e-02
1.770705543458461761e-02
-2.687580510973930359e-02
-1.282313317060470581e-01
-1.312007904052734375e-01
-6.178847327828407288e-02
-3.763395547866821289e-02
1.443724147975444794e-02
-9.824609011411666870e-02
-1.073455289006233215e-01
-2.956898137927055359e-02
-1.776626110076904297e-01
-1.454634815454483032e-01
4.327904805541038513e-02
-7.451251614838838577e-03
-2.416729927062988281e-02
-9.543343633413314819e-02
3.591286391019821167e-02
-1.815472394227981567e-01
-1.418081820011138916e-01
7.437006570398807526e-03
-3.306164965033531189e-02
3.648814558982849121e-02
-1.243321895599365234e-01
-1.604740917682647705e-01
-7.195460051298141479e-02
-9.998852759599685669e-02
-1.557551790028810501e-02
-2.375861071050167084e-02
-4.899292811751365662e-02
7.640541344881057739e-02
-1.633619815111160278e-01
-1.491716355085372925e-01
-4.525870457291603088e-02
-1.091263964772224426e-01
-1.613993197679519653e-01
4.294867441058158875e-02
1.296883914619684219e-02
-8.468274027109146118e-02
-1.339361220598220825e-01
-1.810841113328933716e-01
-1.527337431907653809e-01
-8.257474005222320557e-02
-7.269390672445297241e-02
-1.637090891599655151e-01
-7.813595235347747803e-03
3.493208810687065125e-02
-2.473903447389602661e-02
-4.781692475080490112e-02
-1.648812927305698395e-02
-2.065381854772567749e-01
-1.121105700731277466e-01
-1.759129911661148071e-01
-1.183718349784612656e-02
-1.072275787591934204e-01
-8.311221748590469360e-02
-2.033194750547409058e-01
-4.271622374653816223e-02
-5.555222183465957642e-02
8.626212179660797119e-02
4.771127551794052124e-02
-1.542296707630157471e-01
-5.397942289710044861e-02
-1.067555174231529236e-01
7.469659298658370972e-02
8.756638318300247192e-02
-1.213186904788017273e-01
-1.487123519182205200e-01
-8.628351241350173950e-02
-4.831318929791450500e-02
-6.016147509217262268e-02
5.532046034932136536e-02
-1.095528155565261841e-01
7.820659875869750977e-02
1.516181528568267822e-01
-1.397839933633804321e-01
-1.678486354649066925e-02
5.689549446105957031e-02
-1.807510256767272949e-01
-4.996997769922018051e-03
-1.034261882305145264e-01
1.440601497888565063e-01
1.153044681996107101e-02
1.202238351106643677e-01
1.067181900143623352e-01
-4.508605599403381348e-02
-1.842425614595413208e-01
1.490311920642852783e-01
8.997543901205062866e-02
-1.179782599210739136e-01
-3.820154070854187012e-02
7.443171739578247070e-02
-1.509663462638854980e-01
-1.867056638002395630e-01
6.660522520542144775e-02
-2.279161512851715088e-01
-8.551215752959251404e-03
-3.295710682868957520e-02
-1.223146393895149231e-01
-1.011058781296014786e-02
-1.855250261723995209e-02
-9.826248139142990112e-02
-1.100732907652854919e-01
-1.308004558086395264e-02
-8.195393532514572144e-02
-4.133044928312301636e-02
-9.316070377826690674e-02
5.764308199286460876e-02
-2.039227783679962158e-01
4.473895579576492310e-02
-4.207342863082885742e-02
-1.882111281156539917e-01
-6.445705145597457886e-02
-1.446206271648406982e-01
8.056180179119110107e-02
-2.796998061239719391e-02
2.874539233744144440e-03
-2.496113441884517670e-02
-2.667965590953826904e-01
-8.360830694437026978e-02
1.659953221678733826e-02
-6.787982583045959473e-02
-1.179096773266792297e-01
-6.258418411016464233e-02
-1.918398141860961914e-01
-8.033543080091476440e-02
6.291280686855316162e-02
-2.166534028947353363e-02
-2.295082211494445801e-01
-1.025490537285804749e-01
-5.333409085869789124e-02
6.894046813249588013e-02
7.680115289986133575e-03
1.113700345158576965e-01
-1.519239991903305054e-01
-7.497736811637878418e-02
2.077140845358371735e-02
1.070902775973081589e-02
6.742802262306213379e-02
2.857532165944576263e-02
-4.674204066395759583e-02
1.324435323476791382e-02
9.044090658426284790e-02
-8.955911546945571899e-02
-6.550365127623081207e-03
8.178628049790859222e-03
8.506350964307785034e-02
-1.290226876735687256e-01
5.134003609418869019e-02
1.051892042160034180e-01
-1.036079227924346924e-01
-2.354187071323394775e-01
-1.505514681339263916e-01
7.922565564513206482e-03
-3.288850188255310059e-02
-3.759111091494560242e-02
-4.385209828615188599e-02
-1.418618019670248032e-02
-6.415539234876632690e-02
-6.269809324294328690e-03
-1.730100065469741821e-01
-1.361296325922012329e-02
-9.263064712285995483e-02
5.661595612764358521e-02
8.849649131298065186e-02
4.378598183393478394e-02
-2.404832094907760620e-01
6.027732975780963898e-03
-3.198146820068359375e-02
3.760002553462982178e-02
-1.177918910980224609e-01
-9.652206301689147949e-02
5.205625295639038086e-02
-8.586207777261734009e-02
-5.701772868633270264e-02
4.720059037208557129e-02
6.121848896145820618e-02
7.067235559225082397e-02
-8.412518352270126343e-02
-9.188409149646759033e-02
-1.470223814249038696e-01
-1.944750994443893433e-01
3.272939100861549377e-02
-9.254467487335205078e-02
-9.319886565208435059e-02
-8.948604017496109009e-02
-1.984506659209728241e-02
2.831453680992126465e-01
-1.564638018608093262e-01
-1.397174447774887085e-01
7.650925219058990479e-02
1.471923198550939560e-02
4.650079179555177689e-03
-1.228713095188140869e-01
1.579879671335220337e-01
5.046727880835533142e-02
1.256551146507263184e-01
8.598974347114562988e-02
8.257473260164260864e-02
1.159709505736827850e-02
1.363071054220199585e-01
5.242675915360450745e-02
-3.945489972829818726e-02
1.085907816886901855e-01
2.419146001338958740e-01
-3.995576873421669006e-02
7.975313812494277954e-02
-6.891679018735885620e-03
-2.764802612364292145e-02
6.910232454538345337e-02
2.756919153034687042e-02
-1.349675059318542480e-01
2.386263757944107056e-01
1.188729852437973022e-01
9.488389641046524048e-02
-1.849661320447921753e-01
-6.852049380540847778e-02
-9.355334937572479248e-02
1.033110767602920532e-01
4.406250268220901489e-02
1.001833900809288025e-01
5.305824056267738342e-02
6.217690184712409973e-02
-6.847228854894638062e-02
5.422150716185569763e-02
2.401124313473701477e-02
-7.311806082725524902e-02
-4.757797718048095703e-02
1.565590053796768188e-01
6.612671911716461182e-02
-1.410347074270248413e-01
8.738288283348083496e-02
-3.278482705354690552e-02
7.770629972219467163e-02
-1.818918436765670776e-01
-4.875094443559646606e-02
1.435832679271697998e-01
-2.759393677115440369e-02
3.346652910113334656e-02
1.677164882421493530e-01
1.459334194660186768e-01
-1.533924695104360580e-02
-7.557575404644012451e-02
-4.227314144372940063e-02
5.166938528418540955e-03
-1.528046838939189911e-02
1.249940022826194763e-01
1.262765526771545410e-01
9.991362690925598145e-02
5.360197275876998901e-02
1.422486361116170883e-02
-1.095918565988540649e-01
1.890113800764083862e-01
8.182297646999359131e-02
-1.992567675188183784e-03
1.897946447134017944e-01
7.359202951192855835e-02
1.033082157373428345e-01
-4.527038708329200745e-02
8.496493101119995117e-02
1.242983490228652954e-01
1.637044176459312439e-02
-8.917416632175445557e-02
-1.020624563097953796e-01
1.107186600565910339e-01
-6.442622840404510498e-02
-7.659678161144256592e-02
2.759864181280136108e-02
-5.640791729092597961e-02
-1.427246928215026855e-01
-1.546993702650070190e-01
-8.743871748447418213e-02
3.119881823658943176e-02
1.370029747486114502e-01
5.009473487734794617e-02
1.012375876307487488e-01
-7.159188389778137207e-02
-6.648983061313629150e-02
1.087269373238086700e-02
2.390407770872116089e-01
1.581159681081771851e-01
-3.372053802013397217e-02
-2.026039734482765198e-02
1.076898425817489624e-01
4.878470301628112793e-02
-1.045074239373207092e-01
6.531938165426254272e-02
-6.343783438205718994e-02
-4.506332799792289734e-02
5.176734924316406250e-02
-2.701905556023120880e-02
1.595147997140884399e-01
-5.041866376996040344e-02
-4.424600675702095032e-02
2.682133018970489502e-01
-7.816448062658309937e-02
-4.375061392784118652e-02
1.050137728452682495e-01
9.264969080686569214e-02
2.366770431399345398e-02
-1.168281957507133484e-01
3.805809468030929565e-02
9.190846979618072510e-02
4.788725823163986206e-02
-1.104716956615447998e-02
7.976178824901580811e-02
4.691086709499359131e-02
4.990710318088531494e-02
1.705176383256912231e-01
4.029076546430587769e-02
-7.925231009721755981e-02
-4.314741492271423340e-02
1.094209924340248108e-01
5.053706467151641846e-02
-6.881161779165267944e-02
1.454555988311767578e-01
-6.362237781286239624e-02
3.936401009559631348e-02
-3.620617836713790894e-02
-7.938221096992492676e-02
-1.154587939381599426e-01
-5.162779614329338074e-02
-8.848016709089279175e-02
1.485286056995391846e-01
-4.213560000061988831e-02
1.715134680271148682e-01
-6.467299908399581909e-02
-1.825831383466720581e-01
8.607845753431320190e-02
4.471205919981002808e-02
-8.359418809413909912e-02
1.069163978099822998e-01
4.142400622367858887e-02
-7.386865466833114624e-02
-4.845301620662212372e-03
-1.666908711194992065e-02
9.789736568927764893e-02
-6.867633759975433350e-02
7.403683662414550781e-02
-2.278577089309692383e-01
-1.816036365926265717e-02
-8.611883223056793213e-02
1.044340208172798157e-01
-2.121954411268234253e-01
-9.629652649164199829e-02
1.088029742240905762e-01
7.800652831792831421e-02
-2.007617354393005371e-01
2.315134182572364807e-02
-9.175219386816024780e-02
6.418270990252494812e-03
-6.950181722640991211e-02
-6.477510929107666016e-02
-1.648761481046676636e-01
2.779971982818096876e-04
-1.222628951072692871e-01
8.039600402116775513e-02
-1.419350621290504932e-03
-8.355946093797683716e-02
1.333517432212829590e-01
5.428741127252578735e-02
1.418769210577011108e-01
-3.300355374813079834e-02
9.138114750385284424e-03
8.114480227231979370e-02
-1.180693805217742920e-01
1.954016648232936859e-02
8.575893938541412354e-02
-7.489211857318878174e-02
3.397267078980803490e-03
-6.813652068376541138e-02
-5.105510354042053223e-02
-1.287914812564849854e-01
-9.779449552297592163e-02
1.013975515961647034e-01
3.228265792131423950e-02
5.689388886094093323e-02
6.955797225236892700e-02
1.205292120575904846e-01
2.474021613597869873e-01
-1.072902157902717590e-01
-1.038767397403717041e-01
1.605518758296966553e-01
-8.101403713226318359e-02
6.337005645036697388e-02
5.344832688570022583e-02
7.607557624578475952e-02
1.685921289026737213e-02
-4.499956220388412476e-02
9.628680348396301270e-02
1.065422147512435913e-01
-1.069144308567047119e-01
-7.939309626817703247e-02
-1.035695672035217285e-01
9.228668361902236938e-02
1.631131172180175781e-01
9.845318645238876343e-02
8.343027532100677490e-02
1.490161865949630737e-01
-5.140436068177223206e-02
-1.989347301423549652e-02
8.220161497592926025e-02
-6.522217392921447754e-02
7.453095912933349609e-02
2.750564217567443848e-01
1.648339480161666870e-01
1.032358035445213318e-01
-4.701975733041763306e-02
-1.871407032012939453e-02
3.592851012945175171e-02
6.102436780929565430e-02
-1.013772934675216675e-01
-2.602872997522354126e-02
-7.933824509382247925e-02
-1.155484765768051147e-01
-1.876700669527053833e-02
9.911966510117053986e-03
-2.483944408595561981e-02
-3.785634785890579224e-02
-9.920325875282287598e-02
-7.402925938367843628e-02
9.863637387752532959e-02
1.944672875106334686e-02
-5.179554596543312073e-02
8.126847445964813232e-02
-5.980416014790534973e-02
-5.509209260344505310e-02
3.443583473563194275e-02
1.044244095683097839e-01
-5.600469559431076050e-02
9.185253083705902100e-02
1.113840118050575256e-01
5.499102547764778137e-02
-5.062377080321311951e-02
-1.760688796639442444e-02
1.426138281822204590e-01
2.027855627238750458e-02
1.220318209379911423e-02
-7.448260206729173660e-03
-1.058154702186584473e-01
-1.087589785456657410e-01
-2.048653811216354370e-01
-1.265600025653839111e-01
1.186240911483764648e-01
-9.997604042291641235e-02
-6.190330907702445984e-02
1.664514839649200439e-01
-2.287563309073448181e-02
6.837082561105489731e-03
-7.048651576042175293e-02
1.240798830986022949e-02
-9.623174369335174561e-02
9.912910312414169312e-02
6.460843980312347412e-02
-3.578308969736099243e-02
1.601633280515670776e-01
1.107754185795783997e-01
-1.291389465332031250e-01
-1.068940013647079468e-01
5.169435590505599976e-02
-8.329758793115615845e-02
-1.402885536663234234e-03
-9.682181477546691895e-02
7.686938624829053879e-03
-5.443340539932250977e-02
4.181264713406562805e-02
-3.487109392881393433e-02
-7.830752432346343994e-02
1.061084717512130737e-01
-8.393559604883193970e-02
-2.227416029199957848e-03
-7.297910004854202271e-02
2.702145837247371674e-02
3.335288912057876587e-02
-1.127887424081563950e-02
-8.534206449985504150e-02
-2.663353225216269493e-04
1.004296392202377319e-01
-4.446951299905776978e-02
-1.884330660104751587e-01
-1.071267873048782349e-01
1.001820787787437439e-01
-2.243507951498031616e-01
6.209782883524894714e-02
-8.569703251123428345e-02
-5.716068297624588013e-02
-7.470776326954364777e-03
-1.287133842706680298e-01
-2.048190683126449585e-01
-1.239447593688964844e-01
-2.190033346414566040e-02
-5.747729912400245667e-02
-1.285032480955123901e-01
-5.009221658110618591e-02
1.188991740345954895e-01
-7.139986753463745117e-02
-4.922469705343246460e-02
-1.766619384288787842e-01
-1.554815173149108887e-01
6.880921125411987305e-02
6.319498270750045776e-02
-7.571908086538314819e-02
3.827916458249092102e-02
-2.197468429803848267e-01
-3.492316976189613342e-02
-5.447614938020706177e-02
-1.214178577065467834e-01
1.236206367611885071e-01
-2.120772451162338257e-01
-1.416880786418914795e-01
-7.713682204484939575e-02
-7.498628646135330200e-02
3.163849934935569763e-02
3.124696761369705200e-02
-1.355015486478805542e-02
-1.013147924095392227e-02
-1.039064228534698486e-01
6.292797625064849854e-02
7.644613832235336304e-02
1.555042266845703125e-01
8.383757621049880981e-02
-8.223471045494079590e-02
-7.133450359106063843e-02
1.305450648069381714e-01
-2.042414806783199310e-02
-1.308479011058807373e-01
9.316146373748779297e-02
7.895043492317199707e-02
-2.026475518941879272e-01
-1.093638036400079727e-02
-1.015739291906356812e-01
-1.610898179933428764e-04
1.837094873189926147e-02
8.860451728105545044e-02
-6.866750121116638184e-02
-9.417415410280227661e-02
-2.019861191511154175e-01
5.050383880734443665e-02
-4.293633252382278442e-02
-5.999125167727470398e-02
-3.632065653800964355e-02
-1.117263957858085632e-01
-1.029165834188461304e-01
-1.925057321786880493e-01
-1.312659829854965210e-01
3.214169293642044067e-02
-8.496360480785369873e-02
-5.067787691950798035e-02
4.268550500273704529e-02
-1.252657324075698853e-01
4.246215522289276123e-02
-1.072370260953903198e-01
-2.655850648880004883e-01
-2.283206135034561157e-01
-1.743162237107753754e-02
9.499199688434600830e-02
-4.865580797195434570e-02
-4.651249945163726807e-02
-1.056528389453887939e-01
-6.644149124622344971e-02
2.536502853035926819e-02
-1.849670261144638062e-01
-4.405841976404190063e-02
2.050050348043441772e-01
5.263042822480201721e-02
-1.534231603145599365e-01
-1.368328332901000977e-01
-2.749437689781188965e-01
2.168253809213638306e-02
-3.328213468194007874e-02
1.868463866412639618e-02
8.617481589317321777e-02
-1.966840624809265137e-01
1.329405903816223145e-01
-1.964638382196426392e-02
-2.792504727840423584e-01
-4.279753565788269043e-02
6.709151784889400005e-04
6.286273896694183350e-02
4.283444583415985107e-02
-2.047629356384277344e-01
-1.760465949773788452e-01
-5.974503979086875916e-02
7.807097584009170532e-02
-2.833524942398071289e-01
-2.637581229209899902e-01
-3.196185827255249023e-02
-1.230974048376083374e-01
-3.002065420150756836e-01
4.337522666901350021e-03
2.881213440559804440e-04
5.799892172217369080e-02
1.623084023594856262e-02
1.795545965433120728e-01
-4.942844435572624207e-02
-1.134351864457130432e-01
3.749162331223487854e-02
4.150321334600448608e-02
-1.758941449224948883e-02
-2.611151337623596191e-01
-1.961279064416885376e-01
5.315878242254257202e-02
-2.090406371280550957e-03
-1.810811087489128113e-02
-7.660754770040512085e-02
-1.599604077637195587e-02
1.797208189964294434e-02
-1.028031576424837112e-02
6.145089864730834961e-02
-6.201475113630294800e-02
-7.981218397617340088e-02
-1.070762053132057190e-01
-7.521727681159973145e-02
9.171921014785766602e-02
-1.835269182920455933e-01
8.662126213312149048e-02
6.153949350118637085e-02
-4.296275973320007324e-02
-2.393611706793308258e-02
-1.089170649647712708e-01
1.149545460939407349e-01
-3.398754820227622986e-02
-1.184681877493858337e-01
1.399158239364624023e-01
-6.193985044956207275e-02
1.479849964380264282e-01
-3.450394570827484131e-01
-1.361481994390487671e-01
-3.167918622493743896e-01
-1.105792224407196045e-01
6.517308205366134644e-02
1.742082685232162476e-01
-1.613911837339401245e-01
-1.437110751867294312e-01
-9.580934047698974609e-02
-1.126504689455032349e-02
-1.604823023080825806e-02
-5.764166638255119324e-02
1.027505770325660706e-01
9.029354155063629150e-02
1.420168131589889526e-01
-4.957155510783195496e-02
-8.980283141136169434e-02
-5.754290893673896790e-02
-9.392184019088745117e-02
-1.228181049227714539e-01
7.287497073411941528e-02
1.112976074218750000e-01
-1.378623992204666138e-01
-7.714883983135223389e-02
1.508208177983760834e-02
-1.150454282760620117e-01
4.867579042911529541e-02
-7.426051795482635498e-02
8.612974733114242554e-02
-1.201694179326295853e-02
-7.095727324485778809e-02
1.708026975393295288e-02
-1.326732486486434937e-01
6.387585401535034180e-02
1.270071715116500854e-01
-1.300623565912246704e-01
-1.791619807481765747e-01
9.289374202489852905e-02
-3.062636405229568481e-02
-6.368301063776016235e-02
-1.296358462423086166e-02
2.806246653199195862e-02
-8.684501796960830688e-02
-7.262737303972244263e-02
-8.363348990678787231e-02
-5.182201415300369263e-02
-9.463255852460861206e-02
9.260732680559158325e-02
3.257355093955993652e-02
2.781917899847030640e-02
-3.073370270431041718e-02
-2.106021717190742493e-02
1.461955625563859940e-02
-1.607137769460678101e-01
-1.685654222965240479e-01
-9.440867602825164795e-02
1.983993127942085266e-02
-1.271519213914871216e-01
-5.411989241838455200e-02
-4.312928393483161926e-02
-3.785536391660571098e-03
-2.181142866611480713e-01
-1.729344204068183899e-02
-4.588752985000610352e-02
2.458163909614086151e-02
1.500022131949663162e-02
1.070940941572189331e-01
1.741572618484497070e-01
1.224278584122657776e-01
-3.317027876619249582e-04
1.838278174400329590e-01
1.357290707528591156e-02
-6.093331612646579742e-03
-1.039320528507232666e-01
-1.390691250562667847e-01
1.151724532246589661e-01
2.629469148814678192e-02
7.648427784442901611e-02
-4.198538884520530701e-02
2.468785084784030914e-02
1.806014627218246460e-01
-9.987168014049530029e-02
3.054074756801128387e-02
-2.548895962536334991e-02
9.385966509580612183e-02
2.133009880781173706e-01
8.734470605850219727e-02
1.816415786743164062e-02
-5.853995680809020996e-02
1.043516844511032104e-01
-1.541822589933872223e-02
1.362521201372146606e-01
2.718929946422576904e-01
1.087213307619094849e-01
1.597456634044647217e-01
-1.383735537528991699e-01
1.831137537956237793e-01
-5.299954116344451904e-02
-1.378845870494842529e-01
1.074175909161567688e-01
2.669115960597991943e-01
-5.620841309428215027e-02
-4.545775800943374634e-02
2.794107794761657715e-01
7.828716188669204712e-02
-9.600580483675003052e-02
-5.118467658758163452e-02
3.122536465525627136e-02
6.630056351423263550e-02
2.115883827209472656e-01
4.689245671033859253e-02
1.075853221118450165e-02
2.846541814506053925e-02
8.737035840749740601e-02
5.660163983702659607e-02
3.364399075508117676e-02
1.922858655452728271e-01
-3.041458316147327423e-02
1.920538544654846191e-01
1.398947089910507202e-01
1.918319165706634521e-01
1.732461452484130859e-01
1.370449066162109375e-01
3.329362571239471436e-01
1.146941483020782471e-01
-2.700649946928024292e-02
-2.734886854887008667e-02
1.372341811656951904e-01
7.134468108415603638e-02
2.366031333804130554e-02
4.720935225486755371e-02
-1.114569902420043945e-01
-1.217275634407997131e-01
-9.057448059320449829e-02
-1.365502029657363892e-01
1.073386520147323608e-02
7.872749865055084229e-02
1.103453040122985840e-01
1.386221498250961304e-01
-1.203889176249504089e-01
2.005552500486373901e-01
2.446496114134788513e-02
-2.651170454919338226e-02
2.305103279650211334e-02
-1.521128118038177490e-01
-1.375400274991989136e-01
1.147559843957424164e-02
-1.419660300016403198e-01
-3.561183065176010132e-02
2.021633647382259369e-02
-8.746759593486785889e-02
-1.790398806333541870e-01
1.676534712314605713e-01
3.614886198192834854e-03
-1.817037016153335571e-01
7.943169772624969482e-02
3.144592791795730591e-02
1.004515513777732849e-01
-7.943394780158996582e-02
1.726216673851013184e-01
-9.190922230482101440e-02
4.551753029227256775e-02
7.685079425573348999e-02
1.353501807898283005e-02
-1.556114200502634048e-02
1.196697577834129333e-01
7.559480518102645874e-02
-7.326999306678771973e-02
-9.444525092840194702e-02
1.498441994190216064e-01
3.019006177783012390e-02
2.306951908394694328e-03
-5.789576470851898193e-02
-8.785708993673324585e-02
-4.065187275409698486e-02
-5.284750368446111679e-03
-4.188516736030578613e-02
-4.921287670731544495e-02
-3.146190568804740906e-02
-9.132291376590728760e-02
-3.865876793861389160e-02
-3.038170002400875092e-02
-1.177722439169883728e-01
-1.695314235985279083e-02
-1.515959799289703369e-01
-2.804035879671573639e-02
-3.891840949654579163e-02
-1.198743060231208801e-01
3.633107244968414307e-02
3.071565181016921997e-02
-3.458900749683380127e-02
-6.654758751392364502e-02
-1.312348544597625732e-01
3.622774407267570496e-02
5.719478055834770203e-02
5.963987112045288086e-02
-1.198838092386722565e-02
7.775493711233139038e-02
-1.244832053780555725e-01
1.585575565695762634e-02
-1.357893347740173340e-01
-4.079005867242813110e-02
1.169848740100860596e-01
-2.192520499229431152e-01
2.042201012372970581e-01
-1.068048551678657532e-01
3.565601631999015808e-02
-3.669992089271545410e-02
-8.558700233697891235e-02
-4.633655026555061340e-02
-1.676186802797019482e-03
-9.149542450904846191e-02
-1.377753019332885742e-01
-5.797928944230079651e-02
-1.608311664313077927e-03
-1.174754425883293152e-01
2.506219148635864258e-01
1.216157991439104080e-02
2.685807272791862488e-02
-1.490974724292755127e-01
-1.059399545192718506e-01
-5.701990425586700439e-02
-1.340561360120773315e-01
2.871577739715576172e-01
-1.266341209411621094e-01
-9.259708970785140991e-02
1.810194849967956543e-01
4.380551632493734360e-03
-1.916201114654541016e-01
6.114725396037101746e-02
1.157190129160881042e-01
-1.549837440252304077e-01
-7.512469589710235596e-02
9.792360663414001465e-02
-1.050905138254165649e-01
5.600848421454429626e-02
8.976205438375473022e-02
-8.588028699159622192e-02
-1.253571510314941406e-01
1.519878804683685303e-01
-1.944933384656906128e-01
7.954864203929901123e-02
-5.976436659693717957e-02
6.519863009452819824e-02
-5.813627317547798157e-02
4.022096469998359680e-02
-1.735317111015319824e-01
-1.665099412202835083e-01
-1.479697376489639282e-01
-1.078821998089551926e-02
-1.651924103498458862e-01
-1.148106306791305542e-01
5.738838762044906616e-02
-1.592879891395568848e-01
1.099028214812278748e-01
1.641585119068622589e-02
4.040797799825668335e-02
-2.563655003905296326e-02
-6.497529894113540649e-02
6.880249083042144775e-02
7.236886024475097656e-02
2.166260778903961182e-01
-4.737023636698722839e-02
-1.481377929449081421e-01
-1.162932440638542175e-01
7.631621323525905609e-03
1.251086294651031494e-01
-4.663714766502380371e-02
1.054736971855163574e-01
7.331087440252304077e-02
2.441253960132598877e-01
1.829897761344909668e-01
3.552439063787460327e-02
3.801309689879417419e-02
-1.082870140671730042e-01
-2.099066600203514099e-02
1.072317138314247131e-01
-1.023243144154548645e-01
1.002651900053024292e-01
8.749230206012725830e-02
-1.213341280817985535e-01
-6.864786613732576370e-03
7.383950520306825638e-03
-2.085874378681182861e-01
-1.908018738031387329e-01
-4.270394518971443176e-02
-2.186885476112365723e-01
1.221191883087158203e-01
-1.256039887666702271e-01
1.452738642692565918e-01
-2.543261274695396423e-02
-1.249234080314636230e-01
-2.538014017045497894e-02
1.098348200321197510e-01
5.327888950705528259e-02
-8.112601935863494873e-02
-8.289189077913761139e-03
-1.536477804183959961e-01
-1.313601583242416382e-01
-1.035308558493852615e-02
-5.640241503715515137e-02
-5.530366674065589905e-02
-1.079917624592781067e-01
-1.371836513280868530e-01
1.328453980386257172e-02
-4.611779935657978058e-03
3.086478635668754578e-02
-8.884282410144805908e-02
1.395552754402160645e-01
3.811328485608100891e-02
-8.858114480972290039e-02
-1.615314334630966187e-01
8.578533679246902466e-02
1.079420745372772217e-01
-2.291253507137298584e-01
-2.430226840078830719e-02
1.603398025035858154e-01
-1.652036309242248535e-01
-8.290077000856399536e-02
-2.063560485839843750e-01
2.737826704978942871e-01
6.865042448043823242e-02
1.466476619243621826e-01
1.300823986530303955e-01
3.355974331498146057e-02
1.550748012959957123e-02
1.200766786932945251e-01
8.133760094642639160e-02
3.862780332565307617e-02
1.188575406558811665e-03
-1.986521631479263306e-01
-2.778444252908229828e-02
-6.480520218610763550e-02
1.021662577986717224e-01
-4.800737649202346802e-02
-7.192459702491760254e-02
-2.309954166412353516e-02
3.396878764033317566e-02
1.238779723644256592e-02
9.968962520360946655e-02
1.212195977568626404e-01
1.178161427378654480e-01
1.000670529901981354e-02
1.391573697328567505e-01
1.492533949203789234e-03
-1.193010136485099792e-01
9.877858310937881470e-02
-8.080419898033142090e-02
-1.142070367932319641e-01
-1.780707389116287231e-02
-2.004582621157169342e-02
-1.060322374105453491e-01
9.488693624734878540e-02
-6.835465878248214722e-02
-1.365572512149810791e-01
-2.683841995894908905e-02
-1.094857230782508850e-02
5.696966126561164856e-02
2.213436178863048553e-02
1.829662770032882690e-01
1.547189056873321533e-01
-2.527973651885986328e-01
3.075512684881687164e-02
-1.435895077884197235e-02
1.296425461769104004e-01
1.363741308450698853e-01
1.498701125383377075e-01
-1.633941680192947388e-01
-4.854241758584976196e-02
7.162258028984069824e-02
1.464832872152328491e-01
2.319427020847797394e-02
5.586224794387817383e-02
8.528727293014526367e-02
1.231403425335884094e-01
2.170103639364242554e-01
4.158334434032440186e-02
3.289226815104484558e-02
1.925691813230514526e-01
4.392409324645996094e-02
8.542560040950775146e-02
1.769071072340011597e-01
-9.234491735696792603e-02
1.103806421160697937e-01
3.354946896433830261e-02
7.617385685443878174e-02
2.160117961466312408e-03
-9.339243918657302856e-02
-1.454457491636276245e-01
-2.389562577009201050e-01
-1.005412191152572632e-01
-2.593820393085479736e-01
-2.002339623868465424e-02
9.568130224943161011e-02
-1.814775913953781128e-01
-6.916802376508712769e-02
1.469092518091201782e-01
-1.818868219852447510e-01
4.326404631137847900e-02
-1.350503861904144287e-01
-8.216561377048492432e-02
9.756696410477161407e-03
-1.297470740973949432e-02
-5.537118762731552124e-02
7.321535050868988037e-02
1.165441945195198059e-01
2.220278047025203705e-02
-1.619637161493301392e-01
-5.470150709152221680e-02
-6.372815370559692383e-02
-1.719280481338500977e-01
-1.336423903703689575e-01
-6.644191686064004898e-03
-9.153479710221290588e-03
-1.962653696537017822e-01
-7.594881206750869751e-02
4.119123145937919617e-02
-7.187407929450273514e-03
7.542818039655685425e-02
-5.906648561358451843e-02
-7.491112686693668365e-03
-2.524007810279726982e-03
-1.590523570775985718e-01
6.222585216164588928e-03
-1.794912107288837433e-02
-3.762857988476753235e-02
2.771003358066082001e-02
-8.070803433656692505e-02
4.706891253590583801e-02
-8.307421952486038208e-02
-8.042594045400619507e-02
2.036740258336067200e-02
-2.638517022132873535e-01
2.226931601762771606e-02
-1.714100688695907593e-01
2.672761678695678711e-02
-2.216766178607940674e-01
-6.503669172525405884e-02
-8.262405544519424438e-02
-3.043041564524173737e-02
-2.683329582214355469e-01
-1.824124902486801147e-01
-1.796538829803466797e-01
-3.306054696440696716e-02
-2.864023670554161072e-02
-8.347794413566589355e-03
6.497567147016525269e-02
-1.540520340204238892e-01
-7.498623430728912354e-02
-2.763655595481395721e-02
-2.142669446766376495e-02
4.011835157871246338e-02
7.057428825646638870e-03
-9.768568724393844604e-02
4.615426063537597656e-02
-4.213463887572288513e-02
7.809332758188247681e-02
-1.705237925052642822e-01
-1.957092732191085815e-01
-7.538632303476333618e-02
4.394231364130973816e-03
-8.476275950670242310e-02
-2.437253892421722412e-01
-1.310957819223403931e-01
-1.740249097347259521e-01
-6.496170163154602051e-02
4.507884755730628967e-02
-1.133512631058692932e-01
3.935809060931205750e-02
-1.545102149248123169e-01
-6.641682982444763184e-02
-4.403036087751388550e-02
-1.191309988498687744e-01
-1.894915103912353516e-01
-7.105385512113571167e-02
-2.115294635295867920e-01
-4.987977445125579834e-02
-6.937321275472640991e-02
3.655327484011650085e-03
-2.283048927783966064e-01
3.470518393442034721e-03
-1.653579473495483398e-01
-1.010308638215065002e-01
-1.981967538595199585e-01
9.544243663549423218e-02
-1.245415657758712769e-01
-1.576786674559116364e-02
-8.925020694732666016e-03
-1.191917285323143005e-01
-5.713006481528282166e-02
-7.291791029274463654e-03
-8.067627251148223877e-02
3.457092493772506714e-02
1.236806958913803101e-01
-5.398506298661231995e-02
3.004792891442775726e-02
8.777156472206115723e-02
-2.843231558799743652e-01
3.331609535962343216e-03
-7.265293970704078674e-03
-9.883073717355728149e-02
1.799144595861434937e-02
-5.141926929354667664e-02
-2.561595290899276733e-02
-1.767305582761764526e-01
-5.702082067728042603e-02
-2.448385348543524742e-03
-1.555376499891281128e-01
-2.586232423782348633e-01
1.333979219198226929e-01
-1.655454784631729126e-01
1.401594877243041992e-01
-1.860675811767578125e-01
-2.065177410840988159e-01
-1.024203673005104065e-01
-2.305106520652770996e-01
-1.934823393821716309e-01
-4.027790203690528870e-02
-4.775438085198402405e-02
-1.526092141866683960e-01
4.974906146526336670e-02
7.011841237545013428e-02
9.155908972024917603e-02
-1.390700191259384155e-01
-7.335317134857177734e-02
-1.434237062931060791e-01
-8.800868690013885498e-02
-1.211776137351989746e-01
-8.727180212736129761e-02
1.160039603710174561e-01
6.051883473992347717e-02
2.078963220119476318e-01
-7.645719498395919800e-02
7.723059505224227905e-02
6.593139469623565674e-02
1.835774928331375122e-01
-1.021412760019302368e-01
1.702812612056732178e-01
2.410513609647750854e-01
5.558909848332405090e-03
-1.083805412054061890e-01
3.785721585154533386e-02
-1.641826927661895752e-01
-9.301210194826126099e-02
1.128795184195041656e-02
1.177729479968547821e-02
2.285302244126796722e-02
8.294859528541564941e-02
-4.162239283323287964e-02
-1.504621207714080811e-01
2.063713967800140381e-02
-2.345917224884033203e-01
8.277919143438339233e-03
-1.256478875875473022e-01
1.614457555115222931e-02
-4.913320764899253845e-02
-4.941582679748535156e-02
-1.308054011315107346e-02
-1.750073134899139404e-01
5.821533035486936569e-03
-1.048968136310577393e-01
-6.093821302056312561e-02
-4.398785531520843506e-02
8.787605166435241699e-02
-1.454896479845046997e-01
1.112660616636276245e-01
-1.359479576349258423e-01
-1.419387664645910263e-02
-1.210447400808334351e-01
-3.568996617104858160e-04
2.750320918858051300e-02
-4.728407133370637894e-03
-1.150682941079139709e-01
3.937543556094169617e-02
7.833121716976165771e-02
6.453832238912582397e-02
3.667756542563438416e-02
-4.517214372754096985e-02
-7.368396222591400146e-02
-1.540643423795700073e-01
-4.033878445625305176e-02
-6.922250986099243164e-02
-1.525635123252868652e-01
-1.335661411285400391e-01
-7.598169893026351929e-02
2.756992168724536896e-02
-7.125297933816909790e-02
-2.019695043563842773e-01
3.533787652850151062e-02
-1.717112958431243896e-01
-3.963039256632328033e-03
-8.829052746295928955e-02
-1.294329017400741577e-01
2.834580466151237488e-02
6.880654394626617432e-02
2.943458966910839081e-02
-4.363950341939926147e-02
-6.652808934450149536e-02
3.751773759722709656e-02
5.731976404786109924e-02
-1.009952127933502197e-01
-1.207730844616889954e-01
4.071867838501930237e-02
-1.540690809488296509e-01
-8.990494906902313232e-02
-1.196996048092842102e-01
-2.249144762754440308e-02
-6.608745455741882324e-02
-9.318463504314422607e-02
-5.612063221633434296e-03
-9.236102551221847534e-02
-7.364526391029357910e-02
-2.235862798988819122e-02
-1.424472779035568237e-01
-1.488389670848846436e-01
-1.744729131460189819e-01
-2.161138802766799927e-01
-4.523488879203796387e-02
-8.835239708423614502e-02
4.169580340385437012e-02
-4.087877646088600159e-02
-1.333748698234558105e-01
-1.397222131490707397e-01
2.535770274698734283e-02
-5.851790308952331543e-02
-1.454636454582214355e-01
-8.534099906682968140e-02
-1.082998439669609070e-01
-3.899815306067466736e-02
3.895064443349838257e-02
-1.061816662549972534e-01
-1.845244765281677246e-01
-1.743740141391754150e-01
-1.379880495369434357e-02
-2.651474438607692719e-02
6.588879972696304321e-02
-1.261178553104400635e-01
-6.180113554000854492e-02
3.533755615353584290e-02
-6.001506000757217407e-02
-4.127303138375282288e-02
9.748224169015884399e-02
-1.450066734105348587e-02
-5.872159451246261597e-02
9.965978562831878662e-02
-1.341855823993682861e-01
-5.045669153332710266e-02
4.333817958831787109e-02
-8.940665051341056824e-03
-7.494988292455673218e-02
-2.268071174621582031e-01
-6.014150008559226990e-02
-3.965466842055320740e-02
-5.749730020761489868e-02
-3.996308147907257080e-02
2.041589841246604919e-02
1.636643558740615845e-01
7.498297095298767090e-02
1.184546574950218201e-01
-1.109634619206190109e-02
-1.829475350677967072e-02
5.843536928296089172e-04
5.607596039772033691e-02
2.049144357442855835e-02
5.292735993862152100e-03
1.330333650112152100e-01
2.134229391813278198e-01
1.312419176101684570e-01
-2.650193125009536743e-02
-9.090531617403030396e-02
2.821324951946735382e-02
3.148625418543815613e-02
-9.661106765270233154e-02
-1.705703586339950562e-01
-5.741660948842763901e-03
-1.003961265087127686e-02
1.062425039708614349e-02
-1.579596996307373047e-01
-1.650347411632537842e-01
1.043386831879615784e-01
5.807532742619514465e-02
-5.283237248659133911e-02
1.467728614807128906e-01
2.284001559019088745e-02
-1.376603543758392334e-01
1.453389078378677368e-01
-4.143976420164108276e-02
-1.000145077705383301e-01
-3.566562384366989136e-02
-7.279016822576522827e-02
6.627774238586425781e-02
3.896618634462356567e-02
-6.664080917835235596e-02
1.511117666959762573e-01
-6.179145537316799164e-03
1.029128767549991608e-02
-4.993656650185585022e-02
-3.205854445695877075e-02
-5.401349067687988281e-02
1.083172708749771118e-01
4.379127547144889832e-02
6.384875625371932983e-02
1.862253993749618530e-02
6.935716420412063599e-02
-1.826650500297546387e-01
7.682225108146667480e-02
-2.230872660875320435e-01
-1.509943455457687378e-01
1.169319078326225281e-01
1.518142521381378174e-01
1.251765042543411255e-01
1.936895400285720825e-01
-6.744031608104705811e-02
-1.175459325313568115e-01
3.120491281151771545e-03
9.306565672159194946e-02
1.443358212709426880e-01
9.280969947576522827e-02
4.639863967895507812e-02
1.454846858978271484e-01
1.496097445487976074e-02
2.383868210017681122e-02
2.822425402700901031e-02
1.033960189670324326e-02
1.700775027275085449e-01
-3.999956697225570679e-02
-8.620984107255935669e-02
6.149193644523620605e-02
1.401108652353286743e-01
3.277688100934028625e-02
2.114078029990196228e-02
-1.045483723282814026e-01
-8.274117112159729004e-02
-2.651715651154518127e-02
1.729192882776260376e-01
-1.064360607415437698e-02
9.721072018146514893e-02
1.465625017881393433e-01
-8.378600329160690308e-02
-4.099889099597930908e-02
-3.159030526876449585e-02
2.937448583543300629e-02
1.582689434289932251e-01
9.654497355222702026e-02
3.166294842958450317e-02
1.129436418414115906e-01
6.743276119232177734e-02
1.405969709157943726e-01
9.998536109924316406e-02
1.389884650707244873e-01
5.935936234891414642e-03
5.518686398863792419e-02
1.618299260735511780e-02
1.189317405223846436e-01
1.029056385159492493e-01
1.544962972402572632e-01
9.499753266572952271e-02
1.544838845729827881e-01
1.311100721359252930e-01
1.250425875186920166e-01
1.855804026126861572e-01
-1.293896324932575226e-02
5.310630425810813904e-02
-9.756224602460861206e-02
9.967365860939025879e-02
8.576577156782150269e-02
3.232405707240104675e-02
1.738190054893493652e-01
7.105229049921035767e-02
2.057859487831592560e-02
-3.716136515140533447e-02
1.412966102361679077e-01
-2.251504547894001007e-02
-1.074288338422775269e-01
-2.098526656627655029e-01
-1.601644307374954224e-01
-3.494375571608543396e-02
-1.388716138899326324e-02
8.610546588897705078e-02
-2.303097546100616455e-01
3.089264035224914551e-02
-1.166075170040130615e-01
8.792313933372497559e-02
-1.971432417631149292e-01
-1.722330600023269653e-01
-1.161202490329742432e-01
4.309161100536584854e-03
-7.413787394762039185e-02
-7.140315603464841843e-03
5.306090787053108215e-02
2.901646308600902557e-02
-1.169508621096611023e-01
9.813342988491058350e-02
-1.656444668769836426e-01
9.706651791930198669e-03
-1.939576268196105957e-01
-2.172700911760330200e-01
-7.530589401721954346e-02
-3.398378789424896240e-01
7.279450446367263794e-02
-1.039111241698265076e-02
-5.376961082220077515e-02
3.433138504624366760e-02
-2.494056820869445801e-01
-2.099547088146209717e-01
1.659273356199264526e-02
-9.599683433771133423e-02
-2.171073406934738159e-01
-1.391630470752716064e-01
-1.164563093334436417e-02
-3.671598061919212341e-02
-1.354404091835021973e-01
-3.246094286441802979e-02
-1.419634968042373657e-01
-9.640088677406311035e-02
1.127498894929885864e-01
-2.706075012683868408e-01
-1.123668998479843140e-01
-6.772544234991073608e-02
-7.832909375429153442e-02
-8.578079938888549805e-02
-8.614248596131801605e-03
-1.199448183178901672e-01
-1.308235526084899902e-01
-5.028985813260078430e-02
-1.223074123263359070e-01
-9.929968416690826416e-02
-1.128825470805168152e-01
-3.039379604160785675e-02
1.707206363789737225e-03
-2.088689431548118591e-02
-1.802508533000946045e-01
9.519314765930175781e-02
-1.802117079496383667e-01
-1.240921467542648315e-01
2.702972106635570526e-02
-7.833600789308547974e-02
-1.512602418661117554e-01
-2.286071926355361938e-01
-1.636741161346435547e-01
1.767504587769508362e-02
-2.851494029164314270e-02
-1.861845958046615124e-03
-6.973888725042343140e-02
7.883241027593612671e-02
-1.058401633054018021e-02
2.458650805056095123e-02
6.595269311219453812e-03
5.293125752359628677e-03
-1.921323314309120178e-02
-4.570678621530532837e-02
9.165292233228683472e-02
-1.098804175853729248e-02
5.211269855499267578e-02
4.861498996615409851e-02
-8.860360831022262573e-02
-1.339601725339889526e-01
1.619990020990371704e-01
-1.491861324757337570e-02
-7.432027906179428101e-02
7.481749355792999268e-02
-1.622976660728454590e-01
-1.432653069496154785e-01
-1.289688199758529663e-01
-4.329587146639823914e-02
-3.986860811710357666e-02
-9.656902402639389038e-02
7.219322025775909424e-03
1.993873342871665955e-02
-2.050786167383193970e-01
-2.064998894929885864e-01
-1.178812161087989807e-01
-1.406988054513931274e-01
-6.239796057343482971e-02
-9.989336133003234863e-02
-1.431380957365036011e-01
4.822674766182899475e-02
-2.472097724676132202e-01
-7.398600131273269653e-02
-1.111848503351211548e-01
-1.270955651998519897e-01
-8.273714780807495117e-02
4.147058725357055664e-02
-3.524029627442359924e-02
-1.835189908742904663e-01
2.905753813683986664e-02
-1.721655577421188354e-01
-7.934746146202087402e-02
2.039826102554798126e-02
-5.583688616752624512e-02
-3.932686895132064819e-02
-7.922723889350891113e-03
-3.466191934421658516e-03
-9.906263649463653564e-02
3.094447590410709381e-02
-1.075660437345504761e-01
1.513490360230207443e-02
-6.614795327186584473e-02
-1.487256884574890137e-01
-1.230995804071426392e-01
7.781451195478439331e-02
-1.240312904119491577e-01
-3.316340968012809753e-02
8.048118650913238525e-02
6.338768452405929565e-02
-2.898392081260681152e-02
-1.764210760593414307e-01
-2.913529053330421448e-02
1.497142855077981949e-02
-1.558107286691665649e-01
-1.533026993274688721e-01
4.753747271024622023e-05
1.911701112985610962e-01
-6.402410566806793213e-02
-7.627811282873153687e-02
2.781109139323234558e-02
1.760630011558532715e-01
-2.534001506865024567e-02
4.425803199410438538e-02
-1.456461548805236816e-01
2.167378552258014679e-02
-4.660855047404766083e-03
-5.577594041824340820e-02
1.742643713951110840e-01
-1.568916370160877705e-03
1.069656689651310444e-03
1.305409818887710571e-01
-1.016709282994270325e-01
8.873644471168518066e-02
-3.131292760372161865e-01
1.564090885221958160e-02
1.648436784744262695e-01
-1.100598946213722229e-01
4.908664268441498280e-04
-1.406027078628540039e-01
2.978366240859031677e-02
1.696752011775970459e-01
-4.845780506730079651e-02
3.550108149647712708e-02
9.003980457782745361e-02
1.491766329854726791e-02
-7.076168060302734375e-02
-5.705269798636436462e-02
-2.396359294652938843e-02
1.323311775922775269e-01
-4.459169507026672363e-02
1.180168092250823975e-01
-1.778128184378147125e-02
-4.125046730041503906e-02
6.245041266083717346e-02
-4.787181317806243896e-02
-1.261709928512573242e-01
2.713152021169662476e-02
-7.233899831771850586e-02
-1.285727601498365402e-02
1.218689456582069397e-01
-1.453901734203100204e-02
1.321786046028137207e-01
1.624961756169795990e-02
1.167701650410890579e-02
-4.714540764689445496e-02
5.165167897939682007e-02
-1.435680389404296875e-01
-2.245094031095504761e-01
-2.000833302736282349e-01
-7.762953639030456543e-02
2.408978529274463654e-02
-3.810065984725952148e-02
-4.264495521783828735e-02
8.702237159013748169e-02
-1.418763250112533569e-01
-1.095917522907257080e-01
4.847132042050361633e-02
-1.197745651006698608e-01
-4.713604971766471863e-02
-2.041828781366348267e-01
5.429249629378318787e-02
4.425735771656036377e-02
3.553914278745651245e-02
-1.404161900281906128e-01
1.237186137586832047e-02
7.909876108169555664e-02
2.434486523270606995e-03
-5.428970791399478912e-03
-7.364040613174438477e-02
1.424217317253351212e-02
2.198208682239055634e-02
-1.112380698323249817e-01
1.229368243366479874e-02
-1.179508343338966370e-01
-1.188914328813552856e-01
-6.380410492420196533e-02
8.125757798552513123e-03
-9.707329422235488892e-02
6.376433372497558594e-02
-3.053475171327590942e-02
-1.981479115784168243e-02
-2.238340675830841064e-01
-2.061604261398315430e-01
-4.208752885460853577e-03
-1.204968690872192383e-01
3.280283138155937195e-02
-8.651139587163925171e-02
-6.163486465811729431e-02
3.704424947500228882e-02
-1.274723112583160400e-01
-7.560213655233383179e-02
-6.662774831056594849e-02
9.366957843303680420e-02
-1.580399088561534882e-02
-7.957746833562850952e-02
6.697245687246322632e-02
-1.867796778678894043e-01
2.685403451323509216e-02
-1.125494837760925293e-01
-1.339170485734939575e-01
-6.294454634189605713e-02
2.790302969515323639e-02
1.136509329080581665e-01
-5.417121201753616333e-02
-1.331730186939239502e-01
1.121679842472076416e-01
-3.523154556751251221e-02
-5.669146403670310974e-02
-1.403151750564575195e-01
-1.045946106314659119e-01
-9.922427684068679810e-02
-2.219957560300827026e-01
-1.074037030339241028e-01
-1.887784600257873535e-01
1.135021522641181946e-01
-3.540617413818836212e-03
-5.481639876961708069e-02
1.066323556005954742e-02
-1.562606394290924072e-01
-3.900259034708142281e-03
-1.263586878776550293e-01
-2.975454926490783691e-02
-2.701609432697296143e-01
1.564813964068889618e-02
-1.019625589251518250e-01
7.071670144796371460e-02
-7.758492231369018555e-02
-3.785135969519615173e-02
2.001056075096130371e-01
5.161603167653083801e-02
-5.525598302483558655e-02
9.920834749937057495e-02
-1.241084095090627670e-02
-7.445962727069854736e-02
-1.312918663024902344e-01
-1.105044595897197723e-02
-9.764043241739273071e-02
1.157895848155021667e-01
5.744361877441406250e-02
-3.933928534388542175e-02
8.886594325304031372e-02
-1.509986221790313721e-01
1.931763440370559692e-02
-1.047217696905136108e-01
1.013134121894836426e-01
-1.596653759479522705e-01
-1.260701715946197510e-01
-1.465336680412292480e-01
1.363065689802169800e-01
3.904838114976882935e-02
2.015032060444355011e-02
5.711594223976135254e-02
1.281747817993164062e-01
-2.621787413954734802e-02
4.261172562837600708e-02
7.806184142827987671e-02
-1.462448984384536743e-01
-4.383167251944541931e-02
8.397553116083145142e-02
1.652544438838958740e-01
5.503471009433269501e-03
4.248959943652153015e-02
1.072635687887668610e-02
-4.369652643799781799e-02
-1.856826245784759521e-01
-2.492827177047729492e-02
6.996307522058486938e-02
1.452911198139190674e-01
8.962038904428482056e-03
2.253197133541107178e-02
-3.110858239233493805e-02
2.666439116001129150e-02
-2.897578477859497070e-01
7.476126402616500854e-02
-1.474568992853164673e-01
-1.071156188845634460e-01
2.724453210830688477e-01
1.069813296198844910e-01
7.577152550220489502e-02
2.465767562389373779e-01
1.241475418210029602e-01
-8.261861652135848999e-02
-3.271952737122774124e-03
9.972444921731948853e-02
-2.513764798641204834e-02
1.475216895341873169e-01
9.183464944362640381e-02
1.854199469089508057e-01
-6.274267286062240601e-02
3.114374727010726929e-02
1.169338896870613098e-01
4.146398603916168213e-02
2.759920991957187653e-02
-1.017901599407196045e-01
-4.444000869989395142e-02
4.981152713298797607e-02
9.761027991771697998e-02
-4.769200459122657776e-03
1.854605041444301605e-02
-3.070999681949615479e-02
9.619115293025970459e-02
1.348022967576980591e-01
1.564201712608337402e-01
1.443802267313003540e-01
2.143937051296234131e-01
2.019525170326232910e-01
-9.915169328451156616e-02
2.112774550914764404e-02
1.416974365711212158e-01
1.037753671407699585e-01
2.050228267908096313e-01
1.289661377668380737e-01
1.419169157743453979e-01
9.260740876197814941e-02
5.143752694129943848e-02
1.804392188787460327e-01
1.483975052833557129e-01
1.570498347282409668e-01
1.870536804199218750e-02
1.611159890890121460e-01
1.329725831747055054e-01
2.294990234076976776e-03
1.157336086034774780e-01
2.084009647369384766e-01
6.312357634305953979e-02
1.418259888887405396e-01
1.400136202573776245e-01
1.279719471931457520e-01
1.811798810958862305e-01
8.463825285434722900e-02
4.711669310927391052e-02
-1.521452609449625015e-02
4.642450809478759766e-02
1.817734092473983765e-01
6.141123920679092407e-02
1.541733890771865845e-01
3.097346797585487366e-02
2.363956533372402191e-02
1.665826290845870972e-01
9.668025374412536621e-02
-1.169163063168525696e-01
-3.266257047653198242e-01
-4.260319471359252930e-02
1.408527791500091553e-01
1.138243451714515686e-01
-1.019111424684524536e-01
-1.947867870330810547e-01
-2.570850541815161705e-03
-6.716851145029067993e-02
-2.346379011869430542e-01
-3.571385890245437622e-02
-7.437667250633239746e-02
1.284799873828887939e-01
-3.036874532699584961e-02
-1.131578460335731506e-01
-2.945989966392517090e-01
-2.736651152372360229e-02
-9.020037017762660980e-03
-2.386529296636581421e-01
-1.115883365273475647e-01
9.660284966230392456e-02
-6.089970842003822327e-02
-2.113438248634338379e-01
-4.812495782971382141e-02
6.366711854934692383e-02
1.420185863971710205e-01
-4.836283624172210693e-02
-1.088795959949493408e-01
8.656979538500308990e-03
-2.060636281967163086e-01
1.340794414281845093e-01
-8.940340578556060791e-02
9.984220564365386963e-02
-1.230282858014106750e-01
-2.204501181840896606e-01
1.717518717050552368e-01
1.768286973237991333e-01
2.422181703150272369e-02
4.674052447080612183e-02
-9.892028570175170898e-02
1.429259777069091797e-02
1.704271435737609863e-01
-4.481019824743270874e-02
-6.834270805120468140e-02
1.247828453779220581e-01
5.020610522478818893e-03
-1.233232300728559494e-02
1.017982810735702515e-01
-2.003353834152221680e-01
7.234585285186767578e-02
-1.744139753282070160e-02
3.099000081419944763e-02
-1.378673128783702850e-02
-1.641818881034851074e-02
-2.906198240816593170e-02
4.455824568867683411e-02
-3.256051987409591675e-02
-6.545186787843704224e-02
8.045030385255813599e-02
1.665808632969856262e-02
-3.591209650039672852e-01
-1.764117181301116943e-02
-1.304539442062377930e-01
-1.410580873489379883e-01
1.135032474994659424e-01
-3.345152735710144043e-01
3.205191344022750854e-02
-6.249700486660003662e-02
-1.247556656599044800e-01
-9.345846623182296753e-02
-3.208265006542205811e-01
-1.426849700510501862e-02
-1.491433233022689819e-01
-2.021621912717819214e-01
-9.462596476078033447e-02
4.285739734768867493e-02
5.001267883926630020e-03
-1.655873209238052368e-01
-2.092074900865554810e-01
-1.505505591630935669e-01
6.064740940928459167e-02
-6.611534208059310913e-02
-1.472319364547729492e-01
-2.947705686092376709e-01
-1.734061725437641144e-02
-5.072744935750961304e-02
-2.321627289056777954e-01
1.552027165889739990e-01
1.087351590394973755e-01
-5.395076423883438110e-02
-1.092061847448348999e-01
-2.075822502374649048e-01
-1.043367478996515274e-02
-7.015869766473770142e-02
4.877452272921800613e-03
1.227946206927299500e-01
1.215281784534454346e-01
-1.892152577638626099e-01
-2.450611740350723267e-01
1.378494594246149063e-02
3.693046793341636658e-02
-1.420194655656814575e-01
-1.854236871004104614e-01
4.959660768508911133e-02
-2.952538803219795227e-02
-4.997574537992477417e-02
7.888527959585189819e-02
-4.375743120908737183e-02
-3.691883757710456848e-02
-2.787096053361892700e-02
-6.930083036422729492e-02
-1.948243565857410431e-02
-3.362094983458518982e-02
2.269629947841167450e-02
-1.147749274969100952e-01
4.313072562217712402e-02
-9.215217828750610352e-02
-3.479563072323799133e-02
-7.618945091962814331e-03
1.561450064182281494e-01
8.009161055088043213e-02
4.435812681913375854e-02
5.187514051795005798e-02
8.229660242795944214e-02
-2.645770609378814697e-01
9.582528471946716309e-02
9.292889153584837914e-04
-2.527014613151550293e-01
-1.465723812580108643e-01
-7.650879770517349243e-02
1.119793951511383057e-01
-6.683581974357366562e-03
1.135879084467887878e-01
2.177918888628482819e-02
-7.399111986160278320e-02
4.143141210079193115e-02
4.487453028559684753e-02
6.766957789659500122e-02
-8.202324807643890381e-02
9.250866621732711792e-02
-5.284058675169944763e-02
-2.168346494436264038e-01
-8.923710137605667114e-02
-6.492289155721664429e-02
-3.675295040011405945e-02
-1.487330347299575806e-01
6.523993611335754395e-02
-4.810503125190734863e-02
-6.507875025272369385e-02
9.921417385339736938e-02
-8.787305653095245361e-02
1.447752863168716431e-01
5.287687759846448898e-03
3.624951094388961792e-02
-1.455938667058944702e-01
4.459773004055023193e-02
-8.223813027143478394e-03
-7.289378345012664795e-02
-1.064418852329254150e-01
1.307779550552368164e-01
-1.054024621844291687e-01
-1.032716259360313416e-01
-1.826866269111633301e-01
-1.481064707040786743e-01
-1.414515972137451172e-01
3.811376914381980896e-02
-1.448200345039367676e-01
-1.185882240533828735e-01
-1.604910641908645630e-01
-1.318769901990890503e-02
-1.391832828521728516e-01
-7.752846926450729370e-02
-1.100095957517623901e-01
-7.023119926452636719e-02
-5.601250380277633667e-02
1.796128787100315094e-02
-1.250888407230377197e-01
-1.570762246847152710e-01
-3.520523384213447571e-02
-4.460128769278526306e-02
-6.384976208209991455e-02
-8.717524260282516479e-02
-1.093750819563865662e-01
6.378741562366485596e-02
-1.269438583403825760e-02
2.243520878255367279e-02
-1.113997772336006165e-01
-2.871192619204521179e-02
3.029504790902137756e-02
-2.287925779819488525e-02
-1.328243501484394073e-02
-1.196495294570922852e-01
-9.188450127840042114e-02
-2.467974834144115448e-02
3.583027794957160950e-02
-2.121684513986110687e-02
2.449692785739898682e-01
1.193629652261734009e-01
1.482293754816055298e-01
-5.141623318195343018e-02
2.553915977478027344e-01
-1.049814745783805847e-01
1.000440716743469238e-01
-4.053499083966016769e-03
1.237463504076004028e-01
6.072200834751129150e-02
-4.081708565354347229e-02
-8.873173594474792480e-02
-2.064888365566730499e-02
5.642618983983993530e-02
-2.564024366438388824e-02
-8.215013146400451660e-02
9.800237417221069336e-02
1.471874266862869263e-01
-2.196191623806953430e-02
-2.393902279436588287e-02
8.267284929752349854e-02
3.918658941984176636e-02
-3.072499856352806091e-02
1.175191253423690796e-01
8.017451316118240356e-02
8.661040663719177246e-02
1.592606306076049805e-01
2.102376818656921387e-01
-5.843316763639450073e-02
5.279600620269775391e-02
5.565142259001731873e-02
-1.469314992427825928e-01
-1.875382848083972931e-02
1.889969855546951294e-01
3.000141307711601257e-02
-9.479486942291259766e-02
-8.050975948572158813e-02
2.126337960362434387e-02
-9.022890031337738037e-02
1.211285069584846497e-01
-6.733191013336181641e-02
7.796236872673034668e-02
-7.604350894689559937e-02
1.829675212502479553e-02
-4.531803727149963379e-02
-3.053689002990722656e-02
-4.426521435379981995e-02
3.552613779902458191e-02
-7.058487087488174438e-02
1.364654302597045898e-02
7.558011263608932495e-02
-1.051987521350383759e-02
3.440969809889793396e-02
-7.049900293350219727e-02
1.050814315676689148e-01
-6.273259408771991730e-03
-5.882387980818748474e-03
1.988653279840946198e-02
1.135997101664543152e-02
2.242524363100528717e-02
-1.360709127038717270e-02
-8.932871371507644653e-02
-3.073678910732269287e-01
-8.174587041139602661e-02
-9.494751691818237305e-02
-1.430146582424640656e-02
4.481336101889610291e-03
-3.121281862258911133e-01
-9.359968453645706177e-02
1.082109138369560242e-01
1.112511605024337769e-01
-1.809295862913131714e-01
-1.527345031499862671e-01
4.544425383210182190e-02
2.431043051183223724e-02
-4.077666252851486206e-02
-9.455610811710357666e-02
-3.359517455101013184e-02
-1.406871620565652847e-02
3.772469982504844666e-02
-6.686200853437185287e-03
-1.756946891546249390e-01
-6.217362731695175171e-02
-1.795022785663604736e-01
-1.437771767377853394e-01
-7.399309426546096802e-02
-1.392474174499511719e-01
-1.099334433674812317e-01
-1.673143059015274048e-01
3.440592065453529358e-02
1.019084155559539795e-01
-1.733014732599258423e-01
-5.399423465132713318e-02
-1.058197543025016785e-01
-1.101846434175968170e-02
-2.073938101530075073e-01
3.229152644053101540e-03
8.343565464019775391e-02
-3.746894374489784241e-02
-1.563388854265213013e-01
-1.935219578444957733e-02
-2.527838349342346191e-01
-1.413245499134063721e-01
1.165586039423942566e-01
-2.615160048007965088e-01
5.409621819853782654e-02
1.159220468252897263e-03
-6.622616201639175415e-02
-1.206281855702400208e-01
-9.398098289966583252e-02
-1.609993577003479004e-01
-2.504727542400360107e-01
-1.631162017583847046e-01
-1.531766653060913086e-01
-1.310053467750549316e-01
4.891935363411903381e-02
3.153691813349723816e-02
-1.546867340803146362e-01
3.172772005200386047e-02
-8.188375085592269897e-02
-9.392111003398895264e-02
-1.745232380926609039e-02
9.100767970085144043e-02
-1.925539597868919373e-02
1.194022595882415771e-02
1.030065938830375671e-01
-2.131993137300014496e-02
-1.551826894283294678e-01
7.207982242107391357e-02
1.208660751581192017e-02
9.187365882098674774e-03
-1.613331884145736694e-01
7.741490751504898071e-02
5.175682529807090759e-02
-1.081643775105476379e-01
6.156464666128158569e-02
-1.170206367969512939e-01
-7.859820872545242310e-02
-7.237585633993148804e-02
-8.183330297470092773e-02
-9.168252348899841309e-02
-4.432334564626216888e-03
3.315595909953117371e-03
9.769267588853836060e-02
2.393197715282440186e-01
-1.640737056732177734e-02
2.725438773632049561e-02
-7.804469764232635498e-02
-1.054089441895484924e-01
-9.395900368690490723e-02
-2.119095772504806519e-01
1.990097612142562866e-01
-5.853969231247901917e-02
9.261705726385116577e-02
1.815753281116485596e-01
-9.643214195966720581e-02
-1.780285090208053589e-01
-4.750868305563926697e-02
-6.136621907353401184e-02
-7.476093620061874390e-02
9.953955560922622681e-02
1.211798489093780518e-01
7.285656034946441650e-02
1.119372993707656860e-01
-5.953476950526237488e-02
-2.529671788215637207e-01
-1.646725684404373169e-01
2.005358785390853882e-01
2.992767281830310822e-02
-8.395583927631378174e-02
-1.038787886500358582e-01
-5.908145755529403687e-02
2.192202582955360413e-02
-5.472038406878709793e-03
-1.857897788286209106e-01
-2.826840579509735107e-01
1.200227066874504089e-01
-4.804126173257827759e-02
-1.344238966703414917e-01
-1.166904121637344360e-01
-6.572352722287178040e-03
-1.447784751653671265e-01
7.523667812347412109e-02
-1.282640248537063599e-01
5.097820609807968140e-02
-8.950770832598209381e-03
1.718714460730552673e-02
1.561046391725540161e-01
-9.159700572490692139e-02
-5.626628547906875610e-02
-1.533159613609313965e-01
5.300043150782585144e-03
2.353403419256210327e-01
3.646467998623847961e-02
-1.183776557445526123e-01
6.733557581901550293e-02
1.896971911191940308e-01
7.927246391773223877e-02
-1.627551205456256866e-02
6.890548020601272583e-02
2.100832611322402954e-01
4.773002862930297852e-02
4.844226315617561340e-02
7.215316407382488251e-03
-1.203297600150108337e-01
1.982111949473619461e-03
1.453512907028198242e-01
3.085637697950005531e-03
1.604900509119033813e-01
1.946678012609481812e-01
7.481098640710115433e-03
-3.882813826203346252e-02
-4.517639055848121643e-02
-1.326089054346084595e-01
-5.465824529528617859e-02
-1.046107802540063858e-02
-1.132763549685478210e-01
-3.524453192949295044e-02
1.159962192177772522e-01
1.323501318693161011e-01
-1.589712053537368774e-01
-2.062734402716159821e-02
-4.475853592157363892e-02
-6.084172055125236511e-02
-6.270402669906616211e-02
4.801888763904571533e-02
-1.277943700551986694e-01
1.941763609647750854e-02
-1.016091406345367432e-01
-4.152563214302062988e-02
1.014213636517524719e-02
-5.965788383036851883e-03
-7.983832061290740967e-02
-1.416784673929214478e-01
-1.197509351186454296e-03
-1.441781781613826752e-02
6.928320508450269699e-03
-1.519015580415725708e-01
-1.774475327692925930e-03
-2.030696533620357513e-02
-6.765386462211608887e-02
1.567069441080093384e-02
-1.603651493787765503e-01
7.559439539909362793e-02
-1.525706946849822998e-01
-4.575665295124053955e-02
-3.527256473898887634e-02
-2.034758031368255615e-02
7.561421394348144531e-02
9.787380695343017578e-02
-9.227447211742401123e-02
-7.103287428617477417e-02
-1.191915571689605713e-01
-3.555834293365478516e-02
-3.152896091341972351e-02
-6.929712742567062378e-02
-9.960792213678359985e-02
1.499752104282379150e-01
-3.741237148642539978e-02
-6.307758390903472900e-02
-4.370730370283126831e-02
-1.410477459430694580e-01
-1.739716040901839733e-03
-1.405904740095138550e-01
2.260498106479644775e-01
-5.398864299058914185e-02
1.669609993696212769e-01
2.097202241420745850e-01
9.997359663248062134e-02
-4.225262999534606934e-02
3.452441468834877014e-02
1.888563632965087891e-01
1.302086859941482544e-01
1.491095572710037231e-01
1.625504493713378906e-01
2.046014070510864258e-01
-2.228155545890331268e-02
-9.896967560052871704e-02
-9.616816788911819458e-02
-4.386607930064201355e-02
-6.287965178489685059e-02
-8.196409791707992554e-02
1.467418856918811798e-03
4.325072467327117920e-02
-1.907579004764556885e-01
-1.083339899778366089e-01
6.308592110872268677e-02
-8.578284084796905518e-02
-1.434504240751266479e-01
-1.013961620628833771e-02
-6.323368847370147705e-02
-3.431946039199829102e-02
-6.094528734683990479e-02
-1.747831255197525024e-01
2.628741972148418427e-02
-1.238483265042304993e-01
-1.110564917325973511e-01
8.582400530576705933e-02
-5.400443077087402344e-02
-7.438179850578308105e-02
-1.308131963014602661e-02
-8.208630979061126709e-02
3.576955525204539299e-03
3.925973176956176758e-02
-1.465001404285430908e-01
-6.673648953437805176e-02
-3.357677534222602844e-02
9.743215143680572510e-02
-1.055931858718395233e-02
-5.055773071944713593e-03
5.502961948513984680e-02
9.830281138420104980e-02
-1.695372909307479858e-01
2.245307415723800659e-01
2.972036972641944885e-02
-3.346293792128562927e-02
2.175189256668090820e-01
4.114273563027381897e-02
-1.493089180439710617e-02
1.055102497339248657e-01
1.152919977903366089e-01
-1.017909049987792969e-01
6.810664385557174683e-02
1.815201342105865479e-01
-1.550623867660760880e-02
1.302349716424942017e-01
1.219657659530639648e-01
7.302451878786087036e-02
7.057728245854377747e-03
-4.275645688176155090e-02
-6.485770642757415771e-02
4.619755968451499939e-02
-8.820766210556030273e-02
-8.785142563283443451e-03
-3.974242135882377625e-02
-1.484638303518295288e-01
-5.843927338719367981e-02
1.074846386909484863e-01
4.662494733929634094e-02
1.110657975077629089e-01
9.716458618640899658e-02
2.897910401225090027e-02
-1.983302645385265350e-02
9.536305069923400879e-02
1.009490862488746643e-01
1.274635642766952515e-01
-9.827026166021823883e-03
-8.192701637744903564e-02
-5.477375909686088562e-02
6.639547646045684814e-02
6.322713941335678101e-02
5.141969025135040283e-02
2.984733507037162781e-02
-1.859507523477077484e-02
-1.559489313513040543e-02
1.345395296812057495e-01
7.199577987194061279e-02
6.608029454946517944e-02
-3.800807520747184753e-02
-4.009626060724258423e-02
7.468796521425247192e-02
1.641240119934082031e-01
2.325390232726931572e-03
9.084328263998031616e-02
2.114184498786926270e-01
-5.531615763902664185e-02
6.104394793510437012e-02
7.892046123743057251e-02
2.482907325029373169e-01
6.931361556053161621e-02
1.264114379882812500e-01
-9.826291352510452271e-04
2.319711260497570038e-03
8.599528670310974121e-02
-8.512479066848754883e-02
4.916743561625480652e-02
1.367716789245605469e-01
8.727451413869857788e-02
2.611647173762321472e-02
-6.052399426698684692e-02
