-1.143437549471855164e-01
-2.062871307134628296e-02
-3.587468340992927551e-02
2.487530931830406189e-02
2.053507603704929352e-02
2.371787466108798981e-02
-5.327204242348670959e-03
-1.027354970574378967e-02
1.952484808862209320e-02
6.182073056697845459e-02
4.127625375986099243e-02
3.440937027335166931e-02
6.305839866399765015e-02
-4.547961428761482239e-02
-6.447461992502212524e-02
1.909388788044452667e-02
-1.843700557947158813e-02
-4.312872141599655151e-02
-2.592577785253524780e-02
-1.302402094006538391e-02
4.677886608988046646e-03
-1.971098966896533966e-02
2.187550626695156097e-02
-4.183424264192581177e-02
2.648547850549221039e-02
-4.321101296227425337e-04
1.467880792915821075e-02
2.514818497002124786e-02
6.184877129271626472e-04
-1.340005919337272644e-02
1.782622374594211578e-02
1.237954385578632355e-02
1.532798167318105698e-02
2.064391039311885834e-02
-3.194889798760414124e-02
2.907672710716724396e-02
1.313530746847391129e-02
4.999983124434947968e-03
-3.267909213900566101e-02
2.179831825196743011e-02
4.283481091260910034e-02
-3.291051834821701050e-02
-3.162491694092750549e-02
1.690660044550895691e-02
-3.863918408751487732e-02
5.885287001729011536e-02
-6.229748204350471497e-02
8.585394360125064850e-03
-7.665839977562427521e-03
2.242618240416049957e-02
3.392467275261878967e-02
-1.135477912612259388e-03
2.583549544215202332e-02
-5.322767049074172974e-02
1.437857747077941895e-02
2.414035238325595856e-02
3.347442299127578735e-02
-1.409341953694820404e-02
2.765933796763420105e-02
-2.455659955739974976e-02
-3.506404906511306763e-02
-3.500809520483016968e-02
-5.072936043143272400e-02
6.277170777320861816e-02
4.103884473443031311e-02
-1.991163380444049835e-02
-4.578561335802078247e-02
1.768408343195915222e-02
-9.099306538701057434e-03
-1.608809339813888073e-03
1.410183124244213104e-02
1.428791228681802750e-02
-6.692162249237298965e-03
-3.465671464800834656e-02
-2.503297291696071625e-02
-5.630727857351303101e-02
-5.472100526094436646e-02
-2.171667478978633881e-02
3.080140054225921631e-02
-4.318794235587120056e-02
-5.985758453607559204e-02
-2.537486329674720764e-02
-3.333459049463272095e-02
-3.854118660092353821e-02
7.152558118104934692e-02
-3.570387512445449829e-02
4.591737315058708191e-02
-1.329196710139513016e-02
6.155289709568023682e-02
2.169074676930904388e-02
-6.431718356907367706e-03
4.129327461123466492e-02
-1.752673299051821232e-03
-4.886380210518836975e-02
-5.293578654527664185e-02
2.435925789177417755e-02
-4.266149923205375671e-02
4.992197453975677490e-02
3.862145915627479553e-02
-1.158942934125661850e-02
-7.796219736337661743e-02
-1.297176815569400787e-02
-1.848241663537919521e-03
1.991288922727108002e-02
-1.035427860915660858e-02
-4.180060699582099915e-02
-2.075912803411483765e-02
2.731319703161716461e-02
-5.238272249698638916e-02
-4.488735273480415344e-02
-2.507634833455085754e-02
4.829794913530349731e-02
-6.774181127548217773e-02
4.518235474824905396e-02
7.987377233803272247e-03
-3.148753196001052856e-02
-6.199270859360694885e-02
-2.339218184351921082e-02
-1.949829049408435822e-02
-4.004018753767013550e-02
5.978544801473617554e-02
-5.434281192719936371e-03
1.469764206558465958e-02
-5.845990031957626343e-02
6.016943603754043579e-02
-3.815985843539237976e-02
2.840725146234035492e-02
-3.702930733561515808e-02
4.229084402322769165e-02
-3.915376216173171997e-02
-2.027482166886329651e-02
-1.343497540801763535e-02
3.218389675021171570e-02
-3.796791657805442810e-02
-3.187480568885803223e-02
3.317134222015738487e-03
4.314109310507774353e-02
-4.252271726727485657e-02
4.570798203349113464e-02
8.417445234954357147e-03
6.063435226678848267e-03
3.358145430684089661e-02
1.497328467667102814e-02
1.073167100548744202e-02
6.821401417255401611e-02
2.907230984419584274e-03
-4.231201112270355225e-02
4.091472923755645752e-02
-2.724946476519107819e-02
7.595461793243885040e-03
-4.155573621392250061e-02
-2.155853435397148132e-02
-4.204659536480903625e-02
1.591449417173862457e-02
3.966098651289939880e-02
-6.833862978965044022e-03
-2.367259189486503601e-02
-5.109312385320663452e-02
-1.482364535331726074e-02
-3.125675022602081299e-02
1.604808378033339977e-03
3.488751873373985291e-02
5.560957267880439758e-02
3.229517489671707153e-02
1.911950111389160156e-02
5.439063534140586853e-02
4.790992289781570435e-02
-1.072674873284995556e-03
4.936448764055967331e-03
-2.485179528594017029e-02
6.347472220659255981e-02
5.617816466838121414e-03
1.986221410334110260e-02
5.074873566627502441e-02
4.552597180008888245e-02
-4.553163051605224609e-02
-1.200242992490530014e-02
-3.762489929795265198e-02
1.494947075843811035e-02
3.865199536085128784e-02
-1.596698537468910217e-03
4.661061987280845642e-02
1.293913275003433228e-02
2.947304956614971161e-02
3.342179581522941589e-02
1.236995309591293335e-02
-2.649124525487422943e-02
5.588146299123764038e-02
5.407007411122322083e-02
3.023566864430904388e-02
-4.502634331583976746e-02
-3.826532885432243347e-02
-5.488136410713195801e-02
2.432501129806041718e-02
-3.511944785714149475e-02
-5.054568406194448471e-03
-5.432779714465141296e-02
-4.094674065709114075e-02
3.343163058161735535e-02
-7.482935674488544464e-03
-4.660085961222648621e-02
2.618940547108650208e-02
-1.751579926349222660e-03
5.089864507317543030e-02
-6.706289947032928467e-02
9.797149337828159332e-03
5.384493619203567505e-02
1.040410483255982399e-03
6.661652005277574062e-04
4.735536500811576843e-02
-5.437249317765235901e-02
-6.369602400809526443e-03
9.194115176796913147e-03
-6.168020144104957581e-02
-2.746549807488918304e-02
-5.448351800441741943e-02
1.692529651336371899e-03
-6.384626030921936035e-02
-3.069728054106235504e-02
-3.508567065000534058e-02
-3.693607449531555176e-02
-3.292768821120262146e-02
-1.072457060217857361e-02
-7.571501284837722778e-02
5.280995741486549377e-02
-2.096679434180259705e-02
-4.687976092100143433e-02
-9.883894585072994232e-03
2.582100965082645416e-02
2.467583119869232178e-02
5.747440829873085022e-02
3.336038067936897278e-02
4.733287170529365540e-02
5.381906405091285706e-02
2.666556835174560547e-02
-1.916720904409885406e-02
-3.473884239792823792e-02
4.242930188775062561e-02
-2.019959688186645508e-02
5.273320525884628296e-02
-3.048159554600715637e-02
-4.321399331092834473e-02
-4.315835889428853989e-03
2.814623713493347168e-02
7.925397716462612152e-03
-4.745404794812202454e-02
-4.144233465194702148e-02
1.383930351585149765e-02
-3.835454210638999939e-02
1.650891616009175777e-03
6.082836538553237915e-02
3.505916520953178406e-02
2.909891679883003235e-02
4.823590070009231567e-02
-1.027474366128444672e-02
2.350333146750926971e-02
-1.832626387476921082e-02
1.856532879173755646e-02
1.968022063374519348e-02
2.889149123802781105e-03
-8.058997988700866699e-02
-3.563890978693962097e-02
1.136806793510913849e-02
-3.629384189844131470e-02
4.005356878042221069e-02
-1.204579789191484451e-02
-4.705991223454475403e-02
1.905737444758415222e-02
-1.462197490036487579e-02
-5.244814604520797729e-02
-3.775193914771080017e-02
3.732549725100398064e-03
-1.796249486505985260e-02
4.243829846382141113e-02
3.147862479090690613e-02
8.481187745928764343e-03
-3.003851138055324554e-02
-2.109324932098388672e-02
5.616579577326774597e-02
-1.461859326809644699e-03
1.781632192432880402e-02
-4.466657713055610657e-02
-1.723857223987579346e-02
-5.957756936550140381e-02
-2.351414971053600311e-02
1.928974129259586334e-02
7.729457865934818983e-05
7.285103201866149902e-03
-5.974489729851484299e-03
-3.384071588516235352e-02
4.706585779786109924e-02
9.695288725197315216e-03
3.923949226737022400e-02
-8.359147235751152039e-03
-5.330637842416763306e-02
4.571115970611572266e-02
-3.621372953057289124e-02
-3.474191948771476746e-02
1.043796166777610779e-02
8.064425550401210785e-03
-3.966729715466499329e-02
1.874279975891113281e-02
-9.094087406992912292e-03
3.161179646849632263e-02
-7.388305664062500000e-02
1.115047559142112732e-02
-4.328077659010887146e-02
-2.633017674088478088e-02
1.360167283564805984e-02
-4.391927644610404968e-02
3.621992468833923340e-02
-1.734515838325023651e-02
1.791292615234851837e-02
1.497765630483627319e-02
-6.842265278100967407e-02
-5.974281206727027893e-02
5.102793686091899872e-03
-4.159090667963027954e-02
2.462459169328212738e-02
-5.678935907781124115e-03
2.953610941767692566e-02
-3.852827101945877075e-02
-3.704823320731520653e-04
-6.444706767797470093e-02
-1.506668888032436371e-02
-3.300967812538146973e-02
3.731006756424903870e-02
-5.947837606072425842e-02
-3.613747656345367432e-02
-5.899172276258468628e-02
-5.737785995006561279e-02
7.244774140417575836e-03
-5.827982444316148758e-03
-2.332072332501411438e-02
-1.794773526489734650e-02
3.337304666638374329e-02
-1.564097963273525238e-02
-2.053213119506835938e-02
7.981442846357822418e-03
-1.134073082357645035e-02
3.114179149270057678e-02
4.860688745975494385e-02
-2.361067757010459900e-02
-1.026513054966926575e-02
3.056881763041019440e-02
3.807375580072402954e-02
-6.063447333872318268e-03
8.835592120885848999e-02
1.863408647477626801e-02
-1.123895682394504547e-02
2.178362105041742325e-03
4.774574562907218933e-02
3.982076421380043030e-02
-6.572886370122432709e-03
-5.501949787139892578e-02
8.446329273283481598e-03
-4.896927252411842346e-02
-1.417771168053150177e-02
4.702647030353546143e-02
-4.017432685941457748e-03
-2.722466923296451569e-02
1.868820632807910442e-03
-1.847467944025993347e-02
1.206836570054292679e-02
-4.428073763847351074e-02
-4.573668353259563446e-03
3.757274523377418518e-02
-4.291694983839988708e-02
-3.203382343053817749e-02
-4.673339053988456726e-02
-2.125502564013004303e-02
-9.037155658006668091e-03
-5.199545249342918396e-02
2.790143899619579315e-02
-5.243784189224243164e-02
4.401929676532745361e-02
-7.320917211472988129e-03
4.477395489811897278e-02
-6.446730345487594604e-02
-1.286336127668619156e-02
-1.706649363040924072e-02
-2.117356844246387482e-02
3.079289942979812622e-02
7.388418167829513550e-02
-2.828281745314598083e-02
-4.246288165450096130e-02
-7.082448899745941162e-02
-4.708535596728324890e-02
-2.506531961262226105e-02
-4.237895458936691284e-02
-7.201337069272994995e-02
5.907490104436874390e-02
1.907007023692131042e-02
5.658806115388870239e-02
4.190053045749664307e-02
2.464826218783855438e-02
-1.509663183242082596e-02
4.890156537294387817e-02
2.606069855391979218e-02
1.919903978705406189e-02
-5.100307241082191467e-02
-2.065180055797100067e-02
-3.588782623410224915e-02
3.283118084073066711e-02
1.223751530051231384e-02
3.224067017436027527e-02
1.741938106715679169e-02
2.892495505511760712e-02
-2.959939092397689819e-02
2.147196047008037567e-02
1.649706996977329254e-02
4.731278494000434875e-02
3.547104448080062866e-02
2.919699437916278839e-02
-3.019515424966812134e-02
3.555843979120254517e-02
-2.837566100060939789e-02
1.691003702580928802e-02
-1.279822923243045807e-02
-5.114928632974624634e-02
2.688057348132133484e-02
-3.657113388180732727e-02
3.011734969913959503e-02
3.320019226521253586e-03
5.402478203177452087e-02
-5.065921694040298462e-02
-3.748172149062156677e-02
-3.697635605931282043e-02
4.147038608789443970e-02
2.826481871306896210e-02
-6.359960883855819702e-02
9.454062092117965221e-04
-4.269420728087425232e-02
-4.339844733476638794e-02
1.744238659739494324e-02
1.996401138603687286e-02
4.740147292613983154e-02
-5.417918786406517029e-02
-1.676378212869167328e-02
3.415506705641746521e-02
-4.038455709815025330e-02
2.658142894506454468e-02
-2.881111390888690948e-02
2.681667171418666840e-02
1.327608060091733932e-02
-4.901320859789848328e-02
-6.093316152691841125e-02
3.587976843118667603e-02
-3.251026943325996399e-02
2.585455030202865601e-02
-4.129836708307266235e-02
4.366642795503139496e-03
-6.631997227668762207e-02
1.911936886608600616e-02
1.658744411543011665e-03
-6.291873008012771606e-02
-1.553785707801580429e-02
1.164276245981454849e-02
-3.019382618367671967e-02
6.316342949867248535e-02
7.464530412107706070e-03
2.402755618095397949e-02
2.138661220669746399e-02
3.841523826122283936e-02
1.359295658767223358e-02
3.896786272525787354e-02
-3.416619449853897095e-02
-4.549281671643257141e-02
2.721905941143631935e-03
-3.427143767476081848e-02
-2.218843810260295868e-02
3.126276656985282898e-02
2.276735752820968628e-02
-5.476202815771102905e-03
-7.576336502097547054e-04
5.315826833248138428e-02
8.111412636935710907e-03
-1.523740217089653015e-02
-2.087243646383285522e-02
2.158174989745020866e-03
-3.550273552536964417e-02
7.180194370448589325e-03
5.831439793109893799e-02
1.663886196911334991e-02
-1.533287670463323593e-02
1.960784569382667542e-02
1.014214102178812027e-02
-4.309908952564001083e-03
4.797589406371116638e-02
3.770131990313529968e-02
3.338773548603057861e-02
-1.349017862230539322e-02
-2.563220076262950897e-02
2.591695263981819153e-02
-1.695546135306358337e-02
-6.660134065896272659e-03
3.083075582981109619e-02
5.291762296110391617e-03
3.537829220294952393e-02
2.753713354468345642e-02
2.067810483276844025e-02
-3.723933920264244080e-02
2.586366795003414154e-02
1.351085118949413300e-02
-3.972854837775230408e-02
5.274010077118873596e-02
-6.895689759403467178e-03
-2.925381809473037720e-02
3.464508801698684692e-02
3.767536953091621399e-02
-3.740905970335006714e-02
1.316089555621147156e-02
2.034330181777477264e-02
3.782011568546295166e-02
3.320257738232612610e-02
1.367484871298074722e-02
1.943441852927207947e-02
1.076096761971712112e-02
-3.935032337903976440e-02
2.636772347614169121e-03
-1.143658310174942017e-01
-1.225369609892368317e-02
-4.719328135251998901e-02
1.876143366098403931e-02
-1.457901578396558762e-02
-5.680572707206010818e-03
-2.678843215107917786e-02
-8.191677741706371307e-03
-2.060654573142528534e-02
5.915208254009485245e-03
-7.872787117958068848e-02
-3.021808713674545288e-02
8.658022619783878326e-03
3.698848187923431396e-02
4.069045186042785645e-02
2.679664874449372292e-03
-1.930407620966434479e-02
6.665980815887451172e-02
-2.365534007549285889e-02
6.499619036912918091e-02
6.961181759834289551e-02
9.350441396236419678e-03
6.200964748859405518e-02
6.237065419554710388e-02
1.604595221579074860e-02
2.034825272858142853e-02
-3.576436638832092285e-02
-1.272276625968515873e-03
-6.124378368258476257e-02
-3.600622713565826416e-02
-1.406386774033308029e-02
2.624314976856112480e-03
-1.416477152815787122e-05
6.338884588330984116e-03
2.988661453127861023e-02
4.384291917085647583e-02
3.431327641010284424e-02
-2.848421968519687653e-02
-4.447838664054870605e-02
-1.251456979662179947e-02
-6.110863015055656433e-02
3.795801894739270210e-03
-5.126079544425010681e-02
-2.511542988941073418e-03
-1.042562187649309635e-03
-5.564963072538375854e-02
4.870869964361190796e-02
4.341344162821769714e-02
3.500161692500114441e-02
-3.689333423972129822e-02
2.827859111130237579e-02
-5.432152375578880310e-02
7.650862098671495914e-04
2.947852388024330139e-02
-6.095460057258605957e-02
2.194153890013694763e-02
1.705661043524742126e-02
-6.415781565010547638e-03
2.350849844515323639e-02
4.004307463765144348e-02
-4.103336855769157410e-02
-1.852313615381717682e-02
1.779288053512573242e-02
5.130261927843093872e-02
-6.363222748041152954e-02
-3.154254518449306488e-03
5.417894944548606873e-02
5.093276873230934143e-02
-4.996556043624877930e-02
-3.973239287734031677e-02
4.181671421974897385e-03
-1.834501326084136963e-02
-1.081662345677614212e-02
-4.416872188448905945e-02
-6.984581798315048218e-02
3.400702960789203644e-03
1.284461561590433121e-02
-3.826785087585449219e-02
8.200582116842269897e-03
-5.545037984848022461e-02
-7.054230198264122009e-03
-1.804021932184696198e-02
4.211942479014396667e-02
-3.911948297172784805e-03
4.793210886418819427e-03
-2.608004026114940643e-02
1.638151332736015320e-02
-2.670815773308277130e-02
-5.662276875227689743e-03
4.713989421725273132e-02
-3.420819714665412903e-02
-6.765216588973999023e-03
-2.640945836901664734e-02
-1.183758489787578583e-02
-4.834285005927085876e-02
-4.179645702242851257e-02
-5.685494747012853622e-03
-3.767462074756622314e-02
-4.074435308575630188e-02
-2.038285695016384125e-02
6.064375862479209900e-02
2.031670883297920227e-02
-5.669634789228439331e-03
2.185824327170848846e-02
1.067866571247577667e-02
-3.754614852368831635e-03
-2.885949797928333282e-02
-1.619875989854335785e-02
3.419877588748931885e-02
-7.454740256071090698e-02
-2.117638103663921356e-02
-2.989448048174381256e-02
1.279216911643743515e-02
-2.232122048735618591e-02
4.078480973839759827e-02
-3.985552489757537842e-02
4.177017137408256531e-02
4.221639409661293030e-02
-3.862949833273887634e-02
2.977936994284391403e-03
3.762270556762814522e-03
5.076855048537254333e-02
4.313062503933906555e-02
-1.419515814632177353e-02
1.350578735582530499e-03
-3.128928365185856819e-03
5.362933129072189331e-02
5.273222923278808594e-02
1.230472605675458908e-02
-1.682229526340961456e-02
-9.271884919144213200e-04
-2.411764813587069511e-03
-5.224765464663505554e-02
-5.922158434987068176e-02
3.731016442179679871e-02
1.720771379768848419e-02
1.997733116149902344e-02
5.234798789024353027e-02
2.384932339191436768e-02
-5.022172629833221436e-02
-3.455063328146934509e-02
-4.160377010703086853e-02
5.769265815615653992e-02
-6.309499591588973999e-02
4.194720648229122162e-03
2.079490572214126587e-02
-5.022883042693138123e-02
3.368913382291793823e-02
4.874865710735321045e-02
5.046026036143302917e-02
2.803482674062252045e-02
-2.930950932204723358e-02
3.856676444411277771e-02
-7.050397340208292007e-03
5.178245529532432556e-02
-1.887355558574199677e-02
-1.696493104100227356e-02
7.026056200265884399e-02
-7.403920870274305344e-03
-5.095482990145683289e-02
2.519387193024158478e-02
1.134791132062673569e-02
-5.038746166974306107e-04
1.339596696197986603e-03
2.708837017416954041e-02
2.963385311886668205e-03
-1.812135800719261169e-02
-3.499314934015274048e-02
-1.784663088619709015e-02
1.866904273629188538e-02
-1.941223815083503723e-02
-2.715102396905422211e-02
-1.887172088027000427e-02
1.728990674018859863e-02
-2.188585698604583740e-02
-3.714624419808387756e-02
6.933923810720443726e-02
-5.210447311401367188e-02
3.486421331763267517e-02
4.784211516380310059e-02
1.132102496922016144e-02
3.915094584226608276e-02
-2.553733065724372864e-02
-5.044489726424217224e-02
3.162600100040435791e-02
-1.162961777299642563e-02
-1.626361533999443054e-02
-3.211240842938423157e-02
2.453160472214221954e-02
-3.074180893599987030e-02
4.999172687530517578e-02
-4.060894995927810669e-02
1.653477782383561134e-03
-4.484423436224460602e-03
4.011496156454086304e-02
-9.837274253368377686e-02
-6.519678235054016113e-02
-3.204304724931716919e-02
2.011186070740222931e-02
-4.184215515851974487e-02
-2.571012638509273529e-02
-1.937691308557987213e-02
-1.554493326693773270e-02
-5.775940045714378357e-02
2.653330098837614059e-03
1.490981411188840866e-02
-1.904532872140407562e-02
-2.598422020673751831e-02
-2.815758436918258667e-02
8.537204004824161530e-03
-4.364739358425140381e-02
-2.117405831813812256e-02
6.834967434406280518e-02
2.334186621010303497e-02
-5.853813141584396362e-03
8.028122596442699432e-03
4.409251362085342407e-02
1.316403131932020187e-02
-1.254395768046379089e-02
-2.596252039074897766e-02
-3.525013476610183716e-02
3.777910023927688599e-02
-9.031530469655990601e-03
2.429621666669845581e-02
-5.090814083814620972e-03
3.854363039135932922e-02
2.515980415046215057e-02
2.222343161702156067e-02
-3.302214667201042175e-02
-4.323434084653854370e-03
2.782491222023963928e-02
6.599498540163040161e-02
-3.779437160119414330e-03
-2.688127104192972183e-03
-1.890495046973228455e-02
1.028276234865188599e-02
5.396100878715515137e-02
-1.534017734229564667e-03
-2.884939126670360565e-02
4.433347657322883606e-02
-1.380742061883211136e-02
-1.602658443152904510e-02
-3.176901489496231079e-02
-2.051294408738613129e-02
4.199487715959548950e-02
-3.631841624155640602e-03
-2.176715433597564697e-02
5.554675590246915817e-03
5.134114995598793030e-02
-7.877873256802558899e-03
2.749481238424777985e-02
3.514260798692703247e-02
4.442382231354713440e-02
-7.777414750307798386e-03
5.248411744832992554e-02
-2.109414897859096527e-02
-3.961498290300369263e-02
-3.889780864119529724e-02
-4.716854169964790344e-02
4.003131389617919922e-02
-7.357604056596755981e-02
3.248863667249679565e-02
2.435391582548618317e-02
3.146471828222274780e-02
-1.409917697310447693e-02
5.988961085677146912e-02
-4.056924954056739807e-02
-3.048632480204105377e-02
-1.345069706439971924e-02
1.952574960887432098e-02
-3.241673856973648071e-02
5.299982801079750061e-02
-2.221590280532836914e-02
-5.465574190020561218e-02
-7.053686678409576416e-02
5.551041290163993835e-02
2.085191663354635239e-03
-4.361215606331825256e-02
3.217050805687904358e-02
4.283272475004196167e-02
-1.038172841072082520e-02
-4.559812322258949280e-02
2.392809279263019562e-02
-4.500875994563102722e-02
3.081204136833548546e-03
1.293688081204891205e-03
1.516814716160297394e-02
-3.388760983943939209e-02
-8.123300503939390182e-04
-5.205187201499938965e-02
4.139629378914833069e-02
5.719630047678947449e-03
9.705447591841220856e-03
2.867779508233070374e-02
-2.038115781033411622e-04
2.021550945937633514e-02
3.529880940914154053e-02
-5.429844558238983154e-02
-3.326261043548583984e-02
3.693380160257220268e-03
3.684111312031745911e-02
-2.059346437454223633e-02
-2.026776224374771118e-02
4.154948890209197998e-02
2.901615574955940247e-02
4.271356016397476196e-02
1.638291217386722565e-02
3.757020458579063416e-02
-8.101386018097400665e-03
3.108585067093372345e-02
6.365642417222261429e-03
-4.453961178660392761e-02
-1.186073478311300278e-02
5.431969463825225830e-02
4.687184467911720276e-02
-1.406785752624273300e-02
-1.687601208686828613e-02
-2.297323197126388550e-02
-8.382864296436309814e-02
6.204470619559288025e-02
2.554463595151901245e-02
-4.960513114929199219e-02
3.672807663679122925e-02
6.808975338935852051e-02
-5.777534469962120056e-02
-2.462080866098403931e-02
-1.629460975527763367e-02
1.697260327637195587e-02
-8.787338621914386749e-03
5.915774405002593994e-02
3.868032246828079224e-02
-1.760988682508468628e-02
-4.348131641745567322e-02
-2.380403457209467888e-03
-6.155565381050109863e-02
-5.060850828886032104e-02
8.396600605919957161e-04
3.593715652823448181e-02
-5.484990030527114868e-02
-1.010040286928415298e-02
-1.423635799437761307e-02
-2.185601554811000824e-02
3.341557085514068604e-02
4.352623969316482544e-02
3.786522895097732544e-02
1.628614589571952820e-02
-1.355772931128740311e-02
-2.158968709409236908e-02
3.602965921163558960e-02
1.231027022004127502e-02
2.586504258215427399e-02
-4.378245025873184204e-02
1.496508019044995308e-03
-1.107932906597852707e-02
1.637598872184753418e-02
-3.020998090505599976e-02
4.426794499158859253e-02
6.414324045181274414e-02
7.646765559911727905e-02
-2.139242738485336304e-02
-8.689779788255691528e-03
4.579146392643451691e-03
-1.527241058647632599e-02
-3.757781907916069031e-02
4.790340736508369446e-02
1.744703203439712524e-02
-1.739385537803173065e-02
7.358849793672561646e-02
2.224476076662540436e-03
3.780300170183181763e-02
1.388549897819757462e-02
4.349492862820625305e-02
1.985429041087627411e-02
5.900171585381031036e-03
1.473476737737655640e-02
6.919250590726733208e-04
-6.350415945053100586e-02
1.775981113314628601e-02
5.567916668951511383e-03
-4.998842254281044006e-02
-1.928971707820892334e-02
5.114050209522247314e-02
-8.214958012104034424e-02
3.658555448055267334e-02
1.900581084191799164e-02
2.580320276319980621e-02
4.137481749057769775e-02
5.445996671915054321e-02
3.395658358931541443e-02
1.141149830073118210e-02
5.592677276581525803e-03
-2.855175174772739410e-02
2.456571161746978760e-02
4.476312920451164246e-02
3.689832612872123718e-02
2.995556034147739410e-02
-2.017713524401187897e-02
2.668068557977676392e-02
-4.143624380230903625e-02
2.688276581466197968e-02
-1.701757870614528656e-02
-3.181413188576698303e-02
-5.290294066071510315e-02
5.144021660089492798e-02
-7.007809355854988098e-03
-1.474566664546728134e-02
5.128642544150352478e-03
-1.891881227493286133e-02
2.695541456341743469e-02
6.725470302626490593e-04
-2.660251595079898834e-02
3.431605175137519836e-02
-4.473097994923591614e-02
-6.999412924051284790e-02
-3.384698182344436646e-03
-1.555401086807250977e-02
4.897640645503997803e-02
1.481493655592203140e-02
4.463011026382446289e-02
2.184168901294469833e-03
3.314300999045372009e-02
3.727532923221588135e-02
-1.860593445599079132e-02
-4.452099278569221497e-02
-6.237342488020658493e-03
-1.189756952226161957e-02
3.191261366009712219e-02
1.154255121946334839e-03
-2.484741248190402985e-02
3.551045060157775879e-02
4.725645855069160461e-02
-2.350263670086860657e-02
5.903659854084253311e-03
-3.120926022529602051e-02
6.291294842958450317e-02
-5.643134191632270813e-02
7.731738965958356857e-03
-2.036434132605791092e-03
-6.395239382982254028e-02
-1.023842860013246536e-02
-6.033991277217864990e-02
-3.665173053741455078e-02
2.516300231218338013e-02
4.870010912418365479e-02
6.813647341914474964e-04
5.395859014242887497e-03
-2.740476839244365692e-02
-2.199065499007701874e-02
-2.598506398499011993e-02
-1.838577911257743835e-02
-1.240321807563304901e-02
4.227260872721672058e-02
-7.366634905338287354e-03
-1.029263250529766083e-02
-4.452671483159065247e-02
-5.617790296673774719e-02
-9.615169838070869446e-03
6.693681329488754272e-02
-1.087345276027917862e-02
6.990546733140945435e-02
2.709581702947616577e-02
-2.523718588054180145e-02
1.751344837248325348e-02
1.767429523169994354e-02
-4.782969597727060318e-03
1.658752188086509705e-02
4.396549891680479050e-03
-6.070811673998832703e-02
-4.316769912838935852e-02
3.004480712115764618e-02
-2.967828325927257538e-02
4.132465645670890808e-02
-2.388455718755722046e-02
7.813304662704467773e-03
1.615875214338302612e-02
-3.412004187703132629e-02
-3.449599817395210266e-02
-6.734145339578390121e-03
1.391758676618337631e-02
4.655529931187629700e-02
-4.379554465413093567e-02
2.886329218745231628e-02
2.407875098288059235e-02
-5.308878049254417419e-02
1.171003375202417374e-02
-4.704083502292633057e-02
2.111606299877166748e-02
-1.542318798601627350e-02
-2.618350274860858917e-02
-3.649091720581054688e-02
-3.815921396017074585e-02
-4.566031694412231445e-02
4.038646072149276733e-02
6.181514635682106018e-02
-1.911387778818607330e-02
4.158421605825424194e-02
9.836573153734207153e-03
2.082131803035736084e-03
4.369441419839859009e-02
5.345255881547927856e-02
3.651608899235725403e-02
-1.822636462748050690e-02
5.094037950038909912e-02
7.314365357160568237e-02
4.459114000201225281e-02
3.255441552028059959e-04
4.836756363511085510e-02
-1.814683526754379272e-02
-3.155254572629928589e-02
-2.241301536560058594e-02
-6.357935257256031036e-03
-7.872381247580051422e-03
-3.153772279620170593e-02
1.513899117708206177e-02
-1.776341162621974945e-02
4.215483367443084717e-02
-1.663889177143573761e-02
-4.724713414907455444e-02
3.113183379173278809e-02
2.674840763211250305e-02
-7.819256931543350220e-02
2.854377217590808868e-02
3.186336532235145569e-02
-3.928653523325920105e-02
-1.970812864601612091e-02
-7.321889698505401611e-02
-2.967995591461658478e-02
1.343069598078727722e-03
5.018346011638641357e-02
-1.618455571588128805e-04
3.593610599637031555e-02
-1.828073710203170776e-02
-3.481571329757571220e-04
-4.312057420611381531e-02
3.873342275619506836e-02
2.657379955053329468e-02
3.578383475542068481e-02
-1.533561479300260544e-02
-2.464689686894416809e-02
1.865818048827350140e-03
3.548717871308326721e-02
-4.202939942479133606e-02
-2.946156822144985199e-02
-4.201959073543548584e-02
4.406785219907760620e-02
4.203531146049499512e-02
-4.648970812559127808e-02
-2.188045345246791840e-02
2.862813696265220642e-02
4.101519286632537842e-02
4.595554433763027191e-03
-3.242061287164688110e-02
3.721758723258972168e-02
-4.218547139316797256e-03
-5.912651121616363525e-02
-3.102806769311428070e-02
4.805523436516523361e-03
-2.292981371283531189e-02
-9.178966865874826908e-04
-2.034425921738147736e-02
-3.636194020509719849e-02
-3.643628209829330444e-02
1.118464116007089615e-02
1.889595389366149902e-02
-4.441641271114349365e-02
-6.527947634458541870e-02
-4.147112742066383362e-02
4.547696188092231750e-02
1.294529531151056290e-02
-5.981232225894927979e-02
-3.513738140463829041e-02
7.687634322792291641e-03
1.701063290238380432e-02
1.644443906843662262e-02
-4.050273820757865906e-02
2.285983785986900330e-02
4.035836085677146912e-02
-4.982731491327285767e-02
5.106865428388118744e-03
3.675715625286102295e-02
-1.332383882254362106e-02
-6.759738922119140625e-02
3.422661870718002319e-02
-3.451621159911155701e-02
1.565816067159175873e-02
-4.795185476541519165e-02
2.118437550961971283e-02
5.883703008294105530e-02
3.412450477480888367e-02
-2.771852351725101471e-02
4.307958483695983887e-02
-5.401720106601715088e-02
-5.798989906907081604e-02
-3.152581676840782166e-02
-4.565507546067237854e-02
-4.384974017739295959e-02
6.335134804248809814e-02
4.270634800195693970e-02
-4.328731819987297058e-02
2.933666482567787170e-02
4.101060330867767334e-02
-6.123296543955802917e-02
5.378713458776473999e-02
1.415954064577817917e-02
-2.940446324646472931e-02
-3.398299217224121094e-02
-9.509601630270481110e-03
-1.520406641066074371e-02
2.392546832561492920e-02
-3.784960880875587463e-02
2.091690152883529663e-02
-2.421493828296661377e-02
4.704136773943901062e-02
4.466345161199569702e-02
-3.322580084204673767e-02
-3.905067592859268188e-02
-4.998865723609924316e-02
5.751969665288925171e-02
9.514779783785343170e-03
3.009686246514320374e-02
2.376266196370124817e-02
4.039152339100837708e-02
-2.830193005502223969e-02
3.076319769024848938e-02
4.084206372499465942e-02
3.511743992567062378e-02
3.031141683459281921e-02
4.869949445128440857e-02
3.841859102249145508e-02
4.890603572130203247e-02
5.093552172183990479e-02
2.470720186829566956e-02
4.557124152779579163e-02
-3.461760282516479492e-02
-2.279497869312763214e-02
2.530612424015998840e-02
-4.399435594677925110e-02
-4.304989054799079895e-02
-4.374552052468061447e-03
1.987435109913349152e-02
-3.663624078035354614e-02
-3.761801123619079590e-02
-5.931272171437740326e-03
-2.984409034252166748e-02
-3.454802557826042175e-02
2.354354225099086761e-02
-3.027383983135223389e-02
1.887525059282779694e-02
-1.121200900524854660e-02
-5.320822075009346008e-02
-6.302554905414581299e-02
-4.352593794465065002e-02
-4.965332895517349243e-02
-1.282642129808664322e-02
5.658088997006416321e-02
-1.364535745233297348e-02
-3.589548915624618530e-02
3.239197190850973129e-03
-4.238856956362724304e-03
2.206020802259445190e-02
6.654933094978332520e-03
3.740976005792617798e-02
5.928759649395942688e-02
1.050969399511814117e-02
-4.754807427525520325e-02
5.389211326837539673e-02
3.539585694670677185e-02
-4.675181116908788681e-03
5.952830612659454346e-02
-1.950241997838020325e-02
-7.139313966035842896e-03
4.869989305734634399e-02
-9.514439851045608521e-03
-5.778068304061889648e-02
-1.919176802039146423e-02
-2.490865811705589294e-02
-1.639572903513908386e-02
-4.857969470322132111e-03
-4.598248749971389771e-02
7.485978771001100540e-03
-2.031273767352104187e-02
7.055458426475524902e-02
5.405894946306943893e-03
-1.215985743328928947e-03
-3.501854464411735535e-02
6.093262881040573120e-02
2.523582056164741516e-02
-2.886531315743923187e-02
-4.826945066452026367e-02
-2.676962316036224365e-02
-3.818375244736671448e-02
-1.469749142415821552e-03
-3.342444449663162231e-02
-2.272443659603595734e-02
-2.339562587440013885e-02
3.933299332857131958e-02
-2.673419937491416931e-02
-6.453806161880493164e-02
-1.128762215375900269e-02
-3.491556644439697266e-02
2.886808849871158600e-02
-3.035793080925941467e-03
-1.328463479876518250e-02
6.291488558053970337e-02
-3.083187900483608246e-02
-4.191290959715843201e-02
3.741648793220520020e-02
-1.730080135166645050e-02
-3.824579715728759766e-02
-5.257116630673408508e-02
1.615088991820812225e-02
4.297330603003501892e-02
2.430517598986625671e-02
-2.208237349987030029e-02
3.653851523995399475e-02
-5.131525918841362000e-02
3.263295441865921021e-02
3.760198503732681274e-02
-4.679509252309799194e-02
2.446264587342739105e-02
2.931886911392211914e-02
3.602576628327369690e-02
2.375606261193752289e-02
3.373836353421211243e-02
-7.714496459811925888e-03
1.548633072525262833e-02
-1.561341248452663422e-02
-5.878597497940063477e-03
2.064566873013973236e-02
2.510971389710903168e-02
1.561793126165866852e-02
2.515151910483837128e-02
-3.608940867707133293e-03
-7.039736211299896240e-02
-4.398309811949729919e-02
2.982357516884803772e-02
2.577566541731357574e-02
-2.710098028182983398e-02
-1.293598860502243042e-02
-3.457064554095268250e-02
2.847803384065628052e-02
2.586552314460277557e-02
3.636697679758071899e-02
-4.841873049736022949e-02
-3.586643934249877930e-02
5.142799019813537598e-02
-4.875115305185317993e-02
2.409537695348262787e-02
2.108150720596313477e-02
5.496428906917572021e-02
3.100741840898990631e-02
2.658738195896148682e-02
2.152400463819503784e-02
5.703477561473846436e-02
2.426177263259887695e-02
2.927596494555473328e-02
-3.352127596735954285e-02
1.986782997846603394e-02
-3.545949980616569519e-02
4.526071622967720032e-02
-6.655766163021326065e-03
-2.626564167439937592e-02
-4.244871810078620911e-02
1.800722628831863403e-02
-2.429910190403461456e-02
4.915366694331169128e-02
5.918262898921966553e-02
-2.118180878460407257e-02
-1.401176024228334427e-02
1.631047576665878296e-02
1.852072891779243946e-03
-1.499489136040210724e-02
-1.690087653696537018e-02
-4.476375877857208252e-03
2.158172056078910828e-02
2.073587104678153992e-02
-5.247860401868820190e-02
-4.848157986998558044e-02
-3.703844547271728516e-02
4.147847741842269897e-02
-1.222736109048128128e-02
-3.034869395196437836e-02
-1.863093302745255642e-06
-5.877638608217239380e-02
5.214709788560867310e-02
6.053644046187400818e-02
-4.330602660775184631e-02
4.720694944262504578e-02
-6.086412351578474045e-03
3.764862893149256706e-03
-4.035514779388904572e-03
3.363420441746711731e-02
-4.579453263431787491e-03
-5.183438211679458618e-02
3.059672005474567413e-02
-1.990952715277671814e-02
-8.150041103363037109e-03
2.311826217919588089e-03
-1.893101446330547333e-02
-9.380873292684555054e-03
4.021763056516647339e-02
-7.089532446116209030e-03
-3.316301107406616211e-02
-4.590268060564994812e-02
-5.764901638031005859e-03
-1.976817287504673004e-02
1.355003099888563156e-02
-3.166345413774251938e-03
9.636637754738330841e-03
-4.038383439183235168e-02
-2.891250886023044586e-03
2.337135560810565948e-02
5.132549628615379333e-02
-1.253677997738122940e-02
-2.956307958811521530e-03
-5.523102730512619019e-02
-1.214881334453821182e-02
-6.462951749563217163e-02
2.858954668045043945e-02
2.761791273951530457e-02
-4.329654574394226074e-02
2.888265065848827362e-02
-3.053511679172515869e-02
-1.395236235111951828e-02
1.538704673293977976e-04
2.997962199151515961e-02
-2.430504746735095978e-02
3.167781606316566467e-02
2.144786342978477478e-02
-4.456818476319313049e-02
-1.388749107718467712e-02
5.243370682001113892e-02
2.711176872253417969e-02
1.379480771720409393e-02
3.650696016848087311e-03
5.107714608311653137e-02
5.279307812452316284e-02
-2.006861567497253418e-02
-3.818217292428016663e-02
4.996801726520061493e-03
1.480778399854898453e-02
2.021111315116286278e-03
-1.071471069008111954e-02
6.601698696613311768e-02
5.739485844969749451e-03
-5.215659737586975098e-02
-3.474682569503784180e-02
-4.742923751473426819e-02
8.698393590748310089e-03
-3.225675597786903381e-02
4.248011112213134766e-02
5.300142243504524231e-02
-1.733506657183170319e-02
-1.114017982035875320e-02
-4.559608176350593567e-02
-2.206120453774929047e-02
-1.948585547506809235e-02
-1.432748790830373764e-02
-4.889902472496032715e-02
1.383316470310091972e-03
-2.808434143662452698e-02
2.520386688411235809e-02
2.669796533882617950e-02
6.967822555452585220e-03
4.656722024083137512e-02
-5.975121166557073593e-03
9.017037227749824524e-03
-2.636774908751249313e-03
-8.277577348053455353e-03
-5.194073542952537537e-02
-8.342511951923370361e-03
5.338328704237937927e-02
-6.489266455173492432e-02
3.225071355700492859e-02
1.015591202303767204e-03
5.706915631890296936e-02
-5.289168283343315125e-02
3.221151977777481079e-02
2.125690132379531860e-02
5.923656374216079712e-02
-5.968447402119636536e-02
-2.273146808147430420e-02
-1.444306317716836929e-02
-5.039531365036964417e-02
-3.491327865049242973e-03
-4.649996384978294373e-02
3.264256194233894348e-02
7.437302172183990479e-02
4.910466820001602173e-02
5.100696347653865814e-03
-1.599615626037120819e-02
-1.673831418156623840e-02
-3.105725720524787903e-02
3.038641624152660370e-02
-3.887473046779632568e-02
3.622601181268692017e-02
-3.503785654902458191e-02
-2.517626062035560608e-02
-4.437281191349029541e-02
3.680964931845664978e-02
-2.087840251624584198e-02
5.657432228326797485e-02
7.056042551994323730e-03
6.722158193588256836e-02
-2.299942634999752045e-02
1.876537501811981201e-02
8.385772258043289185e-02
6.769892573356628418e-02
2.360042743384838104e-02
-4.673074185848236084e-02
-9.987141937017440796e-02
-5.558166280388832092e-02
-1.222128141671419144e-02
5.023301392793655396e-02
-6.241273134946823120e-02
4.173849523067474365e-02
-4.762101545929908752e-02
2.618115954101085663e-02
-1.906762272119522095e-02
-5.091907083988189697e-02
-3.815551474690437317e-02
2.822627499699592590e-02
-3.656042739748954773e-02
4.822795093059539795e-02
7.448766380548477173e-02
9.198357351124286652e-03
-5.424040369689464569e-03
-1.418585423380136490e-02
-3.521490097045898438e-02
-3.795970976352691650e-02
1.884606899693608284e-04
6.660484708845615387e-03
6.508309394121170044e-02
-2.003533765673637390e-02
4.307587072253227234e-02
-1.152662094682455063e-02
7.072162628173828125e-02
1.275844289921224117e-03
5.190112814307212830e-02
-2.161662839353084564e-02
-5.049565061926841736e-02
2.707056514918804169e-02
3.822698956355452538e-03
3.559210523962974548e-02
-1.081216614693403244e-02
1.304465346038341522e-02
-2.630036696791648865e-02
-2.206287905573844910e-02
2.011720463633537292e-02
-4.522751271724700928e-02
-2.315791556611657143e-03
-3.982317820191383362e-02
-3.709566080942749977e-03
-5.841527506709098816e-02
-1.769114658236503601e-02
-8.652564138174057007e-03
-2.882067114114761353e-02
-4.349902272224426270e-02
6.493991240859031677e-04
-3.053957223892211914e-02
-1.128296460956335068e-02
-5.078847706317901611e-02
1.192866638302803040e-02
-5.683734267950057983e-02
3.839703276753425598e-02
-4.068730771541595459e-02
-1.638644002377986908e-02
5.352146178483963013e-02
5.039052106440067291e-03
6.153320148587226868e-02
2.651966176927089691e-02
3.612404689192771912e-02
1.676122844219207764e-02
-2.952320501208305359e-02
5.028175190091133118e-03
-8.794181793928146362e-02
-2.705037593841552734e-02
1.325099449604749680e-02
-1.792141050100326538e-02
-2.842510305345058441e-02
-2.176049537956714630e-02
2.817675005644559860e-03
-4.124999791383743286e-02
2.169717801734805107e-03
-2.767712809145450592e-02
-1.777752302587032318e-02
-1.387083064764738083e-02
-5.446930602192878723e-02
4.842849820852279663e-02
-2.755284868180751801e-02
-2.063962072134017944e-02
-6.601959932595491409e-03
1.406127773225307465e-02
-4.478392004966735840e-02
-4.261028021574020386e-02
-2.359074167907238007e-02
-5.325528979301452637e-02
-3.177927061915397644e-02
6.058179214596748352e-02
-3.412324562668800354e-02
9.954173117876052856e-03
5.299843382090330124e-03
-6.087765470147132874e-02
-2.104073576629161835e-02
-3.452775999903678894e-02
-2.942724898457527161e-02
-3.887904807925224304e-02
2.368194982409477234e-02
-5.127502232789993286e-02
2.918377332389354706e-02
-1.579063944518566132e-02
2.240664698183536530e-02
-7.949315011501312256e-03
9.016420692205429077e-03
3.892906382679939270e-02
-1.376353669911623001e-03
6.509813945740461349e-03
2.440847223624587059e-03
2.671127021312713623e-02
5.005679652094841003e-02
6.305491179227828979e-02
-3.295766562223434448e-02
-4.980856925249099731e-02
-4.371119290590286255e-02
5.443391576409339905e-02
1.411054842174053192e-02
-2.520542778074741364e-02
1.646518893539905548e-02
2.700336836278438568e-02
3.456178307533264160e-02
5.350599437952041626e-02
1.782836019992828369e-02
-2.670996449887752533e-02
-5.048914253711700439e-02
8.197613805532455444e-02
-5.199984088540077209e-02
-2.004969306290149689e-02
4.929385706782341003e-02
6.171790882945060730e-02
7.833995856344699860e-03
-1.303341090679168701e-01
1.396692637354135513e-02
1.923020184040069580e-02
-2.103263139724731445e-02
3.984601423144340515e-02
-6.161022931337356567e-02
2.660748548805713654e-02
3.690740093588829041e-02
-2.635677717626094818e-02
-7.534598000347614288e-03
2.676015952602028847e-03
-1.841610297560691833e-02
-5.148034915328025818e-02
9.543342515826225281e-03
-3.893853724002838135e-02
-5.338353291153907776e-02
3.813327848911285400e-02
1.243762858211994171e-02
-4.326724261045455933e-02
2.198702655732631683e-02
-2.378334850072860718e-02
9.391196072101593018e-03
5.268822237849235535e-02
-1.897468976676464081e-02
-3.502088598906993866e-03
1.691904291510581970e-02
-6.055281683802604675e-02
-2.795907668769359589e-02
-3.544376417994499207e-02
-3.673133626580238342e-02
1.635530032217502594e-02
-2.607692405581474304e-02
3.990571573376655579e-02
3.635603352449834347e-04
-4.683547466993331909e-02
1.066014729440212250e-02
4.017003998160362244e-02
1.100847404450178146e-02
-3.566028550267219543e-02
4.862389061599969864e-03
5.522188171744346619e-02
-4.210084304213523865e-02
-4.087858274579048157e-02
2.649403735995292664e-02
1.144030597060918808e-02
-2.470678649842739105e-02
-5.210803449153900146e-02
-1.970298960804939270e-02
-1.770806312561035156e-02
-1.897293701767921448e-02
1.563732861541211605e-03
-1.272080186754465103e-02
-3.778275847434997559e-02
-1.415216736495494843e-02
1.268486957997083664e-02
-1.677512191236019135e-02
6.108693405985832214e-02
-7.212048396468162537e-03
8.871519938111305237e-03
3.127305209636688232e-02
-8.364494424313306808e-04
5.522287636995315552e-02
-4.358280450105667114e-02
-1.172104477882385254e-02
2.400170080363750458e-02
-1.539613027125597000e-02
2.266262285411357880e-02
-2.725165151059627533e-02
6.632259581238031387e-03
-3.774942830204963684e-02
2.006747573614120483e-02
-1.071897242218255997e-02
-3.783504292368888855e-02
2.979546226561069489e-02
5.241372808814048767e-02
-1.321656350046396255e-02
-3.766551986336708069e-02
-4.435553401708602905e-02
5.697900801897048950e-02
5.633880198001861572e-02
4.587063938379287720e-02
2.474290551617741585e-03
-2.939324826002120972e-02
5.231535434722900391e-02
2.285715565085411072e-02
4.694937542080879211e-02
-7.797057274729013443e-03
-2.631700970232486725e-02
5.731626227498054504e-02
-9.065391495823860168e-03
-3.986849263310432434e-02
-5.762015283107757568e-02
6.007117405533790588e-02
3.079477231949567795e-03
-3.955668210983276367e-02
6.124227121472358704e-02
-6.399729102849960327e-02
1.617663912475109100e-02
-6.404821295291185379e-03
-2.021246403455734253e-02
6.832125782966613770e-02
-4.565494135022163391e-02
-4.049938544631004333e-02
-7.433737069368362427e-02
-6.926287710666656494e-02
-3.960791975259780884e-02
-3.357429290190339088e-03
6.180062890052795410e-02
2.201827708631753922e-03
3.393436968326568604e-02
-5.780616775155067444e-02
5.642772093415260315e-02
-2.968068793416023254e-02
5.101713910698890686e-02
1.050284318625926971e-02
2.968440065160393715e-03
-3.066569752991199493e-02
-3.061351738870143890e-02
-4.524238407611846924e-02
-4.625210713129490614e-04
-1.585769653320312500e-02
1.189547032117843628e-02
-4.535597749054431915e-03
3.139567747712135315e-02
8.628088049590587616e-03
3.643105551600456238e-02
9.693647734820842743e-03
-2.438502945005893707e-02
-5.742580816149711609e-02
-2.158046141266822815e-02
-1.064013540744781494e-01
-2.767712436616420746e-02
-3.931621462106704712e-02
1.763937063515186310e-02
5.141511186957359314e-02
2.571458229795098305e-03
8.672495372593402863e-03
-2.723135752603411674e-03
5.547443404793739319e-02
5.129014328122138977e-02
-4.256029054522514343e-02
-4.613909125328063965e-02
5.414582043886184692e-02
-1.962085627019405365e-02
-5.344802979379892349e-03
4.191097617149353027e-02
3.074910491704940796e-02
3.873255103826522827e-02
-2.482833713293075562e-02
-3.303151577711105347e-02
5.299995094537734985e-02
4.745101556181907654e-02
8.268564939498901367e-02
-6.101391837000846863e-02
4.836516082286834717e-02
4.468074534088373184e-03
1.275209337472915649e-02
1.283910404890775681e-02
2.866351045668125153e-02
-3.463125228881835938e-02
2.000772580504417419e-02
-6.143019534647464752e-03
2.357396855950355530e-02
-8.398827631026506424e-04
5.068257078528404236e-02
-2.349648438394069672e-02
-5.855813249945640564e-02
4.297601059079170227e-02
-4.163869470357894897e-02
8.443843573331832886e-03
-3.107910603284835815e-02
3.557402524165809155e-04
5.676610395312309265e-02
3.488615527749061584e-02
-4.181713610887527466e-02
-2.763962745666503906e-02
-6.384510546922683716e-02
-1.697658747434616089e-02
-2.879751846194267273e-02
5.191060248762369156e-03
-3.227392211556434631e-02
3.029476664960384369e-02
-3.198124468326568604e-02
2.527406997978687286e-02
-3.160345181822776794e-02
4.736621864140033722e-03
3.640847280621528625e-02
4.524252563714981079e-02
-5.957647692412137985e-03
-1.482447981834411621e-02
-5.054719746112823486e-02
1.543580461293458939e-02
1.937082968652248383e-03
-9.125193580985069275e-03
-8.579894900321960449e-03
-1.113163679838180542e-02
3.693538904190063477e-02
-6.017318461090326309e-03
3.686678037047386169e-02
6.697456352412700653e-03
4.467209428548812866e-02
-4.707732296083122492e-04
-1.777863316237926483e-02
2.419430948793888092e-02
1.100058853626251221e-02
-2.168862707912921906e-02
-3.035106323659420013e-02
-2.042925916612148285e-02
3.445031121373176575e-02
-6.148027256131172180e-03
2.477342262864112854e-02
-1.769776456058025360e-02
4.448965191841125488e-02
-4.565210640430450439e-02
2.090817689895629883e-02
1.142358314245939255e-02
-7.909555733203887939e-02
4.609280079603195190e-02
-7.871243171393871307e-03
-3.147009760141372681e-02
-1.886603608727455139e-02
-4.653533548116683960e-02
-4.834653809666633606e-02
2.720111608505249023e-02
5.934827029705047607e-02
-3.895103558897972107e-02
-6.675848364830017090e-02
6.763794925063848495e-03
6.030236370861530304e-03
-4.234899953007698059e-02
2.928627096116542816e-02
4.217777773737907410e-02
5.040655285120010376e-02
-1.059424970299005508e-02
-3.274643048644065857e-02
3.726482624188065529e-03
-2.344310283660888672e-02
4.852794576436281204e-03
4.280005022883415222e-02
-5.270425975322723389e-02
4.591792821884155273e-02
1.566432602703571320e-02
2.646241337060928345e-02
-3.359683603048324585e-02
5.353605956770479679e-04
1.321514416486024857e-02
-3.657815977931022644e-02
2.070571854710578918e-02
5.969801545143127441e-02
4.694955423474311829e-03
-3.785914555191993713e-02
6.136697158217430115e-02
-1.748606003820896149e-02
-5.588138941675424576e-03
3.065724670886993408e-02
-3.517557680606842041e-02
5.685792118310928345e-02
3.405113145709037781e-02
-2.510213106870651245e-02
-4.676624760031700134e-02
-7.859265431761741638e-03
-2.255596965551376343e-02
-2.354956604540348053e-02
2.593964571133255959e-03
-1.243594568222761154e-02
7.929242216050624847e-03
-1.297932304441928864e-02
4.282727837562561035e-02
5.330563709139823914e-02
3.190818056464195251e-02
7.450022548437118530e-02
4.813798889517784119e-02
1.258963486179709435e-03
1.207529101520776749e-03
5.111855268478393555e-02
2.827434428036212921e-02
-4.826813936233520508e-02
6.371599435806274414e-02
-3.968271613121032715e-02
4.589546844363212585e-02
-1.524704787880182266e-02
4.340348392724990845e-02
-4.722992330789566040e-02
7.507316768169403076e-03
-3.656418994069099426e-02
-4.733005538582801819e-03
-6.784727796912193298e-03
2.331258356571197510e-02
7.915889844298362732e-03
5.420284718275070190e-02
5.532220751047134399e-02
2.964524365961551666e-02
-5.150844901800155640e-02
4.862891510128974915e-02
3.604337573051452637e-02
3.502474352717399597e-02
1.697390340268611908e-02
-4.990897700190544128e-02
1.685894653201103210e-02
-5.549766123294830322e-02
2.744552865624427795e-02
4.089188203215599060e-02
2.836127392947673798e-02
-3.137762099504470825e-02
-6.865072995424270630e-02
6.405842304229736328e-02
4.568394739180803299e-03
1.840616576373577118e-02
-6.085377931594848633e-02
3.255669027566909790e-02
4.867947846651077271e-02
1.577734015882015228e-02
-5.948127806186676025e-02
-5.058354511857032776e-02
-8.973549120128154755e-03
-2.752079255878925323e-02
6.709792464971542358e-02
6.205809302628040314e-03
-6.115921307355165482e-03
-1.137802470475435257e-02
2.886764891445636749e-02
2.424556389451026917e-02
4.098262637853622437e-02
2.364454045891761780e-02
-2.474361658096313477e-02
-8.229919523000717163e-02
-2.143788523972034454e-02
-7.416497450321912766e-03
-4.117819666862487793e-02
2.157332561910152435e-02
2.818210981786251068e-02
-2.859718166291713715e-02
-3.280686680227518082e-03
4.994385689496994019e-02
4.862284660339355469e-02
2.456716261804103851e-02
3.360111732035875320e-03
-1.326822023838758469e-02
-1.367737259715795517e-02
-2.734888158738613129e-02
5.179229006171226501e-02
5.215168744325637817e-02
-6.980860233306884766e-02
-3.508950397372245789e-02
-2.176603488624095917e-02
3.031702153384685516e-02
-7.326331455260515213e-03
-2.006611786782741547e-03
-3.911571577191352844e-02
3.379003703594207764e-02
2.713714912533760071e-02
-1.232475880533456802e-02
-2.113819867372512817e-02
-1.456252485513687134e-02
1.942207291722297668e-02
2.756585739552974701e-02
1.513545587658882141e-02
-3.199147433042526245e-02
-3.303918987512588501e-02
-1.494477037340402603e-02
3.910989686846733093e-02
1.140358485281467438e-02
-3.531341254711151123e-02
-3.091785684227943420e-02
5.596066638827323914e-02
2.226891368627548218e-02
-4.262255504727363586e-02
3.803872317075729370e-02
-5.366507545113563538e-02
9.553429670631885529e-03
-3.150116652250289917e-02
4.971154406666755676e-02
6.027639284729957581e-02
1.628773286938667297e-02
-6.629347801208496094e-02
-7.359343580901622772e-03
-5.503105744719505310e-02
-1.620507333427667618e-03
-2.084810100495815277e-02
4.223923012614250183e-02
-1.972171850502490997e-02
1.875817216932773590e-02
2.373269014060497284e-02
-4.543100483715534210e-03
-3.606107085943222046e-02
-4.018754139542579651e-02
-3.284006565809249878e-02
3.012067824602127075e-02
4.241292178630828857e-02
7.145465165376663208e-02
-4.506307467818260193e-02
-4.229227453470230103e-02
-1.963014248758554459e-03
-4.532268270850181580e-02
3.472064621746540070e-03
-5.036890879273414612e-02
-6.742234528064727783e-02
-1.481998246163129807e-02
-1.739910803735256195e-02
-3.015579469501972198e-02
2.668562717735767365e-02
-2.389567345380783081e-02
2.311303466558456421e-02
-3.708337247371673584e-02
5.950221791863441467e-02
5.938094854354858398e-02
2.359738200902938843e-02
1.219139434397220612e-03
-6.327273696660995483e-02
2.893254719674587250e-02
-3.834665566682815552e-02
-4.328062012791633606e-02
-3.702495247125625610e-02
-5.888705700635910034e-02
5.942109506577253342e-03
-1.051345560699701309e-02
-1.590825058519840240e-02
-2.272269502282142639e-02
-9.017954766750335693e-02
-8.093517273664474487e-03
3.374563530087471008e-02
2.249169349670410156e-02
-2.320921793580055237e-02
4.459279403090476990e-02
1.307280454784631729e-02
-1.885733008384704590e-02
-4.267651215195655823e-02
-5.321138538420200348e-03
-2.421462535858154297e-02
4.495845735073089600e-02
-4.458881914615631104e-02
-3.834394505247473717e-03
-4.565200582146644592e-02
-1.750593190081417561e-03
-5.093069374561309814e-02
-4.522635415196418762e-02
-2.730512432754039764e-02
4.007500037550926208e-02
4.363317415118217468e-02
-1.002806238830089569e-02
3.388970717787742615e-02
-3.020095452666282654e-02
-4.222548380494117737e-02
-4.454120621085166931e-02
-1.004784181714057922e-02
4.219115152955055237e-02
1.612351648509502411e-02
-2.295649051666259766e-02
-6.717184931039810181e-02
4.975661169737577438e-03
1.189680863171815872e-02
-3.981002420186996460e-02
-4.172806069254875183e-02
-1.272682752460241318e-02
4.801468923687934875e-02
-7.053863257169723511e-02
-6.248669233173131943e-03
3.984437882900238037e-02
-2.970095723867416382e-02
3.662894479930400848e-03
4.244996607303619385e-02
2.835295535624027252e-02
-2.942067338153719902e-03
6.841330230236053467e-02
-1.331278774887323380e-02
-1.893326453864574432e-02
-6.225018948316574097e-02
1.788288913667201996e-02
-2.737867087125778198e-02
-4.028873983770608902e-03
4.210121929645538330e-02
1.425207685679197311e-02
1.765306852757930756e-02
4.268747568130493164e-02
4.530070349574089050e-02
1.339902449399232864e-02
7.057687733322381973e-03
3.906494379043579102e-02
1.142797153443098068e-02
2.838804386556148529e-02
-3.803390637040138245e-02
5.706011503934860229e-02
-3.958530724048614502e-02
2.976424992084503174e-02
-2.516485936939716339e-02
-3.130212426185607910e-02
-1.549129467457532883e-02
2.357434853911399841e-02
1.883178018033504486e-02
-1.354543212801218033e-02
3.930353745818138123e-02
-3.206503018736839294e-02
-6.099365651607513428e-02
8.578658103942871094e-03
1.573915779590606689e-02
1.865137927234172821e-02
-4.067506641149520874e-02
4.347629100084304810e-02
2.019694307819008827e-03
1.434335019439458847e-02
2.448622509837150574e-02
2.464818395674228668e-02
-5.259833484888076782e-02
-3.586401417851448059e-02
-4.189217835664749146e-02
-5.015705898404121399e-02
4.327160120010375977e-02
-8.725741878151893616e-03
-5.790394265204668045e-03
3.460588306188583374e-02
-3.347269073128700256e-02
-3.405058756470680237e-03
1.938569918274879456e-02
-1.321123726665973663e-02
6.244546966627240181e-04
-3.329762071371078491e-02
-5.134868994355201721e-02
3.554390370845794678e-02
2.285998128354549408e-02
-3.766914457082748413e-02
-1.714653335511684418e-02
3.055287711322307587e-02
-4.437545314431190491e-02
-3.378098830580711365e-02
1.936631277203559875e-02
-6.967215240001678467e-02
-2.611725591123104095e-02
-3.225949406623840332e-02
-3.057531453669071198e-02
-3.763509541749954224e-02
-3.572982549667358398e-02
-1.225372124463319778e-02
4.143878072500228882e-02
-2.429575473070144653e-02
-1.756242662668228149e-02
-7.808013819158077240e-03
5.217721313238143921e-02
6.647782772779464722e-02
-2.488470822572708130e-02
5.467844381928443909e-02
4.989488981664180756e-03
4.941824451088905334e-02
-5.002614483237266541e-02
1.118154544383287430e-02
3.095899941399693489e-03
-3.110470063984394073e-02
1.091937161982059479e-02
-1.239022612571716309e-02
-2.757657319307327271e-02
-5.402153730392456055e-02
1.528570801019668579e-02
-1.111676637083292007e-02
8.789809420704841614e-03
-3.377485647797584534e-02
-5.893991142511367798e-02
6.920201703906059265e-03
6.440939754247665405e-02
6.559453904628753662e-02
4.278510436415672302e-02
1.898675598204135895e-02
-5.364524200558662415e-02
-4.587367549538612366e-02
1.609523035585880280e-02
1.161820837296545506e-03
5.822824686765670776e-02
-2.504831179976463318e-02
-1.427869591861963272e-02
-1.237689517438411713e-02
-4.069098457694053650e-02
-9.519361890852451324e-03
-6.173057109117507935e-02
1.102291326969861984e-02
6.865850090980529785e-02
4.805210977792739868e-02
2.466366067528724670e-02
-2.402133680880069733e-02
-7.421412505209445953e-03
-9.580525569617748260e-03
3.252338618040084839e-02
-3.396738320589065552e-02
3.851487860083580017e-02
-3.762787953019142151e-02
-2.541145496070384979e-02
-4.981492459774017334e-02
2.860908396542072296e-02
-3.751634061336517334e-02
2.794642001390457153e-02
-7.744443416595458984e-02
-5.132437869906425476e-02
6.808289885520935059e-02
1.576742343604564667e-02
3.161673992872238159e-02
-2.102658338844776154e-02
-6.916213780641555786e-02
4.182487726211547852e-02
-8.838679641485214233e-03
2.738630026578903198e-02
-5.485104862600564957e-03
2.135144174098968506e-02
3.849793225526809692e-02
5.638397997245192528e-04
4.371146857738494873e-02
-1.042602490633726120e-02
3.290354972705245018e-03
1.235019648447632790e-03
3.158003091812133789e-02
4.114123061299324036e-02
-4.753471165895462036e-02
4.669590294361114502e-02
3.632901236414909363e-02
1.297028269618749619e-02
2.682103402912616730e-02
-3.693849593400955200e-02
6.392573565244674683e-02
2.656723372638225555e-02
4.411771148443222046e-02
-2.290622331202030182e-03
-4.261862486600875854e-02
-6.242978572845458984e-02
4.048515856266021729e-02
4.056565463542938232e-02
2.539018169045448303e-02
6.600848864763975143e-03
-7.464558817446231842e-03
-2.891736477613449097e-02
1.970816217362880707e-02
4.052213206887245178e-02
-9.761159308254718781e-03
8.824126794934272766e-03
2.660419046878814697e-02
2.517603151500225067e-02
1.885473169386386871e-02
-5.809473246335983276e-02
-2.504757978022098541e-02
-5.576446652412414551e-02
-4.603862762451171875e-02
7.776082493364810944e-03
3.211893839761614799e-03
4.186186566948890686e-02
-2.923848293721675873e-02
2.452999167144298553e-02
2.318788133561611176e-02
-3.106634691357612610e-02
-2.891186624765396118e-02
-1.591054536402225494e-02
-1.149893552064895630e-02
-2.648566477000713348e-02
-3.559758141636848450e-02
-2.070191875100135803e-02
-6.190251186490058899e-02
-9.524749964475631714e-02
1.828925311565399170e-02
-8.472724002785980701e-04
4.524243995547294617e-02
6.011741235852241516e-03
3.124131076037883759e-02
-3.638059645891189575e-02
-6.084331125020980835e-02
3.160044550895690918e-02
-2.446330524981021881e-02
1.401774119585752487e-02
1.188570074737071991e-02
-6.787396967411041260e-02
6.027546897530555725e-02
-8.031048625707626343e-02
1.287944521754980087e-02
6.572961807250976562e-02
-4.767027124762535095e-02
-2.195344492793083191e-02
3.966645523905754089e-02
1.386360265314579010e-02
-2.611079066991806030e-02
5.189523845911026001e-02
-3.406536579132080078e-02
6.366216577589511871e-03
-5.719815194606781006e-02
3.847927227616310120e-02
-2.220748178660869598e-02
-4.296527430415153503e-02
4.880745336413383484e-02
1.810819655656814575e-02
-1.183599233627319336e-02
2.465357817709445953e-02
2.744036167860031128e-02
-5.769023671746253967e-02
2.187700755894184113e-02
-6.732455920428037643e-03
2.056095376610755920e-02
2.474778331816196442e-02
-1.626200042665004730e-02
1.241765636950731277e-02
4.423407837748527527e-02
-4.233909025788307190e-02
3.362734243273735046e-02
-3.677998110651969910e-02
1.633231528103351593e-02
1.530973147600889206e-02
-4.459739103913307190e-02
-8.056960254907608032e-02
-1.848758198320865631e-02
4.744123667478561401e-02
5.147412046790122986e-02
1.460142061114311218e-02
2.688909694552421570e-02
3.626061603426933289e-02
3.110820427536964417e-02
2.211823128163814545e-02
-3.614101186394691467e-02
1.245382986962795258e-02
-1.192021183669567108e-02
1.467879023402929306e-02
2.639810740947723389e-02
-8.311975747346878052e-03
-4.399724677205085754e-02
-3.273000195622444153e-02
-2.666000276803970337e-02
-1.544120348989963531e-02
-4.621988162398338318e-02
1.672694645822048187e-02
4.893748462200164795e-02
1.999487541615962982e-02
5.042507126927375793e-02
-5.803428217768669128e-02
-5.554840341210365295e-02
5.844823271036148071e-02
4.455174505710601807e-02
-4.301621764898300171e-02
1.622086763381958008e-02
2.094325423240661621e-02
-9.250267408788204193e-03
-5.748194456100463867e-02
4.307124763727188110e-02
1.236042007803916931e-02
3.265194594860076904e-02
-1.728725386783480644e-03
-2.451648004353046417e-02
5.103076621890068054e-02
2.587247826159000397e-02
-5.063655227422714233e-02
-1.372632104903459549e-02
-5.572940781712532043e-02
-2.367493882775306702e-02
5.842259526252746582e-02
1.229953300207853317e-02
2.019508741796016693e-02
-4.506653547286987305e-02
2.247128635644912720e-02
4.410354420542716980e-02
-3.761257976293563843e-02
-9.993162937462329865e-03
2.227821014821529388e-02
-1.078882534056901932e-02
7.072404026985168457e-02
3.930785227566957474e-03
-2.526654303073883057e-02
-1.181060448288917542e-02
5.895882472395896912e-02
1.707246713340282440e-02
-5.658718198537826538e-02
-3.612134605646133423e-02
5.389580875635147095e-02
-5.390087142586708069e-03
-1.863705180585384369e-02
2.100117690861225128e-02
-1.239021681249141693e-02
4.457921534776687622e-02
-1.322615426033735275e-02
3.647792711853981018e-02
-2.491381205618381500e-02
-1.412125770002603531e-02
-6.239539384841918945e-02
-3.705736249685287476e-02
-1.644556596875190735e-02
-1.383411884307861328e-02
7.459271699190139771e-02
-5.309569835662841797e-02
1.144240517169237137e-02
-3.555255383253097534e-02
-4.682040214538574219e-02
4.563851282000541687e-02
-6.680382788181304932e-02
-5.539703741669654846e-02
4.331096634268760681e-02
-3.312752768397331238e-02
-2.821864932775497437e-02
-4.509318154305219650e-03
4.036134481430053711e-02
5.796402320265769958e-02
-3.542606160044670105e-02
-3.158332407474517822e-02
-9.450867772102355957e-03
-1.536135189235210419e-02
6.123217195272445679e-02
4.292149469256401062e-02
4.924754612147808075e-03
-3.493675962090492249e-02
5.100880563259124756e-02
1.706707105040550232e-02
-2.064488129690289497e-03
1.893037743866443634e-02
3.294335305690765381e-02
-8.716682903468608856e-03
3.368673101067543030e-02
-2.323933131992816925e-02
1.731182076036930084e-02
3.050099313259124756e-02
1.683806069195270538e-02
4.769187420606613159e-02
-1.238575950264930725e-02
1.752269268035888672e-02
-1.460806699469685555e-03
-6.421025842428207397e-02
1.433221623301506042e-02
-2.785785496234893799e-02
6.562741938978433609e-03
-4.943943023681640625e-02
2.352304011583328247e-02
-3.603802248835563660e-02
-1.093030296033248305e-04
-7.485749572515487671e-02
-3.969541192054748535e-02
5.341463908553123474e-02
1.505605131387710571e-02
-1.094921119511127472e-02
-5.181117355823516846e-02
5.064086243510246277e-02
4.268558323383331299e-02
-9.039475582540035248e-03
3.575425827875733376e-03
1.382994186133146286e-02
3.231070935726165771e-02
5.494134128093719482e-02
-9.447266347706317902e-03
4.542336240410804749e-02
1.932653971016407013e-02
-5.051194503903388977e-02
-2.674390561878681183e-02
2.664627134799957275e-02
4.509602487087249756e-02
-3.917857259511947632e-02
3.632391989231109619e-02
-3.138940781354904175e-02
-4.997469857335090637e-02
7.222421001642942429e-03
-3.820293815806508064e-03
-6.443272531032562256e-02
-4.055594280362129211e-02
2.999797277152538300e-02
-5.248972028493881226e-02
5.839906632900238037e-03
6.243988871574401855e-03
-1.054142322391271591e-02
-3.975133225321769714e-02
-1.106851734220981598e-02
-2.889700978994369507e-02
-3.153305035084486008e-03
3.026898391544818878e-02
7.416421081870794296e-03
-7.635809946805238724e-03
-5.539897456765174866e-02
5.394552648067474365e-02
-1.467537041753530502e-02
6.296582520008087158e-02
1.127790659666061401e-03
-1.342802681028842926e-02
-2.688231132924556732e-02
3.893862292170524597e-02
-5.419647786766290665e-03
-5.292925983667373657e-02
-2.257947809994220734e-02
-3.454580903053283691e-02
7.074792403727769852e-03
3.905750811100006104e-02
-6.188309565186500549e-02
-3.618953982368111610e-03
-3.004916384816169739e-02
2.413815818727016449e-02
-2.390602417290210724e-02
-4.684536531567573547e-02
-2.083071973174810410e-03
-1.993750687688589096e-03
-2.642998471856117249e-02
2.373958937823772430e-03
4.141545295715332031e-02
-6.664093583822250366e-03
2.471687039360404015e-03
3.032732754945755005e-02
-3.277964517474174500e-02
1.830676756799221039e-02
-3.682900965213775635e-02
7.724481076002120972e-02
-1.059192512184381485e-02
-3.851366043090820312e-02
-3.313247486948966980e-02
2.215508185327053070e-02
-6.697357445955276489e-02
-6.283446401357650757e-02
7.392960041761398315e-02
2.052268385887145996e-02
1.468705106526613235e-02
-6.473217904567718506e-02
-6.637706607580184937e-02
1.292428839951753616e-02
-6.164105236530303955e-02
-5.611144751310348511e-02
5.400936678051948547e-02
7.546690106391906738e-02
4.188599810004234314e-02
4.756037145853042603e-02
4.868322517722845078e-03
-8.167073130607604980e-02
7.118744309991598129e-03
5.648828111588954926e-03
-4.793273285031318665e-02
-2.149807848036289215e-02
1.066200807690620422e-02
1.025681197643280029e-02
-3.499846905469894409e-02
-4.330574348568916321e-02
-3.322390466928482056e-02
-8.091550320386886597e-03
1.984453573822975159e-02
-4.821532592177391052e-02
7.669247221201658249e-03
-6.242216750979423523e-02
6.759008020162582397e-02
-5.633544921875000000e-02
-1.464690174907445908e-02
4.305940121412277222e-02
-1.697566546499729156e-02
4.174305498600006104e-02
-2.516559325158596039e-02
8.043752983212471008e-03
7.052247878164052963e-03
-2.295811474323272705e-02
-4.333971533924341202e-03
3.780974447727203369e-02
-2.636104822158813477e-03
1.063387095928192139e-02
-3.499788418412208557e-02
-4.054085165262222290e-02
3.833682090044021606e-02
6.047653779387474060e-02
2.302188985049724579e-02
1.815134845674037933e-02
1.292147580534219742e-02
2.570872567594051361e-02
3.535250574350357056e-02
3.060323558747768402e-02
-4.405335709452629089e-02
-5.461155436933040619e-03
-1.748681999742984772e-02
-1.000442821532487869e-02
1.126522198319435120e-02
5.856099724769592285e-02
-4.165171831846237183e-02
-6.653697788715362549e-02
-6.844897568225860596e-02
-3.728874400258064270e-02
-1.410148665308952332e-02
-1.937152445316314697e-02
-1.401283685117959976e-02
-1.776248030364513397e-02
-8.925532922148704529e-03
-1.982592791318893433e-02
1.513510290533304214e-02
3.976370394229888916e-02
-4.456006735563278198e-02
-3.710420057177543640e-02
1.688687130808830261e-03
2.880009077489376068e-02
-5.619961023330688477e-02
4.286592453718185425e-02
4.209032654762268066e-02
-4.669742658734321594e-02
1.198761817067861557e-02
1.549333054572343826e-02
-3.228254616260528564e-02
-4.591493308544158936e-02
5.879902094602584839e-02
-2.031670510768890381e-02
-1.766577549278736115e-02
-1.429954264312982559e-02
-3.558110818266868591e-02
1.037597097456455231e-02
-3.871511295437812805e-02
-4.053583741188049316e-02
-5.201591551303863525e-02
-1.528168004006147385e-02
7.465934846550226212e-03
3.197560831904411316e-02
3.408214077353477478e-02
-6.300342082977294922e-02
-2.830696292221546173e-02
5.449460446834564209e-02
2.293956093490123749e-02
4.469941183924674988e-02
-2.814005501568317413e-02
-1.126560382544994354e-02
1.729178056120872498e-02
-6.423480808734893799e-03
-6.535763532156124711e-05
1.668589073233306408e-03
-6.858465820550918579e-02
-8.540290407836437225e-03
1.823646016418933868e-02
2.081429585814476013e-02
6.054598465561866760e-02
1.907569169998168945e-02
9.509943425655364990e-03
3.938636556267738342e-02
-2.626147307455539703e-02
-5.699703097343444824e-02
-2.849721722304821014e-02
2.259283699095249176e-02
1.517665851861238480e-02
-3.347640112042427063e-02
-3.116093389689922333e-02
-1.210452150553464890e-02
2.275446429848670959e-02
-5.651103332638740540e-02
-3.386276587843894958e-02
-5.375645682215690613e-02
1.186569221317768097e-02
-5.466730147600173950e-02
1.346264500170946121e-02
8.090130984783172607e-03
4.267737641930580139e-02
-2.071164175868034363e-02
-4.119638353586196899e-02
1.373849622905254364e-02
5.848832800984382629e-02
-5.264385789632797241e-02
3.638098016381263733e-02
-6.647446192800998688e-03
-4.000370949506759644e-02
-1.049161888659000397e-02
6.042625010013580322e-02
2.126873657107353210e-02
1.852392032742500305e-02
-5.045191571116447449e-02
-1.844944618642330170e-02
7.737188041210174561e-02
1.483730133622884750e-02
-9.504498913884162903e-03
-3.937494382262229919e-02
8.008401840925216675e-03
2.962298132479190826e-02
4.158843308687210083e-02
-4.777663573622703552e-02
4.369707033038139343e-02
-6.702684611082077026e-02
1.559498603455722332e-03
2.319322200492024422e-03
6.974852643907070160e-03
7.850331254303455353e-03
-4.604562744498252869e-02
4.569841176271438599e-02
-3.236442431807518005e-02
3.007030114531517029e-03
1.432043500244617462e-02
-3.951478749513626099e-02
3.621881455183029175e-02
3.507211431860923767e-02
3.234427422285079956e-02
5.610399320721626282e-02
-9.060678072273731232e-03
-2.487142011523246765e-02
3.834023373201489449e-03
-5.901501700282096863e-02
2.396290563046932220e-02
4.414512589573860168e-02
-3.359754011034965515e-02
6.061349995434284210e-03
2.727244235575199127e-02
4.599495325237512589e-03
-1.597178727388381958e-02
-4.034251719713211060e-02
3.765994682908058167e-02
4.550038278102874756e-02
1.329043973237276077e-02
-1.817204616963863373e-02
-1.133969891816377640e-02
-3.366061672568321228e-02
2.264077542349696159e-03
3.175869956612586975e-02
-5.435865744948387146e-02
-4.412021115422248840e-02
-7.462271302938461304e-02
-3.837485099211335182e-03
1.480695884674787521e-02
-6.991103757172822952e-03
7.621420547366142273e-03
3.052943199872970581e-02
-3.163082152605056763e-02
-3.013566508889198303e-02
-3.790045529603958130e-02
4.568530130200088024e-04
6.284539401531219482e-02
1.025232765823602676e-02
3.639310225844383240e-02
-4.941296577453613281e-02
-2.676292508840560913e-02
6.773844826966524124e-03
-2.292400971055030823e-02
-4.229006916284561157e-02
2.100936323404312134e-02
-6.853815913200378418e-02
-1.668107695877552032e-02
6.076060980558395386e-02
-5.777894333004951477e-02
4.951498284935951233e-02
7.481688261032104492e-02
-2.646026946604251862e-02
1.289216708391904831e-02
-2.162689529359340668e-02
-5.020739044994115829e-03
-1.081727631390094757e-02
2.054380066692829132e-02
5.353804305195808411e-02
-2.420146483927965164e-04
-4.356825258582830429e-03
4.776596650481224060e-02
2.525978721678256989e-02
2.442636899650096893e-02
5.161857232451438904e-02
5.504814162850379944e-02
3.626415506005287170e-02
-3.714112192392349243e-02
7.383360993117094040e-03
4.617798700928688049e-02
6.822495255619287491e-03
1.441823318600654602e-02
-2.378941886126995087e-02
-1.397901121526956558e-02
2.628333307802677155e-02
1.280926167964935303e-02
4.966943711042404175e-02
-4.246033728122711182e-02
2.588462270796298981e-02
-4.444020986557006836e-02
2.840725332498550415e-02
-5.048652365803718567e-02
-2.834419161081314087e-02
9.011444635689258575e-03
3.883426636457443237e-02
8.547768928110599518e-03
-6.775885354727506638e-03
-4.813633114099502563e-02
2.005977556109428406e-02
2.264947816729545593e-02
4.847611114382743835e-02
5.784570053219795227e-02
9.916700422763824463e-03
-3.391563147306442261e-02
1.315571460872888565e-02
-4.654737934470176697e-02
-4.173285886645317078e-02
1.413178816437721252e-02
4.825902637094259262e-03
-5.193141475319862366e-02
6.156678497791290283e-02
-3.167110029608011246e-03
1.121116057038307190e-02
-5.008684936910867691e-03
4.076302796602249146e-02
-5.094208195805549622e-02
4.517526924610137939e-02
2.579799294471740723e-02
-3.287543356418609619e-02
-8.995042741298675537e-02
3.398033976554870605e-02
-4.671045020222663879e-02
2.034773677587509155e-02
3.281872719526290894e-03
2.681339345872402191e-02
3.498530422803014517e-04
-1.474742870777845383e-02
-4.504927620291709900e-02
-3.596767783164978027e-02
3.505855798721313477e-02
2.956144511699676514e-02
2.314718440175056458e-02
-3.873411938548088074e-02
-2.724641747772693634e-02
4.025887325406074524e-02
-3.070694766938686371e-02
-2.481708861887454987e-02
-1.907081529498100281e-02
3.709406778216362000e-02
2.028064616024494171e-02
-4.823499172925949097e-02
2.377124270424246788e-03
3.196521848440170288e-02
-3.234313055872917175e-02
-1.935846358537673950e-02
9.237342514097690582e-03
3.566866740584373474e-02
5.664132907986640930e-02
-2.443321980535984039e-02
-6.019628606736660004e-03
2.550992928445339203e-02
-3.556104749441146851e-02
-1.817761920392513275e-03
-4.467495530843734741e-02
-8.288924582302570343e-03
6.053034216165542603e-02
-2.192623354494571686e-02
-8.909993804991245270e-03
1.965078059583902359e-03
3.754107281565666199e-02
1.808169484138488770e-02
-3.872847883030772209e-03
3.274298831820487976e-02
1.893073320388793945e-02
2.400137670338153839e-02
1.517343800514936447e-02
1.209386973641812801e-03
-5.922338366508483887e-02
2.769545279443264008e-02
7.099048793315887451e-02
-1.648971252143383026e-02
-6.070322170853614807e-02
3.087230585515499115e-02
-2.580731734633445740e-02
1.453838404268026352e-02
-3.103111125528812408e-02
-8.557938039302825928e-03
-5.552961304783821106e-02
-3.486318513751029968e-02
-5.046198517084121704e-02
1.397378835827112198e-02
-4.007646813988685608e-02
3.027100581675767899e-03
1.899994723498821259e-02
-1.137144789099693298e-01
3.017260879278182983e-02
2.226587152108550072e-03
1.492869295179843903e-02
-5.083457753062248230e-02
-4.590035974979400635e-02
3.129366040229797363e-02
5.646856874227523804e-02
2.992438711225986481e-02
4.286021366715431213e-02
7.327607367187738419e-03
-2.059635240584611893e-03
3.007666021585464478e-02
2.477861754596233368e-02
-5.857450887560844421e-02
-1.668502017855644226e-02
2.654746174812316895e-02
5.920322984457015991e-02
-2.008095569908618927e-02
-3.097296506166458130e-02
1.739991270005702972e-02
-1.710526645183563232e-02
-5.588494986295700073e-02
4.807140305638313293e-02
6.217943876981735229e-02
3.798034042119979858e-02
2.068481780588626862e-02
-1.622061431407928467e-02
7.045770063996315002e-03
4.097660258412361145e-02
9.757186053320765495e-04
5.690967291593551636e-02
-3.657050663605332375e-03
-1.108539011329412460e-02
3.302276507019996643e-02
4.121048003435134888e-02
-4.986403882503509521e-02
2.099366299808025360e-02
6.302776187658309937e-02
-3.091314062476158142e-02
-2.071684040129184723e-02
2.661708928644657135e-02
-5.828354507684707642e-02
-6.572686880826950073e-02
1.665586233139038086e-02
-3.693534433841705322e-02
-1.605042628943920135e-02
-1.213248260319232941e-02
3.884072229266166687e-02
1.343880034983158112e-02
-2.837920188903808594e-02
3.274871408939361572e-02
-8.957018703222274780e-02
-6.440521031618118286e-02
5.067054182291030884e-02
-9.326633065938949585e-03
-1.000670716166496277e-02
5.624518170952796936e-02
-1.556092966347932816e-02
-1.239930558949708939e-02
-3.910563886165618896e-02
4.655643552541732788e-02
-2.137116901576519012e-02
1.223096624016761780e-03
6.572412326931953430e-03
-5.560386180877685547e-02
-2.678955718874931335e-02
-3.298432752490043640e-02
-2.082065911963582039e-03
4.348968341946601868e-02
4.061934351921081543e-02
-9.623383171856403351e-03
-2.998367324471473694e-02
-2.246487699449062347e-02
1.146061625331640244e-02
3.966600820422172546e-02
-4.081551358103752136e-02
2.068878849968314171e-03
4.447307810187339783e-02
7.232563942670822144e-02
-3.649776056408882141e-02
-4.277328960597515106e-03
1.545117795467376709e-02
-1.646361872553825378e-02
3.373157605528831482e-02
2.449836023151874542e-02
3.221374377608299255e-02
2.361253835260868073e-02
3.424249216914176941e-02
4.117281362414360046e-02
-5.475324019789695740e-02
9.484075126238167286e-04
3.506258130073547363e-02
-3.192759677767753601e-02
1.153152342885732651e-02
-3.317341580986976624e-02
-3.281007707118988037e-02
-5.723804235458374023e-02
1.933132857084274292e-02
-1.230516564100980759e-02
1.616535894572734833e-02
6.420916318893432617e-02
-2.808495610952377319e-02
-3.677834523841738701e-03
-6.430713832378387451e-02
1.681071519851684570e-02
-1.234199292957782745e-02
1.607495173811912537e-02
-1.750784739851951599e-02
-2.219859324395656586e-02
-7.282147184014320374e-03
-1.125303655862808228e-02
3.298797830939292908e-02
6.836899369955062866e-02
1.996120810508728027e-02
1.424690242856740952e-02
1.711323158815503120e-03
-4.609698429703712463e-02
3.008180484175682068e-02
-4.319559037685394287e-02
5.284315906465053558e-03
5.013318266719579697e-03
4.435773566365242004e-02
1.350969914346933365e-02
2.364341542124748230e-02
-2.537837624549865723e-02
3.056986816227436066e-02
-4.452520236372947693e-02
5.573677644133567810e-02
-6.164214108139276505e-03
1.744314469397068024e-02
-7.048192620277404785e-02
6.411725655198097229e-03
1.918407622724771500e-03
-4.519353061914443970e-02
4.092881083488464355e-02
-4.492051526904106140e-02
1.841595396399497986e-02
-5.420679692178964615e-03
4.996769502758979797e-02
-1.544485613703727722e-02
-5.680922418832778931e-02
-1.133201457560062408e-02
5.073747411370277405e-02
-2.898220717906951904e-02
2.997121773660182953e-02
-3.061833232641220093e-02
-1.668094471096992493e-02
-7.493592053651809692e-02
-1.211228221654891968e-02
2.465834468603134155e-02
2.829068340361118317e-02
4.579026997089385986e-02
-9.283514693379402161e-03
5.067824199795722961e-02
-2.400108054280281067e-02
5.657738540321588516e-03
8.406215161085128784e-02
-1.496342103928327560e-02
2.901369147002696991e-02
4.379455000162124634e-02
3.737973794341087341e-02
-9.639794938266277313e-03
1.884317770600318909e-02
-3.514990955591201782e-02
-3.286677598953247070e-02
-3.345152735710144043e-02
-2.910673059523105621e-02
6.542160362005233765e-02
-5.854381620883941650e-02
-3.217877447605133057e-02
7.530693896114826202e-03
1.385304145514965057e-03
-6.341955065727233887e-02
2.441963879391551018e-03
-2.503657154738903046e-02
-2.930057607591152191e-02
-1.328645367175340652e-02
-4.322845116257667542e-02
-3.191296756267547607e-02
-6.514181196689605713e-02
5.842835456132888794e-02
2.420008555054664612e-02
1.518666744232177734e-02
2.294864505529403687e-02
6.793793290853500366e-02
3.061956539750099182e-02
-4.728209599852561951e-02
-4.007034003734588623e-03
-3.778738528490066528e-02
1.420248951762914658e-02
4.887163639068603516e-03
1.001287437975406647e-02
3.797035664319992065e-02
5.202639475464820862e-02
-1.418096292763948441e-02
-4.293660447001457214e-02
5.862594768404960632e-02
1.596467196941375732e-02
4.305706918239593506e-02
4.124808311462402344e-02
2.948823943734169006e-02
2.097830548882484436e-02
-3.175537660717964172e-02
-7.713111117482185364e-04
-2.757655270397663116e-02
-5.042855627834796906e-03
2.528923749923706055e-02
-1.827471330761909485e-02
-1.295261271297931671e-02
-3.763386607170104980e-02
1.708097755908966064e-02
4.285449907183647156e-02
-3.596713021397590637e-02
1.209878642112016678e-02
7.253351062536239624e-02
-2.733166329562664032e-02
-5.750493705272674561e-02
-2.742432430386543274e-02
-9.184529073536396027e-03
1.491201389580965042e-02
3.669079020619392395e-02
1.656812801957130432e-02
2.403798513114452362e-02
-3.228981420397758484e-02
1.397993322461843491e-02
-6.231613457202911377e-02
9.269694564864039421e-04
3.766446560621261597e-02
-4.000771418213844299e-02
7.531464844942092896e-02
-2.878210134804248810e-02
4.053236544132232666e-02
-2.214813418686389923e-02
-2.701510908082127571e-03
-4.533466696739196777e-02
-5.187544971704483032e-02
1.706719584763050079e-02
4.732424020767211914e-02
-3.859972208738327026e-02
2.980826608836650848e-02
-2.911220863461494446e-02
-3.304471261799335480e-03
5.720070376992225647e-02
2.737350203096866608e-02
2.313564904034137726e-02
3.595725446939468384e-02
2.032154798507690430e-02
-2.939122915267944336e-02
7.246696203947067261e-02
-5.643841624259948730e-02
-2.371101640164852142e-02
2.080328576266765594e-02
5.877926945686340332e-03
1.709119975566864014e-02
2.176606655120849609e-02
-1.567538455128669739e-02
1.070714090019464493e-02
1.317103859037160873e-02
2.503133378922939301e-02
8.631933480501174927e-03
1.502720639109611511e-02
-5.290989577770233154e-02
-5.178669840097427368e-02
-3.503084555268287659e-02
1.183086074888706207e-02
3.618973866105079651e-02
3.445550054311752319e-02
-1.409567054361104965e-02
-4.984972998499870300e-02
6.484833359718322754e-02
2.268586494028568268e-02
1.400288660079240799e-03
5.111308768391609192e-03
-6.388441473245620728e-02
1.552920136600732803e-02
1.082671713083982468e-02
4.613740369677543640e-02
6.394849717617034912e-02
3.979996312409639359e-03
-1.036246027797460556e-02
-2.632429823279380798e-02
4.506587237119674683e-02
4.232750460505485535e-02
-4.603940527886152267e-03
1.084203686332330108e-04
-3.320480138063430786e-02
1.936851255595684052e-02
5.206393450498580933e-02
-1.080487109720706940e-02
-4.910881817340850830e-02
-3.355031833052635193e-02
-2.889324724674224854e-02
1.881578750908374786e-02
-5.351102910935878754e-03
-8.692146092653274536e-02
-2.740931324660778046e-02
-2.932352572679519653e-02
1.123217400163412094e-02
4.525235295295715332e-02
-6.165048852562904358e-02
-1.963440561667084694e-03
1.682804524898529053e-02
2.207669429481029510e-02
-1.174701657146215439e-02
7.905377447605133057e-02
7.115627080202102661e-02
-5.127800256013870239e-02
-5.346072837710380554e-02
-4.586235806345939636e-02
5.779594182968139648e-03
-2.811283618211746216e-02
-5.005872622132301331e-02
4.652682691812515259e-03
1.901031658053398132e-02
2.386627020314335823e-03
-2.440982870757579803e-02
3.029455803334712982e-02
-3.631021082401275635e-02
2.519025094807147980e-02
-1.680771447718143463e-02
-9.322474710643291473e-03
4.794956184923648834e-03
-4.742202907800674438e-02
2.463097497820854187e-02
-8.127204328775405884e-02
3.056318126618862152e-02
5.439148470759391785e-02
8.977135643362998962e-03
-2.956832526251673698e-03
1.691458933055400848e-02
-2.589584328234195709e-02
-1.198795996606349945e-02
1.300545595586299896e-02
-3.683323040604591370e-02
1.442531123757362366e-02
-9.114969521760940552e-03
8.630070090293884277e-02
-2.432579174637794495e-02
6.430697976611554623e-04
-1.850968599319458008e-02
6.897154450416564941e-02
-4.591674543917179108e-03
2.202100679278373718e-02
-3.042431175708770752e-02
-4.315983504056930542e-02
-1.340712327510118484e-02
-3.616184741258621216e-02
-8.094199001789093018e-03
5.499402061104774475e-02
2.460728026926517487e-02
-6.344038993120193481e-03
-1.118876133114099503e-02
-1.130287256091833115e-02
-3.799341386184096336e-03
1.056922413408756256e-02
-1.187220402061939240e-02
2.519275806844234467e-02
2.125741168856620789e-02
4.694082587957382202e-02
-1.743435859680175781e-02
4.995421692728996277e-02
-6.182948499917984009e-02
-3.179179877042770386e-02
-3.015910275280475616e-02
-5.113699939101934433e-03
-3.620120137929916382e-02
2.099190652370452881e-02
5.912169814109802246e-03
5.258813500404357910e-02
2.434512786567211151e-02
-1.379151362925767899e-02
-5.093511566519737244e-02
1.269939355552196503e-02
-3.934869170188903809e-02
2.612951584160327911e-02
5.439428612589836121e-02
4.185325652360916138e-02
-2.398031018674373627e-02
1.326321624219417572e-02
-2.270899480208754539e-03
1.656318083405494690e-02
2.492820844054222107e-03
-1.780651323497295380e-02
-2.575264871120452881e-02
1.918075792491436005e-02
3.189016506075859070e-02
2.211346849799156189e-02
3.688004240393638611e-02
6.580637395381927490e-02
-2.508253091946244240e-03
-1.927962154150009155e-02
-3.321691974997520447e-02
-6.221357360482215881e-02
1.282319240272045135e-02
2.775955758988857269e-02
-3.860159777104854584e-03
7.960844668559730053e-04
5.689799040555953979e-02
1.979102194309234619e-02
5.061235651373863220e-02
3.148145740851759911e-03
2.628465183079242706e-02
5.077992007136344910e-02
-2.795348130166530609e-02
6.914218422025442123e-03
1.000305637717247009e-02
2.696257270872592926e-02
-3.540123626589775085e-02
1.526612509042024612e-02
-5.235832557082176208e-02
2.973130717873573303e-02
-2.898765541613101959e-02
-1.016889605671167374e-02
-1.172664691694080830e-03
1.269169617444276810e-03
5.196359008550643921e-02
-1.959250308573246002e-02
3.674747794866561890e-02
-3.233340382575988770e-02
3.187866136431694031e-02
6.942989677190780640e-02
-3.488549217581748962e-02
3.897298872470855713e-02
-2.724951878190040588e-02
-4.675734043121337891e-02
-4.051644355058670044e-02
-3.990489616990089417e-02
-7.617794722318649292e-02
-1.819229498505592346e-02
1.575142890214920044e-02
1.684045605361461639e-02
-2.123396471142768860e-02
7.302666082978248596e-03
2.195744402706623077e-02
1.834840513765811920e-02
-1.615354232490062714e-02
8.718257769942283630e-03
4.351785033941268921e-02
3.053133375942707062e-02
-1.046022586524486542e-02
7.472490519285202026e-02
-6.021611019968986511e-02
2.123910374939441681e-02
-5.168996867723762989e-04
-1.171172969043254852e-02
6.596802920103073120e-02
-6.697521079331636429e-03
-5.960010364651679993e-02
2.302532829344272614e-02
-3.045823425054550171e-02
-5.539109930396080017e-02
2.059393154922872782e-04
3.352744388394057751e-04
-5.500061437487602234e-02
-5.980242043733596802e-02
7.697497494518756866e-03
2.249811403453350067e-02
-3.273246693424880505e-05
1.751418225467205048e-02
-1.085561793297529221e-02
3.798278421163558960e-02
5.203953012824058533e-03
2.140465751290321350e-02
-1.912544295191764832e-02
5.089404433965682983e-02
5.271581001579761505e-03
6.520637124776840210e-02
-6.656635552644729614e-02
3.692280128598213196e-02
-2.304812427610158920e-03
2.923065237700939178e-02
4.359750449657440186e-02
-3.245272091589868069e-04
-3.135998547077178955e-02
-4.288306459784507751e-02
4.155144095420837402e-02
4.166360199451446533e-02
-3.955319523811340332e-02
-6.571505963802337646e-02
-5.580291152000427246e-03
3.840168938040733337e-02
-3.925638645887374878e-02
7.880598306655883789e-03
-9.840882383286952972e-03
1.160968560725450516e-02
-5.130046978592872620e-02
-6.844318471848964691e-03
1.185526791960000992e-02
1.496491767466068268e-02
2.822489477694034576e-02
-2.485445328056812286e-02
-5.242803320288658142e-02
-1.755345612764358521e-02
2.749165892601013184e-02
-4.270281270146369934e-02
-3.929741680622100830e-02
-3.291079029440879822e-02
-1.566183782415464520e-04
-4.576547816395759583e-02
-1.000099629163742065e-02
1.035202240018406883e-05
-2.438337169587612152e-02
-8.582138456404209137e-03
-2.880408056080341339e-02
1.221606880426406860e-02
6.474001333117485046e-03
-3.386618569493293762e-03
3.029013797640800476e-02
-4.994282871484756470e-02
-1.861403323709964752e-02
4.117467440664768219e-03
-3.831655532121658325e-02
-4.396175593137741089e-02
3.069732151925563812e-02
5.036021396517753601e-02
-4.365142062306404114e-02
2.802667766809463501e-02
-1.385875698179006577e-02
-2.198607102036476135e-02
-1.951386593282222748e-02
2.986565977334976196e-02
7.278314325958490372e-03
-2.626048773527145386e-02
-4.709666222333908081e-02
-6.256259232759475708e-02
-3.809835389256477356e-02
7.274874299764633179e-02
-2.782693132758140564e-02
-1.644493080675601959e-02
-6.268497556447982788e-02
-3.521246137097477913e-03
-4.117044433951377869e-02
5.242875590920448303e-02
-1.186577603220939636e-02
-6.604497879743576050e-02
4.287671297788619995e-02
2.079812623560428619e-02
-4.988798405975103378e-03
-8.565977215766906738e-03
2.670785412192344666e-03
-4.390117526054382324e-02
2.837881911545991898e-03
5.501545220613479614e-02
6.916240602731704712e-02
-4.209432750940322876e-02
-4.785328730940818787e-02
4.044981300830841064e-02
-1.114633493125438690e-02
2.390274405479431152e-02
6.361182779073715210e-02
-1.337628625333309174e-02
3.446388244628906250e-02
-2.641792781651020050e-02
-6.002751737833023071e-02
3.637231513857841492e-02
2.933385968208312988e-02
1.449593435972929001e-02
-4.747361689805984497e-02
-4.260216280817985535e-02
7.282453775405883789e-02
1.418141089379787445e-02
6.073718145489692688e-02
-1.256821118295192719e-02
7.525058928877115250e-03
-4.218062758445739746e-02
-6.399337947368621826e-02
-6.055060401558876038e-02
6.072709336876869202e-02
-4.965014383196830750e-02
5.320790410041809082e-02
4.797879979014396667e-02
4.864827729761600494e-03
-9.774550795555114746e-03
1.408411283046007156e-02
-4.693353548645973206e-02
-1.614375784993171692e-02
-1.585238054394721985e-02
3.771705180406570435e-02
-1.608250476419925690e-02
6.099309772253036499e-02
1.991822570562362671e-02
1.834707334637641907e-02
5.098167341202497482e-03
8.781395852565765381e-03
-1.746055111289024353e-02
-2.776666544377803802e-02
2.102332934737205505e-02
-3.387905657291412354e-02
1.751295290887355804e-02
-9.868405759334564209e-03
-1.865518465638160706e-02
1.367848925292491913e-02
-1.453513745218515396e-02
5.916696414351463318e-02
-5.098848044872283936e-02
2.685832977294921875e-02
5.182701349258422852e-02
6.589654088020324707e-02
2.186711318790912628e-02
-3.028774820268154144e-02
-6.084397062659263611e-02
5.002234876155853271e-02
-1.064920704811811447e-02
-1.262821257114410400e-02
9.907598607242107391e-03
4.856828972697257996e-02
1.685976894805207849e-04
-1.039770059287548065e-02
1.377660688012838364e-02
-5.392534192651510239e-03
4.064068570733070374e-02
2.918522432446479797e-02
-2.964617870748043060e-02
4.375498369336128235e-02
1.170030701905488968e-02
-3.917242959141731262e-02
-3.760372474789619446e-02
2.122013084590435028e-02
-3.295526280999183655e-02
-5.584744736552238464e-02
-1.608940586447715759e-02
-7.837724871933460236e-03
5.592795461416244507e-02
-2.310279384255409241e-02
6.880218535661697388e-02
-4.888332635164260864e-02
-4.917368665337562561e-02
3.537429729476571083e-03
4.634557664394378662e-02
-4.376398772001266479e-02
-5.555740743875503540e-02
3.658723831176757812e-02
9.371239691972732544e-03
2.756318543106317520e-03
2.257441356778144836e-02
2.505182474851608276e-02
-2.354688197374343872e-02
-4.137543588876724243e-02
-1.977368083316832781e-04
-1.436261273920536041e-02
-1.818703487515449524e-02
7.522466778755187988e-02
-3.394263982772827148e-02
5.825973674654960632e-02
-1.154054515063762665e-02
-4.016795754432678223e-02
-2.873423136770725250e-02
-1.094077993184328079e-02
2.673912234604358673e-02
-7.521937042474746704e-02
-4.185826703906059265e-02
-5.197883397340774536e-02
-4.195323958992958069e-02
-7.000618614256381989e-03
3.654898703098297119e-02
-2.138606831431388855e-02
4.022279754281044006e-02
5.420231446623802185e-02
2.985609928146004677e-03
-4.926734254695475101e-04
-3.229905292391777039e-02
-6.019910052418708801e-02
3.636119514703750610e-02
-3.096308745443820953e-02
-7.565560936927795410e-02
-5.852885544300079346e-02
3.002399019896984100e-02
1.406900398433208466e-02
2.333630248904228210e-02
6.007853895425796509e-02
-5.646925047039985657e-02
-1.390528772026300430e-02
3.606446832418441772e-02
5.814579781144857407e-03
-3.722284361720085144e-02
2.443820796906948090e-02
-2.985182404518127441e-02
5.591920390725135803e-02
-5.513816606253385544e-03
-1.565659977495670319e-02
-3.308819606900215149e-02
4.181692004203796387e-02
1.750024966895580292e-02
-3.499557450413703918e-02
1.449721120297908783e-02
-8.602874353528022766e-03
-1.258058287203311920e-02
-4.538700915873050690e-03
1.051582209765911102e-02
-1.849021948873996735e-02
-1.607256382703781128e-02
1.614374481141567230e-02
-5.567421764135360718e-02
2.749128639698028564e-02
-2.946246182546019554e-03
-9.580156765878200531e-03
4.183315485715866089e-02
-9.261189028620719910e-03
1.484132464975118637e-02
2.009348385035991669e-02
7.091106474399566650e-02
-4.228254407644271851e-02
-1.837130635976791382e-02
3.965488448739051819e-02
-1.740629225969314575e-02
-2.401993423700332642e-02
-4.866287857294082642e-02
-1.730607822537422180e-02
5.655517801642417908e-03
-6.365320086479187012e-02
-6.322982907295227051e-02
-2.012223936617374420e-03
-2.829722873866558075e-02
2.048194594681262970e-02
-8.773210644721984863e-02
-3.980085253715515137e-02
3.529213741421699524e-02
-1.634554192423820496e-02
4.944675415754318237e-02
-3.833403345197439194e-03
4.268474876880645752e-02
-3.173561021685600281e-02
-1.322221383452415466e-02
1.968389935791492462e-02
3.457197174429893494e-02
1.010946091264486313e-02
-3.635193407535552979e-02
-4.074002429842948914e-02
-4.066920280456542969e-02
3.621910512447357178e-02
1.031022053211927414e-02
-5.569600686430931091e-02
5.462774634361267090e-02
3.064604289829730988e-02
-4.562165588140487671e-02
1.902677863836288452e-02
-6.158444285392761230e-02
4.670649021863937378e-02
-3.322436287999153137e-02
-1.639021793380379677e-03
4.356240108609199524e-02
2.500824816524982452e-02
6.304521858692169189e-02
5.889125633984804153e-03
-6.505360826849937439e-03
3.482077643275260925e-02
1.467725913971662521e-02
-3.652497008442878723e-02
8.549074642360210419e-03
1.424288190901279449e-02
-2.980795130133628845e-02
2.535365335643291473e-02
4.143950343132019043e-02
-7.025501877069473267e-02
2.222784049808979034e-02
-3.113018721342086792e-02
1.830910891294479370e-02
2.769668586552143097e-02
-3.101445548236370087e-02
2.928477525711059570e-02
-1.860153675079345703e-02
-3.843386843800544739e-02
2.717857994139194489e-02
-3.365676477551460266e-02
-2.361685968935489655e-03
-3.085452690720558167e-02
-2.018818631768226624e-02
1.371725555509328842e-02
4.401810467243194580e-02
-1.350988075137138367e-02
-5.508098006248474121e-02
6.476515438407659531e-03
4.868210107088088989e-02
4.809283465147018433e-02
-1.499290205538272858e-02
-4.536115005612373352e-02
-2.356083132326602936e-02
-3.712020441889762878e-02
-3.566511720418930054e-02
-3.790720179677009583e-02
-2.544403821229934692e-02
2.610820531845092773e-02
-1.466403529047966003e-02
-5.338433757424354553e-02
4.478009045124053955e-02
6.966345012187957764e-02
5.658727139234542847e-02
2.443126216530799866e-02
4.401073232293128967e-02
-1.371278241276741028e-02
-4.129438102245330811e-02
7.419066037982702255e-03
4.097011312842369080e-02
9.392263367772102356e-03
3.474849089980125427e-02
4.798412695527076721e-02
-5.398217961192131042e-02
4.395574331283569336e-02
1.118966750800609589e-02
3.702712478116154671e-03
-4.887104034423828125e-02
4.942633211612701416e-02
1.966382935643196106e-02
-2.518028207123279572e-02
-4.797446541488170624e-03
-1.117108110338449478e-02
1.619069650769233704e-02
-7.096442580223083496e-02
1.212885975837707520e-02
1.282942760735750198e-02
1.289732195436954498e-02
1.300302683375775814e-03
4.384215548634529114e-02
3.633659100160002708e-03
-1.168907247483730316e-02
-1.092654000967741013e-02
6.604094803333282471e-02
-1.581572368741035461e-02
1.294993050396442413e-02
2.639991976320743561e-02
-2.979456260800361633e-02
-6.164819933474063873e-03
-6.342322379350662231e-02
-2.970075607299804688e-02
-1.377287693321704865e-02
-4.709561355412006378e-03
-5.107318982481956482e-03
5.078454315662384033e-02
-3.468318283557891846e-02
4.743251204490661621e-02
4.342216625809669495e-02
-2.291561104357242584e-02
-3.824640065431594849e-02
2.679475210607051849e-02
-5.330455303192138672e-02
1.917736977338790894e-02
3.755763173103332520e-02
-4.507843777537345886e-02
2.549857832491397858e-02
5.265612155199050903e-02
-5.178002640604972839e-02
-3.673098981380462646e-02
1.018991973251104355e-02
3.350150585174560547e-02
-7.658818364143371582e-02
-2.322987467050552368e-02
2.752038091421127319e-02
-5.717326886951923370e-03
3.355439007282257080e-02
2.421339508146047592e-03
-5.273782461881637573e-02
-1.844001375138759613e-02
5.076949670910835266e-02
-4.717874526977539062e-02
2.383694238960742950e-02
4.711976647377014160e-02
-4.081520438194274902e-02
-2.572629228234291077e-02
-3.736242651939392090e-02
2.160993218421936035e-02
2.862499468028545380e-02
2.289902418851852417e-02
-6.795505434274673462e-02
5.190318077802658081e-02
-3.773130849003791809e-02
-1.931046717800199986e-04
5.789465084671974182e-02
5.080679431557655334e-02
4.929823428392410278e-02
-2.228636294603347778e-03
6.346194446086883545e-02
3.094147890806198120e-02
4.375316947698593140e-02
-8.690420538187026978e-03
2.690516598522663116e-02
-3.008818626403808594e-02
-2.879509516060352325e-02
-7.912828004918992519e-04
-5.948176234960556030e-02
-1.767047867178916931e-02
-4.559221118688583374e-02
-7.297372817993164062e-02
2.762587182223796844e-02
-2.648392878472805023e-02
-3.971918299794197083e-02
-1.369160879403352737e-02
2.010651677846908569e-02
-3.506873548030853271e-02
5.360742285847663879e-02
-5.588196590542793274e-02
3.126521408557891846e-02
-2.055434882640838623e-02
-1.697286218404769897e-02
-4.513522237539291382e-02
3.414830565452575684e-02
1.138792559504508972e-02
2.973129786550998688e-02
-3.171959891915321350e-02
-2.882711216807365417e-02
3.898503631353378296e-02
-1.949558220803737640e-02
4.407401010394096375e-02
-3.695015236735343933e-02
-3.121711127460002899e-02
-2.323210798203945160e-02
-4.486457258462905884e-02
-7.766078691929578781e-03
1.898065954446792603e-02
-5.163796246051788330e-02
-8.475755900144577026e-02
2.198352478444576263e-02
-3.995231166481971741e-02
-2.551512625359464437e-05
-6.332747638225555420e-02
-3.912192583084106445e-02
1.648882962763309479e-02
-2.670908905565738678e-02
3.825224563479423523e-02
-3.044958040118217468e-02
-6.230239197611808777e-02
7.137627154588699341e-02
3.356774523854255676e-02
1.949884742498397827e-02
-2.116370014846324921e-02
-3.245250135660171509e-02
2.694931626319885254e-02
5.809818953275680542e-02
-2.288137376308441162e-02
8.069195598363876343e-02
-1.482761399529408664e-05
-5.887066572904586792e-02
3.665164113044738770e-02
-1.234205625951290131e-02
-5.229833722114562988e-02
-5.427340045571327209e-02
9.845850989222526550e-03
-3.647815436124801636e-02
6.891842931509017944e-02
5.192646756768226624e-02
-3.905745968222618103e-02
4.377884417772293091e-02
3.860796615481376648e-02
-2.777749300003051758e-02
-5.828915163874626160e-05
2.126952074468135834e-02
-2.347091957926750183e-02
4.453039914369583130e-02
2.875107526779174805e-02
4.663751646876335144e-02
2.023913664743304253e-03
-2.441809140145778656e-02
1.706785149872303009e-02
-3.060213848948478699e-02
2.476083859801292419e-02
-5.450864136219024658e-02
7.089107483625411987e-02
-4.809073358774185181e-02
3.319313004612922668e-02
4.554366692900657654e-03
-2.229924313724040985e-02
-2.190745621919631958e-02
9.441241621971130371e-03
5.804471299052238464e-02
2.102161571383476257e-02
-1.617927476763725281e-02
7.810384780168533325e-02
5.754568427801132202e-02
2.042824402451515198e-02
-4.878776147961616516e-02
1.491934526711702347e-02
2.729822322726249695e-02
3.933231532573699951e-02
-4.699940606951713562e-02
4.986538738012313843e-02
-7.845811545848846436e-02
-2.996181137859821320e-02
2.057307772338390350e-02
2.186636906117200851e-03
-3.721401840448379517e-02
6.607341766357421875e-02
-2.381377294659614563e-02
5.291283130645751953e-02
-1.961677148938179016e-02
-4.842065274715423584e-02
-7.198032923042774200e-03
4.520427435636520386e-02
3.260980919003486633e-02
-4.160796105861663818e-02
-3.626370429992675781e-02
-3.963181376457214355e-02
-1.713111251592636108e-02
-7.821666076779365540e-03
-5.124755948781967163e-02
-5.727949365973472595e-02
6.822437793016433716e-02
3.483922407031059265e-02
3.472745791077613831e-02
-3.044351562857627869e-02
-7.967944256961345673e-03
3.100954927504062653e-02
2.329427190124988556e-02
-5.932797677814960480e-03
3.102637454867362976e-02
-2.753084152936935425e-02
-5.781976971775293350e-03
2.467685379087924957e-02
6.934999488294124603e-03
5.726448446512222290e-02
-1.175079122185707092e-02
-5.693625658750534058e-02
-6.427676975727081299e-02
-5.674679949879646301e-02
-3.843221068382263184e-02
4.064543172717094421e-02
-1.115605235099792480e-02
2.961102500557899475e-02
6.249748915433883667e-02
3.582652285695075989e-02
4.879576712846755981e-02
1.535850018262863159e-02
-4.006230458617210388e-02
3.647500649094581604e-03
1.537128351628780365e-02
-4.841596260666847229e-02
-2.571122720837593079e-02
-6.406818982213735580e-03
1.983526907861232758e-02
4.441208392381668091e-02
-2.206493355333805084e-02
-3.428532555699348450e-02
-9.795193560421466827e-03
-2.892345562577247620e-02
-8.332519209943711758e-04
2.565717883408069611e-02
2.265674062073230743e-02
3.479195386171340942e-02
3.073675744235515594e-02
3.908611461520195007e-02
-2.049505338072776794e-02
-6.109630689024925232e-02
-3.378155827522277832e-02
-2.246196381747722626e-02
-2.869074977934360504e-02
2.058085985481739044e-02
2.500359527766704559e-02
4.425281658768653870e-02
1.660457812249660492e-02
-3.044627234339714050e-02
-2.287867106497287750e-02
7.259947806596755981e-02
5.895061045885086060e-02
-4.157454147934913635e-02
-6.304945051670074463e-02
-8.220928721129894257e-03
4.391653463244438171e-03
-1.379924640059471130e-02
-5.843602493405342102e-02
5.604692921042442322e-02
-1.914767548441886902e-02
4.514934867620468140e-02
3.441131440922617912e-03
-5.703930556774139404e-02
-2.628980018198490143e-02
-5.394496023654937744e-02
-1.536107622087001801e-02
6.287319213151931763e-02
4.398662969470024109e-02
-3.864561393857002258e-02
-3.819599281996488571e-03
-5.199588835239410400e-02
-3.136218711733818054e-02
-2.388310240348801017e-04
7.437292486429214478e-02
-2.680674940347671509e-02
-4.003114998340606689e-03
-6.467003840953111649e-03
-1.759103871881961823e-02
-2.247450686991214752e-02
-4.203585535287857056e-02
-2.764227986335754395e-02
-3.062714077532291412e-02
4.919688776135444641e-02
7.958942092955112457e-03
3.057768754661083221e-02
1.081129349768161774e-02
1.473894156515598297e-02
-3.824172168970108032e-02
1.821308210492134094e-02
-3.714028000831604004e-02
4.159864783287048340e-02
3.425519913434982300e-02
3.814033418893814087e-02
2.437865623505786061e-04
-4.243055731058120728e-02
-3.087901324033737183e-02
1.081618480384349823e-02
4.066103138029575348e-03
-6.701206415891647339e-02
3.183341398835182190e-02
-4.619148746132850647e-02
-8.000904694199562073e-03
-5.362051352858543396e-02
1.072209095582365990e-03
-1.890446990728378296e-02
-3.700115531682968140e-02
-3.417905047535896301e-02
-6.377712637186050415e-02
6.760675460100173950e-02
4.374022781848907471e-02
8.366596885025501251e-03
-3.449255600571632385e-02
-9.961026720702648163e-03
2.462909370660781860e-02
6.263973563909530640e-02
3.041801601648330688e-02
1.154211070388555527e-02
-1.690098643302917480e-02
4.416831582784652710e-02
-5.281735956668853760e-02
-1.814598217606544495e-02
1.389358658343553543e-02
-4.233764111995697021e-02
-4.705629125237464905e-02
-4.893205687403678894e-02
-1.041062083095312119e-02
-3.563055768609046936e-02
-2.197948284447193146e-02
1.163242198526859283e-02
2.156623871996998787e-03
-4.719755053520202637e-02
-1.926909899339079857e-03
4.855994507670402527e-02
-6.713421642780303955e-02
5.682956427335739136e-02
-2.939906157553195953e-02
4.526615142822265625e-02
-6.493095308542251587e-02
4.011078923940658569e-02
6.195369735360145569e-02
1.887878589332103729e-02
1.181816123425960541e-02
-1.756532676517963409e-02
3.697788342833518982e-02
-4.204364120960235596e-02
-3.315448015928268433e-02
4.099461436271667480e-02
4.792508482933044434e-02
1.031348761171102524e-02
5.084009468555450439e-02
3.665322065353393555e-02
2.953669801354408264e-02
3.279746323823928833e-02
-4.364925622940063477e-02
-6.126144435256719589e-03
-3.376573324203491211e-02
-1.377750840038061142e-02
-3.812093287706375122e-02
-5.467962846159934998e-02
-4.004703834652900696e-02
8.259387686848640442e-04
2.236784622073173523e-02
4.685515537858009338e-02
-5.559627339243888855e-02
2.998478896915912628e-02
1.611582189798355103e-02
-9.639663621783256531e-03
-2.954209223389625549e-02
-4.071358591318130493e-02
1.659725909121334553e-03
-1.235609352588653564e-01
-3.782301023602485657e-02
2.501264773309230804e-02
-3.337611630558967590e-02
-4.064445942640304565e-02
-2.033171616494655609e-02
1.538532227277755737e-02
-4.817972332239151001e-02
4.413694888353347778e-02
-7.625683210790157318e-03
-4.700249433517456055e-02
-2.648364938795566559e-02
2.885119430720806122e-02
-2.093867212533950806e-02
3.342278674244880676e-02
8.668567985296249390e-03
-8.447896107099950314e-04
5.595114454627037048e-02
1.900505833327770233e-02
2.487989142537117004e-02
-5.553298816084861755e-02
-4.043086990714073181e-02
-3.452548384666442871e-02
4.771653935313224792e-02
2.803745679557323456e-02
1.120375283062458038e-02
2.172157727181911469e-02
2.442646026611328125e-02
2.576996572315692902e-02
-6.197550520300865173e-02
5.852533504366874695e-02
4.989116638898849487e-02
6.611293554306030273e-02
-2.063723653554916382e-02
-3.309953957796096802e-02
8.455009199678897858e-03
-3.798028919845819473e-03
-2.671665139496326447e-02
5.099745094776153564e-02
-4.583656787872314453e-02
9.727910161018371582e-03
-4.824730381369590759e-02
4.807008430361747742e-02
-5.988912284374237061e-02
-2.689709328114986420e-02
3.677360713481903076e-02
1.969557441771030426e-02
4.058384220115840435e-04
2.937583625316619873e-02
-6.086107343435287476e-03
3.288049250841140747e-03
3.057230822741985321e-02
-6.720502860844135284e-04
4.455991834402084351e-02
3.433728590607643127e-02
7.680463604629039764e-03
-5.162709951400756836e-02
-4.336479306221008301e-02
-6.598369777202606201e-02
1.182816829532384872e-02
3.514781594276428223e-02
1.526012085378170013e-03
-2.894711680710315704e-02
-2.686030417680740356e-02
5.290891602635383606e-02
-2.897635288536548615e-02
1.496794819831848145e-02
-2.195394970476627350e-02
-4.668098688125610352e-02
-6.125865876674652100e-02
-8.611631579697132111e-03
-4.529301077127456665e-02
-3.905232623219490051e-02
-2.008290030062198639e-02
3.084749914705753326e-02
9.514595381915569305e-03
-4.335013031959533691e-02
-1.334010064601898193e-02
-4.401338100433349609e-02
3.681553900241851807e-02
-3.082124888896942139e-02
-1.516620628535747528e-02
2.304658479988574982e-02
2.151017263531684875e-02
-3.553473576903343201e-02
-6.789696216583251953e-02
-7.277829200029373169e-02
4.138740524649620056e-02
-2.418077550828456879e-02
-2.805323712527751923e-02
2.845536544919013977e-02
7.073306292295455933e-02
-2.078292332589626312e-02
-2.931080386042594910e-02
-1.727970317006111145e-02
7.188692688941955566e-02
-1.731811277568340302e-02
2.732872404158115387e-02
-5.917893256992101669e-03
8.459406904876232147e-03
-3.034731745719909668e-02
-6.049815192818641663e-02
-6.097762659192085266e-02
-3.214334324002265930e-02
2.489272505044937134e-02
2.446571364998817444e-02
4.236270114779472351e-02
-1.010537147521972656e-03
1.056781038641929626e-02
7.487613242119550705e-03
5.797289311885833740e-02
-9.566333144903182983e-03
-1.128134131431579590e-02
4.070064797997474670e-02
-1.456331461668014526e-02
-6.224673241376876831e-02
-3.230542689561843872e-02
7.419484108686447144e-02
1.271799672394990921e-02
2.559240721166133881e-02
-1.328879967331886292e-02
9.752333164215087891e-03
-6.579060852527618408e-02
5.966498982161283493e-03
-5.137993767857551575e-02
-3.888870403170585632e-02
5.533098056912422180e-02
6.138993427157402039e-02
1.380383688956499100e-02
-5.650668963789939880e-02
-2.764102816581726074e-02
