4.900477826595306396e-02
-3.747985884547233582e-02
-1.228843908756971359e-02
-8.594907075166702271e-02
4.287679865956306458e-02
6.891114264726638794e-02
-5.051578860729932785e-03
3.563644364476203918e-02
-2.032935153692960739e-03
-1.159526929259300232e-01
-1.417096853256225586e-01
-1.002283021807670593e-01
-2.645808085799217224e-02
-1.224855482578277588e-01
-7.372181117534637451e-02
-7.532472908496856689e-02
6.528010964393615723e-02
-1.607750058174133301e-01
-3.908820822834968567e-02
2.117723226547241211e-03
-3.752859309315681458e-03
1.866395771503448486e-02
1.406367775052785873e-02
-1.145448386669158936e-01
-1.003167033195495605e-01
-9.721567481756210327e-02
2.704775892198085785e-02
-1.010422930121421814e-01
-6.926235556602478027e-02
1.106528118252754211e-01
8.899424225091934204e-02
-9.252371639013290405e-02
-8.763800561428070068e-02
1.272860169410705566e-01
3.986487537622451782e-02
1.170604676008224487e-01
-1.634427532553672791e-02
-2.132001973222941160e-04
-2.478800527751445770e-02
-1.202910616993904114e-01
-1.224515810608863831e-01
3.890437632799148560e-02
1.631476171314716339e-02
-2.399091795086860657e-02
3.940559178590774536e-02
9.491925127804279327e-03
2.235890179872512817e-02
8.617591112852096558e-02
3.627115860581398010e-02
4.425857961177825928e-02
5.485512665472924709e-04
1.125019863247871399e-01
-1.002896763384342194e-02
-8.584954589605331421e-02
-1.388648152351379395e-01
5.867211893200874329e-02
-3.684811294078826904e-02
1.917776763439178467e-01
4.848063457757234573e-03
1.024662926793098450e-01
-8.124910295009613037e-03
1.564025282859802246e-01
6.150200217962265015e-02
-7.191134244203567505e-02
1.445080637931823730e-01
-5.711495876312255859e-02
1.667067781090736389e-02
6.841491267550736666e-05
-5.315131694078445435e-02
-1.104488223791122437e-01
6.534756720066070557e-02
-2.980403043329715729e-02
2.640030579641461372e-04
2.977918647229671478e-02
4.401094466447830200e-02
1.246532984077930450e-02
6.778597831726074219e-02
-2.136817760765552521e-02
-2.416467294096946716e-02
4.533321410417556763e-02
-1.867471076548099518e-02
-7.897066324949264526e-02
-5.194620415568351746e-02
7.576942443847656250e-02
8.101607114076614380e-02
-6.522265821695327759e-02
1.456447970122098923e-02
-5.978678166866302490e-02
-1.369755417108535767e-01
-6.739111244678497314e-02
1.484581679105758667e-01
-3.782921656966209412e-02
-1.246390566229820251e-01
1.325862556695938110e-01
5.408482626080513000e-02
-1.440387070178985596e-01
1.355726569890975952e-01
7.392800599336624146e-02
-1.292676180601119995e-01
-6.754113733768463135e-02
-8.988705277442932129e-02
-9.558017551898956299e-02
-4.236572235822677612e-02
6.125763431191444397e-02
-8.239351212978363037e-02
-1.445454508066177368e-01
1.352875530719757080e-01
-6.960724294185638428e-02
1.253645680844783783e-02
-6.280424445867538452e-02
1.212537959218025208e-01
7.223974168300628662e-02
-1.514794826507568359e-01
3.488792106509208679e-02
2.423990890383720398e-02
2.547203935682773590e-02
6.227718293666839600e-02
-5.847277119755744934e-02
2.894245833158493042e-02
-2.302676253020763397e-02
1.240024343132972717e-01
-8.602667599916458130e-02
-8.305374532938003540e-02
9.363933652639389038e-02
-5.338785052299499512e-02
1.215907633304595947e-01
4.600070416927337646e-02
-1.625557839870452881e-01
-6.673085689544677734e-02
2.547970227897167206e-02
-1.895484924316406250e-01
-1.122983917593955994e-01
7.965050637722015381e-02
9.717421978712081909e-02
-9.418188035488128662e-02
-1.628607884049415588e-02
-8.652087301015853882e-03
-5.941586941480636597e-02
2.414624951779842377e-02
1.250781118869781494e-01
-7.647860050201416016e-02
1.419157832860946655e-01
-5.769508332014083862e-02
8.861328661441802979e-02
-1.045914962887763977e-01
1.062728688120841980e-01
-3.405161574482917786e-02
-1.405754387378692627e-01
-9.561885148286819458e-02
3.762638941407203674e-02
-1.125657781958580017e-01
1.748168766498565674e-01
5.919213220477104187e-02
3.738241270184516907e-02
-1.144892722368240356e-01
1.085192114114761353e-01
-5.903950706124305725e-02
-1.005643308162689209e-01
-7.656848523765802383e-03
-1.072532460093498230e-01
-1.546342223882675171e-01
-8.327364176511764526e-02
1.190344616770744324e-01
-5.931054055690765381e-02
-2.299734624102711678e-03
3.757495433092117310e-02
3.241764381527900696e-02
4.201518371701240540e-02
-1.535707712173461914e-02
8.329230546951293945e-02
-1.000986322760581970e-01
1.208034008741378784e-01
1.425965968519449234e-02
-1.151510048657655716e-02
4.802915453910827637e-02
-1.374524384737014771e-01
-7.086937781423330307e-03
-5.678951740264892578e-02
-5.688412860035896301e-02
-1.339638978242874146e-01
1.123858392238616943e-01
-1.306603848934173584e-01
-1.138514839112758636e-02
-9.155271574854850769e-03
1.053367629647254944e-01
-1.243762578815221786e-02
7.153285667300224304e-03
-1.167453303933143616e-01
1.506256218999624252e-02
-1.162764243781566620e-02
-1.273988336324691772e-01
1.314533501863479614e-01
6.854765117168426514e-02
1.282593458890914917e-01
4.326282441616058350e-02
6.972456723451614380e-02
5.447233840823173523e-02
-8.657038211822509766e-02
-5.976994708180427551e-02
3.959568683058023453e-03
-6.043623387813568115e-02
7.640016078948974609e-02
6.791293621063232422e-02
-1.170679107308387756e-01
-3.634305298328399658e-02
-2.978303283452987671e-02
-6.312340497970581055e-02
7.137759239412844181e-04
1.139874085783958435e-01
-9.872943907976150513e-02
5.571653693914413452e-02
1.225795596837997437e-01
-5.189767107367515564e-03
-3.845014795660972595e-02
-9.400188922882080078e-02
3.141419589519500732e-02
-1.234865486621856689e-01
1.896425150334835052e-02
-1.432454679161310196e-02
3.926569968461990356e-02
1.392119079828262329e-01
-9.836032241582870483e-02
6.379482150077819824e-02
-8.220952004194259644e-02
-1.040791049599647522e-01
-1.137463822960853577e-01
1.224447935819625854e-01
1.256768256425857544e-01
-7.872663438320159912e-02
1.405220478773117065e-02
-5.704321712255477905e-02
7.044089585542678833e-02
4.686536639928817749e-02
2.813545800745487213e-02
-8.804401755332946777e-02
1.226956844329833984e-01
8.443598449230194092e-02
1.068087145686149597e-01
3.595279902219772339e-02
-2.561107277870178223e-03
5.347379297018051147e-02
-2.611617930233478546e-02
1.126076132059097290e-01
1.267585307359695435e-01
-5.367632023990154266e-03
9.524051845073699951e-02
-5.782749131321907043e-02
2.052166499197483063e-02
-1.310451626777648926e-01
6.412727385759353638e-02
-4.037148784846067429e-03
1.541345566511154175e-01
1.565275788307189941e-01
1.017817854881286621e-01
1.171352639794349670e-01
-7.201731204986572266e-02
1.330901384353637695e-01
1.214843839406967163e-01
1.794760972261428833e-01
-1.809171959757804871e-02
1.473102811723947525e-02
-1.440256983041763306e-01
-1.981088519096374512e-02
1.363079845905303955e-01
-5.065299943089485168e-02
-3.800471872091293335e-02
6.054111942648887634e-02
1.585695706307888031e-02
-5.151434987783432007e-02
1.341394931077957153e-01
2.582351677119731903e-02
-1.204741299152374268e-01
3.219678997993469238e-02
1.359303742647171021e-01
9.749545156955718994e-02
2.276878990232944489e-02
1.410066336393356323e-01
-6.997062265872955322e-02
7.930302619934082031e-02
2.820458821952342987e-02
-1.351471543312072754e-01
3.275514021515846252e-02
8.484485745429992676e-02
8.671139925718307495e-02
8.886414021253585815e-02
-5.937593523412942886e-03
-4.408582672476768494e-02
-6.388109922409057617e-02
-9.471697360277175903e-02
1.765264011919498444e-02
4.438193514943122864e-02
7.678172737360000610e-02
1.118358373641967773e-01
9.709616750478744507e-02
7.923594117164611816e-02
-8.994913846254348755e-02
-1.300477087497711182e-01
-1.373839527368545532e-01
-1.446339488029479980e-01
1.739330291748046875e-01
9.502319619059562683e-03
-1.605792529881000519e-02
-4.356056079268455505e-02
-1.018988317809998989e-03
-1.004916727542877197e-01
-2.970413863658905029e-02
1.304130703210830688e-01
-8.203871548175811768e-03
6.216958537697792053e-02
-7.966803014278411865e-02
-3.057771734893321991e-02
7.799302041530609131e-02
2.486777864396572113e-02
-5.681597813963890076e-02
7.454588264226913452e-02
7.341568917036056519e-02
8.150465041399002075e-02
-5.379645526409149170e-02
-9.668663889169692993e-02
8.252075873315334320e-03
-1.520498394966125488e-01
-1.355378329753875732e-01
-1.136406734585762024e-01
2.522612921893596649e-02
-9.251383692026138306e-02
9.395291656255722046e-02
2.062806040048599243e-01
-1.382034868001937866e-01
-1.601097732782363892e-01
-8.660421520471572876e-02
-7.861246913671493530e-02
-1.874535903334617615e-02
-3.655369952321052551e-02
5.184355378150939941e-02
-5.034066736698150635e-02
7.581994682550430298e-02
7.921456359326839447e-03
-2.068341970443725586e-01
-1.356254052370786667e-02
-6.441548466682434082e-02
-5.377283692359924316e-02
8.113255351781845093e-02
-1.119210198521614075e-01
-2.189850248396396637e-02
-8.306214213371276855e-02
6.102459505200386047e-02
1.542903333902359009e-01
4.320299252867698669e-02
-9.551452845335006714e-02
7.636839151382446289e-02
1.568436175584793091e-01
1.076845545321702957e-02
6.805837154388427734e-02
-1.402500923722982407e-02
-1.098279356956481934e-01
-2.296447567641735077e-02
-2.046307027339935303e-01
-4.860368371009826660e-02
-5.713470280170440674e-02
-1.519695818424224854e-01
-3.552038222551345825e-02
-1.398873031139373779e-01
1.584015637636184692e-01
-1.682507432997226715e-02
-1.346632242202758789e-01
2.557517290115356445e-01
1.563890427350997925e-01
1.036632582545280457e-01
-1.728051900863647461e-01
-1.013595312833786011e-01
3.735158219933509827e-02
-1.724455654621124268e-01
-8.616750687360763550e-02
-1.620188951492309570e-01
-9.766725823283195496e-03
-1.518576294183731079e-01
1.014411672949790955e-01
1.717014238238334656e-02
-1.279670000076293945e-01
-1.260148733854293823e-01
-6.772880256175994873e-02
1.044273599982261658e-01
1.308695077896118164e-01
1.127214655280113220e-01
9.150274097919464111e-02
-1.853708922863006592e-01
-3.660618886351585388e-02
2.485278621315956116e-02
-2.408406324684619904e-02
5.701835080981254578e-02
-1.097819805145263672e-01
-1.133980453014373779e-01
6.219369918107986450e-02
5.982291325926780701e-02
-1.695611029863357544e-01
-3.137772530317306519e-02
-1.296626478433609009e-01
4.096776992082595825e-02
5.991229787468910217e-02
1.443135589361190796e-01
-2.759819328784942627e-01
-4.486308246850967407e-02
-1.955794692039489746e-01
-6.212338060140609741e-02
5.387677624821662903e-02
9.243850409984588623e-02
-1.257919967174530029e-01
-1.007240936160087585e-01
6.655954569578170776e-02
-1.428533792495727539e-01
-7.432875037193298340e-02
-3.267668560147285461e-02
1.584222018718719482e-01
-4.242271184921264648e-02
6.981253623962402344e-02
1.060883514583110809e-02
-1.305933669209480286e-02
1.439145058393478394e-01
1.743855699896812439e-02
-1.835759282112121582e-01
3.489527851343154907e-02
-7.305565476417541504e-02
-6.705284118652343750e-02
5.645721405744552612e-02
1.550858765840530396e-01
1.203237250447273254e-01
7.001425325870513916e-02
-1.244552060961723328e-01
-6.916992366313934326e-02
-4.067168757319450378e-02
-1.190638467669487000e-01
-3.428459167480468750e-02
-9.946133196353912354e-02
-2.165387272834777832e-01
-1.422102451324462891e-01
3.562832623720169067e-02
-6.156257539987564087e-02
-1.003757771104574203e-02
-1.971943676471710205e-02
7.633522897958755493e-02
-1.481463015079498291e-01
1.882928982377052307e-02
-1.138984560966491699e-01
-1.057751104235649109e-01
3.854647278785705566e-02
3.410672768950462341e-02
-2.502178959548473358e-02
-1.737010031938552856e-01
-2.232315763831138611e-02
1.628282219171524048e-01
-1.182309985160827637e-01
-1.552277505397796631e-01
3.745513409376144409e-02
-1.369931399822235107e-01
4.191650822758674622e-02
-3.167706727981567383e-02
-4.452519863843917847e-02
-8.136573433876037598e-02
1.394747197628021240e-01
-8.543238043785095215e-02
-2.089937478303909302e-01
-5.565033107995986938e-02
6.986403465270996094e-02
-1.518733650445938110e-01
1.564644426107406616e-01
4.826491698622703552e-02
-1.285907626152038574e-01
-1.589869260787963867e-01
-6.952754408121109009e-02
4.827524349093437195e-02
-9.424282610416412354e-02
-9.633632004261016846e-02
-4.104802012443542480e-02
7.064120471477508545e-02
1.415622979402542114e-01
7.649212330579757690e-02
8.261466771364212036e-02
7.893317379057407379e-03
3.774811699986457825e-02
3.825518861413002014e-02
-8.224271237850189209e-02
1.543546002358198166e-02
2.557425945997238159e-02
1.172374337911605835e-01
-7.672338932752609253e-02
1.946480246260762215e-03
-7.933124434202909470e-04
-7.439556717872619629e-02
-1.451346874237060547e-01
5.531206261366605759e-03
5.912504717707633972e-02
5.302085075527429581e-03
-1.041674315929412842e-01
-4.464782029390335083e-02
8.955798298120498657e-02
-7.454042136669158936e-02
3.694011270999908447e-02
1.218739077448844910e-01
1.093497946858406067e-01
-2.148943766951560974e-02
-1.293348334729671478e-02
1.142115294933319092e-01
-6.830637156963348389e-02
-5.608649924397468567e-02
2.423342876136302948e-02
6.724143773317337036e-02
-2.090219967067241669e-02
-9.993257001042366028e-03
-6.260075420141220093e-02
-6.419051438570022583e-02
-1.297206431627273560e-01
1.254285126924514771e-01
-1.973034292459487915e-01
1.856065988540649414e-01
-8.785379119217395782e-03
5.976831912994384766e-02
-5.689450725913047791e-02
7.950666546821594238e-02
5.903131142258644104e-02
-9.397041052579879761e-02
-1.078421249985694885e-01
-2.297361791133880615e-01
1.287919580936431885e-01
3.191398084163665771e-02
9.330378472805023193e-02
-9.178334474563598633e-02
8.832310885190963745e-02
-2.071007639169692993e-01
2.046018838882446289e-01
-1.752178817987442017e-01
1.493566632270812988e-01
1.602201312780380249e-01
-8.541572839021682739e-02
-5.631085857748985291e-02
-6.586460769176483154e-02
-2.116892300546169281e-02
2.637111581861972809e-02
1.599917262792587280e-01
2.282611429691314697e-01
1.382157653570175171e-01
-1.883277446031570435e-01
-7.308498024940490723e-02
2.773808501660823822e-02
4.242761433124542236e-02
-4.843098297715187073e-02
-3.378215944394469261e-03
1.159185692667961121e-01
1.787732690572738647e-01
-1.809658110141754150e-02
-1.565510034561157227e-01
1.612397134304046631e-01
-2.829741220921278000e-03
-2.170871384441852570e-02
1.121315211057662964e-01
-1.213199272751808167e-01
7.195156812667846680e-02
1.483803093433380127e-01
5.406709760427474976e-02
1.559069752693176270e-01
5.491361021995544434e-02
1.513359248638153076e-01
9.737852960824966431e-02
1.466644853353500366e-01
-1.546704769134521484e-02
1.789551787078380585e-02
1.176136732101440430e-01
-3.339189663529396057e-02
4.874405637383460999e-02
9.839683026075363159e-02
-1.650323420763015747e-01
-8.144333958625793457e-02
1.899480372667312622e-01
-1.058760881423950195e-01
3.767564147710800171e-02
-1.270950865000486374e-02
3.084943257272243500e-02
1.311791390180587769e-01
-2.984567582607269287e-01
-9.827112406492233276e-02
-7.825146429240703583e-03
9.159304201602935791e-02
-1.029418706893920898e-01
-7.191947847604751587e-02
9.087623655796051025e-02
4.641643166542053223e-02
5.776697769761085510e-02
-2.335528135299682617e-01
-2.037099450826644897e-01
2.655262127518653870e-02
-1.694874465465545654e-01
-9.780497103929519653e-02
4.280925169587135315e-02
-1.682306528091430664e-01
-1.525033861398696899e-01
4.015141353011131287e-02
1.763103529810905457e-02
1.299969479441642761e-02
4.541731625795364380e-02
-5.164000764489173889e-02
-8.345507085323333740e-02
4.626191779971122742e-02
5.273063853383064270e-02
4.667212720960378647e-03
-1.340247541666030884e-01
1.574870198965072632e-01
-6.003602594137191772e-02
-1.430914402008056641e-01
5.653717741370201111e-02
3.241661936044692993e-02
3.000330924987792969e-02
1.505217794328927994e-02
-1.061151325702667236e-01
-2.526749297976493835e-02
-3.331374377012252808e-02
-2.186035960912704468e-01
-3.319295495748519897e-02
4.553741589188575745e-02
1.195715963840484619e-01
5.163203924894332886e-02
-2.391525954008102417e-01
-6.077737361192703247e-02
8.160841464996337891e-02
-1.860875487327575684e-01
-4.330321773886680603e-02
-2.348358333110809326e-01
-1.705582588911056519e-01
-2.025425285100936890e-01
1.408369988203048706e-01
4.155148193240165710e-02
-8.909414708614349365e-02
-2.084397822618484497e-01
7.065176963806152344e-02
1.270504742860794067e-01
-5.636484548449516296e-02
-1.784119009971618652e-01
-2.622564435005187988e-01
1.060198321938514709e-01
-7.044203579425811768e-02
6.016198545694351196e-02
-1.855001002550125122e-01
7.484506070613861084e-02
-1.278368383646011353e-01
1.334542781114578247e-02
1.146213114261627197e-01
4.938156343996524811e-03
4.910584911704063416e-02
-1.514458563178777695e-02
-7.263763993978500366e-02
1.521546393632888794e-01
-1.084735840559005737e-01
5.298406817018985748e-03
5.878494679927825928e-02
6.418707221746444702e-02
5.433381348848342896e-02
4.495139420032501221e-02
-1.663266420364379883e-01
6.646557152271270752e-02
-2.025869488716125488e-01
-1.865616440773010254e-01
-9.516579657793045044e-02
1.114875003695487976e-01
6.246594246476888657e-03
8.813568390905857086e-03
2.514501847326755524e-02
-1.406736373901367188e-01
-4.476580396294593811e-02
3.781742975115776062e-02
-9.604967385530471802e-02
-1.829505153000354767e-02
-1.260250061750411987e-01
6.529765576124191284e-02
-1.870321482419967651e-02
-5.516984686255455017e-02
-5.562912300229072571e-02
-8.121374994516372681e-02
-3.375289961695671082e-02
-1.428912878036499023e-01
-3.540370240807533264e-02
-2.504812777042388916e-01
-4.860776662826538086e-02
2.559613808989524841e-02
8.090895414352416992e-02
-1.867850571870803833e-01
-1.288831382989883423e-01
-4.829335666727274656e-04
4.965598229318857193e-03
9.908424317836761475e-02
1.284624487161636353e-01
-2.272325456142425537e-01
-1.171366274356842041e-01
-9.913770854473114014e-02
-1.119421795010566711e-01
1.839781366288661957e-02
-1.940961182117462158e-02
-9.570159018039703369e-02
-9.498716890811920166e-02
-1.215856596827507019e-01
-6.321099400520324707e-02
-1.766500174999237061e-01
-9.968462586402893066e-02
8.498312905430793762e-03
1.061960384249687195e-01
8.549087494611740112e-02
1.445486769080162048e-02
-4.737167060375213623e-02
-1.417516022920608521e-01
-1.697290837764739990e-01
1.618265360593795776e-01
1.223148033022880554e-02
7.588719576597213745e-02
-1.213104352355003357e-01
-5.135929211974143982e-02
-1.562367379665374756e-01
4.728095605969429016e-02
-1.158678308129310608e-01
9.445262700319290161e-02
7.175855338573455811e-02
4.546098783612251282e-02
-8.633164316415786743e-02
1.189931854605674744e-01
-1.013164594769477844e-01
1.121867373585700989e-01
-1.149911358952522278e-01
1.584705151617527008e-02
-3.342850506305694580e-02
-1.226909235119819641e-01
-8.071913570165634155e-02
1.382309794425964355e-01
8.926267176866531372e-02
-1.635392457246780396e-01
-1.147180423140525818e-01
-1.522834300994873047e-01
-1.828485578298568726e-01
4.261471331119537354e-03
6.687968224287033081e-02
-7.397544384002685547e-02
1.019066646695137024e-01
-4.457158967852592468e-02
-3.478549793362617493e-02
-1.066736504435539246e-01
-1.758037507534027100e-02
-1.474870890378952026e-01
-1.133281271904706955e-02
6.266786903142929077e-02
5.289573594927787781e-02
-1.754811406135559082e-01
3.678864985704421997e-02
5.612079054117202759e-02
9.160923957824707031e-02
4.174389690160751343e-02
-5.994871258735656738e-02
-6.610265374183654785e-02
7.150892913341522217e-02
-2.295834273099899292e-01
6.676267832517623901e-02
3.068454191088676453e-02
-7.392200827598571777e-02
-9.846749901771545410e-02
-2.085770713165402412e-03
1.739498972892761230e-02
1.598784625530242920e-01
1.013726834207773209e-02
-3.273276612162590027e-02
-2.621878683567047119e-01
6.421549618244171143e-02
-9.294403344392776489e-02
1.228354349732398987e-01
5.539567023515701294e-02
-2.995089255273342133e-02
-4.983744770288467407e-02
-1.364848911762237549e-01
9.202625602483749390e-02
6.450556218624114990e-02
-5.131256952881813049e-02
-9.464956074953079224e-02
-7.005105167627334595e-02
8.875239640474319458e-02
1.581624895334243774e-01
-7.894258201122283936e-02
3.731605783104896545e-02
1.679875515401363373e-02
-4.373208060860633850e-02
1.249527409672737122e-01
1.462128758430480957e-01
-5.748712643980979919e-02
-1.651908755302429199e-01
-9.847310930490493774e-02
-8.499658107757568359e-02
2.499119378626346588e-02
-1.051973551511764526e-01
8.835279196500778198e-02
-5.207898840308189392e-02
-2.392144314944744110e-02
-6.884162127971649170e-02
-1.594133973121643066e-01
-6.172125414013862610e-02
1.493703126907348633e-01
5.777072161436080933e-02
-9.842211380600929260e-03
-1.643546111881732941e-02
6.254396587610244751e-02
-7.846186310052871704e-02
-9.305936098098754883e-02
-1.676876991987228394e-01
-1.188562437891960144e-01
-8.267510682344436646e-02
-9.894948452711105347e-02
3.498150408267974854e-02
7.537784427404403687e-02
9.001115709543228149e-02
1.602784246206283569e-01
-1.328650265932083130e-01
1.518607884645462036e-01
-1.108232233673334122e-02
-1.507969796657562256e-01
-5.879663303494453430e-02
-3.536725416779518127e-02
-4.479532316327095032e-02
-7.690721005201339722e-02
-2.411681041121482849e-02
-8.328617364168167114e-02
-6.378743052482604980e-02
-3.153963759541511536e-02
-1.652445048093795776e-01
-2.332061156630516052e-02
-5.778103694319725037e-02
5.828190967440605164e-02
-2.011338435113430023e-02
-1.635659299790859222e-02
-4.816050827503204346e-02
-1.043468415737152100e-01
8.818795531988143921e-02
3.775580227375030518e-02
-1.086114440113306046e-02
1.541270166635513306e-01
-1.747601479291915894e-01
-1.785909235477447510e-01
4.516071826219558716e-02
3.469767421483993530e-02
-1.294886320829391479e-01
-3.487446531653404236e-02
-1.103900372982025146e-01
-1.196873635053634644e-01
7.295035291463136673e-03
1.003365218639373779e-01
-3.338117897510528564e-02
-7.060017436742782593e-02
-8.052141219377517700e-02
-6.434379518032073975e-02
-8.407442271709442139e-02
-1.909856051206588745e-01
-7.022708654403686523e-03
-1.323870718479156494e-01
9.320965036749839783e-03
6.130303442478179932e-02
-1.342145055532455444e-01
-1.053416728973388672e-01
-1.926803737878799438e-01
7.282343506813049316e-02
-1.370933949947357178e-01
-6.796366721391677856e-02
-1.337245553731918335e-01
1.913866773247718811e-02
-2.292961031198501587e-01
1.473230216652154922e-02
-1.099214479327201843e-01
-3.823843086138367653e-03
3.849625214934349060e-02
7.752367109060287476e-02
4.352155327796936035e-02
2.577469311654567719e-02
-6.156215444207191467e-02
7.761021144688129425e-03
3.020417504012584686e-02
-7.666830718517303467e-02
-2.999524399638175964e-02
-2.229765523225069046e-03
-4.388462379574775696e-02
2.692285366356372833e-02
-3.908698260784149170e-02
-1.363299638032913208e-01
-7.679272443056106567e-03
2.234249404864385724e-04
3.718879818916320801e-02
-1.155957505106925964e-01
1.057426184415817261e-01
-1.301762163639068604e-01
3.464224934577941895e-02
1.111434400081634521e-01
-1.375436037778854370e-01
4.573080316185951233e-02
-4.025623202323913574e-03
-1.442978978157043457e-01
3.742876648902893066e-02
4.147765412926673889e-02
-5.291549861431121826e-02
-1.071725189685821533e-01
1.247636675834655762e-01
-4.040255025029182434e-02
1.150191053748130798e-01
-6.926319003105163574e-02
-1.053766459226608276e-01
5.566938593983650208e-02
1.460420787334442139e-01
1.921540871262550354e-02
7.394614815711975098e-02
2.864894457161426544e-02
-1.025656461715698242e-01
-7.036884315311908722e-03
1.507531013339757919e-02
1.800855062901973724e-02
2.764325030148029327e-02
1.230443567037582397e-01
4.634896665811538696e-02
2.140098996460437775e-02
-9.283640980720520020e-02
4.488708451390266418e-03
-1.514082551002502441e-01
6.646904349327087402e-02
-6.159161403775215149e-02
-1.549205183982849121e-01
-9.282828122377395630e-02
2.860780991613864899e-02
1.467270702123641968e-01
4.570069909095764160e-02
-4.393560811877250671e-02
6.550710648298263550e-03
-1.242574229836463928e-01
-1.334290653467178345e-01
-8.311800658702850342e-02
1.307796537876129150e-01
1.493556946516036987e-01
-1.824989020824432373e-01
-1.166708301752805710e-02
1.474761366844177246e-01
1.003915965557098389e-01
-6.362020224332809448e-02
-3.622425487264990807e-03
-3.492397069931030273e-02
1.244765296578407288e-01
1.573249464854598045e-03
-1.101959124207496643e-02
1.269291639328002930e-01
-1.189427450299263000e-01
1.128939986228942871e-01
-3.444736823439598083e-02
-1.522966194897890091e-02
9.650114923715591431e-02
6.582383811473846436e-02
-1.198293417692184448e-01
-5.481186509132385254e-02
5.196018144488334656e-02
-1.154757067561149597e-01
-2.995113143697381020e-03
-1.426378544420003891e-02
1.357846856117248535e-01
3.539669513702392578e-02
-7.107923179864883423e-02
-7.921192049980163574e-02
-1.213323045521974564e-02
1.137106120586395264e-01
-1.905748248100280762e-01
-1.537598669528961182e-01
1.407032459974288940e-01
3.297682385891675949e-03
6.057700142264366150e-02
-1.775414347648620605e-01
5.144437775015830994e-02
-3.835771605372428894e-02
2.855408191680908203e-02
-1.239352300763130188e-01
1.136752218008041382e-01
-1.263328045606613159e-01
2.691302681341767311e-03
-2.503638528287410736e-02
4.933810234069824219e-02
-1.306737512350082397e-01
2.588414400815963745e-02
-3.553760703653097153e-03
8.561231195926666260e-02
-1.930898427963256836e-01
-1.103730723261833191e-01
-2.046450227499008179e-02
-9.307837486267089844e-02
-1.170582547783851624e-01
-2.524846422602422535e-06
-1.698069423437118530e-01
6.652551144361495972e-02
1.756651550531387329e-01
-1.474968940019607544e-01
-9.065108746290206909e-02
-1.279020011425018311e-01
-1.191164925694465637e-01
1.123043242841959000e-03
-1.295313537120819092e-01
-1.781719028949737549e-01
1.083159446716308594e-01
7.154455035924911499e-02
7.113210856914520264e-02
8.972176164388656616e-02
1.633906960487365723e-01
-1.627371609210968018e-01
-1.422686427831649780e-01
2.431660518050193787e-02
1.492850780487060547e-01
-1.039608046412467957e-01
1.705966703593730927e-02
4.580497369170188904e-02
-8.018966764211654663e-03
8.579330891370773315e-02
5.982385575771331787e-02
-3.807806596159934998e-02
-4.389445297420024872e-03
-1.008358523249626160e-01
2.162153273820877075e-02
7.264266908168792725e-02
-1.058918684720993042e-01
-1.529434230178594589e-02
3.428137302398681641e-02
-1.014238819479942322e-01
2.057113796472549438e-01
-3.418644517660140991e-02
3.585142642259597778e-02
1.820212230086326599e-02
-5.006830394268035889e-02
-1.600435674190521240e-01
1.002832204103469849e-01
-1.007326785475015640e-02
-8.777464181184768677e-02
-5.762287601828575134e-02
4.824972525238990784e-02
7.690138369798660278e-02
6.223715841770172119e-03
-3.241647034883499146e-02
-1.075152680277824402e-01
2.777487598359584808e-02
2.897152863442897797e-02
8.858104050159454346e-02
-6.439134478569030762e-02
7.818409055471420288e-02
-1.143579334020614624e-01
-1.275087893009185791e-01
-5.846647918224334717e-02
1.206154301762580872e-01
5.018078535795211792e-02
4.233212396502494812e-02
-1.221536025404930115e-01
-2.802262082695960999e-02
-3.183529898524284363e-02
-1.116279661655426025e-01
3.674838319420814514e-02
6.331311166286468506e-02
4.087019339203834534e-02
1.007852256298065186e-01
6.740980315953493118e-03
-1.041823327541351318e-01
1.084457784891128540e-01
-8.064351230859756470e-02
-4.792708903551101685e-02
-9.351096302270889282e-02
1.947875879704952240e-02
-1.192436963319778442e-01
1.420492026954889297e-02
-8.606020361185073853e-02
-7.409118860960006714e-02
-5.711079016327857971e-02
1.996057108044624329e-02
-7.711710035800933838e-02
-1.709810197353363037e-01
1.181171238422393799e-01
6.050030887126922607e-02
1.104142740368843079e-01
-2.221748679876327515e-01
-1.652923673391342163e-01
5.328305810689926147e-02
9.430429339408874512e-02
3.863643482327461243e-02
5.346611514687538147e-02
-2.157403677701950073e-01
-9.492304921150207520e-02
-3.832310321740806103e-04
4.639385268092155457e-02
-6.538356095552444458e-02
-4.567958042025566101e-02
-5.825919285416603088e-02
1.008764952421188354e-01
2.354843169450759888e-02
2.606802806258201599e-02
-1.003360822796821594e-01
1.813901960849761963e-01
6.170888990163803101e-02
8.465383946895599365e-02
-1.131312549114227295e-01
-4.887600615620613098e-02
1.160134375095367432e-01
-8.652093261480331421e-02
-5.100701376795768738e-02
-9.970396757125854492e-02
1.381082832813262939e-01
1.409682035446166992e-01
4.293696209788322449e-02
2.541499910876154900e-03
5.410219542682170868e-03
-1.309557557106018066e-01
-5.882213264703750610e-02
1.985182799398899078e-02
9.437713772058486938e-02
1.797759383916854858e-01
6.254751980304718018e-02
4.915175214409828186e-02
2.766814781352877617e-03
1.057754829525947571e-01
-2.247367054224014282e-02
-1.048447564244270325e-01
7.290107756853103638e-02
-3.014349192380905151e-02
-8.026649057865142822e-02
-3.595529124140739441e-02
7.459540851414203644e-03
-3.842775151133537292e-02
-4.476325213909149170e-02
-1.240884065628051758e-01
-2.149452641606330872e-02
-7.005380839109420776e-02
8.026408404111862183e-02
-9.859546273946762085e-02
6.879393011331558228e-02
9.607782959938049316e-02
1.196034923195838928e-01
-6.944387406110763550e-02
2.807565219700336456e-02
8.177213370800018311e-02
3.063871711492538452e-02
1.147511601448059082e-01
8.354544639587402344e-02
-9.799012541770935059e-02
3.763785958290100098e-02
2.448654174804687500e-01
-1.148897921666502953e-03
-1.155831739306449890e-01
-2.357462421059608459e-03
5.017974227666854858e-02
4.846957325935363770e-02
-3.425014764070510864e-02
-6.120403110980987549e-02
-1.744659841060638428e-01
1.395640373229980469e-01
1.784818619489669800e-01
1.064112335443496704e-01
-8.744812011718750000e-02
-1.078535318374633789e-01
1.001826021820306778e-02
-3.970888257026672363e-02
1.241729930043220520e-01
-8.775234967470169067e-02
-1.951300501823425293e-01
5.029258318245410919e-03
2.103837393224239349e-02
9.558679908514022827e-02
1.046131923794746399e-01
1.966091804206371307e-02
-9.419045411050319672e-03
-5.170406773686408997e-02
4.074402526021003723e-02
1.327721327543258667e-01
-2.514195740222930908e-01
7.759732007980346680e-02
-2.541793137788772583e-02
-3.261276707053184509e-02
1.379098445177078247e-01
1.559146493673324585e-01
-3.032282292842864990e-01
-4.887179005891084671e-03
-1.249138116836547852e-01
-5.494686588644981384e-02
1.677605360746383667e-01
1.173439528793096542e-02
2.035084217786788940e-01
-1.521859169006347656e-01
1.048162281513214111e-01
-1.530869156122207642e-01
-2.559288404881954193e-02
-7.085842639207839966e-02
-8.414653688669204712e-02
8.237085491418838501e-02
1.884679123759269714e-02
1.283824741840362549e-01
-6.185706704854965210e-02
-3.794224187731742859e-02
-9.980157017707824707e-02
-1.118030250072479248e-01
-9.614494442939758301e-02
-3.787279129028320312e-01
1.285545080900192261e-01
2.964844182133674622e-02
3.429506346583366394e-02
2.145112901926040649e-01
6.281665712594985962e-02
-2.378029748797416687e-02
2.391763217747211456e-02
-9.881038218736648560e-02
-7.626487314701080322e-02
-7.187756150960922241e-02
1.933203078806400299e-02
-4.610636457800865173e-02
-4.543533921241760254e-02
-1.260457783937454224e-01
-1.176237836480140686e-01
9.669613093137741089e-03
1.371636241674423218e-01
9.271872229874134064e-03
4.479975253343582153e-02
-2.294007986783981323e-01
-1.658177934587001801e-02
-1.305726170539855957e-01
-6.260178238153457642e-02
2.453229129314422607e-01
3.836567327380180359e-02
1.117855235934257507e-01
-2.535495720803737640e-02
8.383622020483016968e-02
-9.553287923336029053e-02
2.569296956062316895e-02
-1.438605785369873047e-01
1.056643947958946228e-01
-1.145087182521820068e-01
-9.387134574353694916e-03
1.578298360109329224e-01
-3.529373556375503540e-02
1.963634788990020752e-01
-7.280664145946502686e-02
8.051268756389617920e-02
1.174121871590614319e-01
2.223996818065643311e-01
1.683716475963592529e-02
-1.295147836208343506e-01
-1.791496574878692627e-01
-8.065611869096755981e-02
-1.161178573966026306e-01
8.685566484928131104e-02
3.146471455693244934e-02
-7.541756331920623779e-02
-7.876105606555938721e-02
-3.369025653228163719e-03
-4.638848453760147095e-02
1.866847276687622070e-02
-5.414426326751708984e-02
-1.718886792659759521e-01
1.177146136760711670e-01
5.408718809485435486e-02
2.796958759427070618e-02
1.448835581541061401e-01
1.410791873931884766e-01
1.282693743705749512e-01
3.498581424355506897e-02
-5.505122244358062744e-02
2.034920081496238708e-02
-7.159444969147443771e-03
8.382634073495864868e-02
6.582401692867279053e-02
1.167872920632362366e-01
-2.187406271696090698e-01
-8.160625398159027100e-02
2.506109513342380524e-02
-5.223603919148445129e-03
7.622805237770080566e-02
-2.794803492724895477e-02
-4.275236744433641434e-03
-6.391038745641708374e-02
1.514307707548141479e-01
-1.479574739933013916e-01
1.900453716516494751e-01
2.021615356206893921e-01
6.266155093908309937e-02
-8.629372715950012207e-02
6.093915179371833801e-02
-6.460948288440704346e-02
6.688859313726425171e-02
-6.269828975200653076e-02
-1.572195738554000854e-01
-3.292729333043098450e-02
5.466780811548233032e-02
4.300801083445549011e-02
5.057915300130844116e-02
9.599207341670989990e-02
-8.876006305217742920e-02
-8.076950907707214355e-02
7.319133263081312180e-03
-8.871749788522720337e-02
-1.623014956712722778e-01
-7.502886001020669937e-03
-1.374800950288772583e-01
-1.441332250833511353e-01
1.432196646928787231e-01
4.482640698552131653e-02
6.303600966930389404e-02
-9.081704169511795044e-02
1.012100726366043091e-01
7.314015924930572510e-02
-3.149080649018287659e-02
9.500089287757873535e-02
-1.009770389646291733e-02
-1.923978924751281738e-01
1.442016065120697021e-01
-8.475574664771556854e-03
8.958457410335540771e-02
-1.232923716306686401e-01
-6.699807196855545044e-02
6.514638662338256836e-02
-4.564394429326057434e-02
-4.288974776864051819e-02
4.109917581081390381e-02
-1.396922916173934937e-01
-7.337405532598495483e-02
3.087982162833213806e-02
-8.621256798505783081e-02
7.212358992546796799e-03
3.170829638838768005e-02
-1.002052724361419678e-01
1.275877803564071655e-01
9.600554592907428741e-03
-1.151432469487190247e-01
-3.967716917395591736e-02
1.248646602034568787e-01
-6.663292646408081055e-02
6.036297883838415146e-03
8.201912045478820801e-02
-1.594174802303314209e-01
3.762302920222282410e-02
9.123343974351882935e-02
1.004400104284286499e-01
-1.126674488186836243e-01
9.959276020526885986e-02
-6.832301616668701172e-02
7.729700207710266113e-02
-2.566223777830600739e-02
2.425817400217056274e-02
-3.153184801340103149e-02
5.599679891020059586e-03
-7.093393057584762573e-02
-2.363534457981586456e-02
8.897055685520172119e-02
-1.208880469202995300e-01
1.378825120627880096e-02
2.482332289218902588e-02
-7.984108477830886841e-02
-1.282804161310195923e-01
4.898806288838386536e-02
-2.767291665077209473e-02
-2.832030877470970154e-02
2.793144434690475464e-02
-2.510332874953746796e-02
2.662540599703788757e-02
5.991912446916103363e-03
-1.014664098620414734e-01
-2.370935305953025818e-02
-3.668710589408874512e-02
-7.931582629680633545e-02
-2.709956141188740730e-03
-1.702572591602802277e-02
-1.904275566339492798e-01
-4.584646597504615784e-02
-1.135331913828849792e-01
-4.943956807255744934e-02
3.528773784637451172e-02
8.325555175542831421e-02
-6.286994367837905884e-02
-5.573713034391403198e-02
-1.345091462135314941e-01
-1.100575923919677734e-01
-1.532533951103687286e-02
1.384835839271545410e-01
6.150689348578453064e-02
1.773610711097717285e-02
-1.883038580417633057e-01
7.849113643169403076e-02
1.866074465215206146e-02
-1.821953803300857544e-03
-1.313067674636840820e-01
-3.326125815510749817e-02
1.185036823153495789e-01
-3.775632008910179138e-02
-1.297090053558349609e-01
-4.875010624527931213e-02
-3.731753677129745483e-02
-1.388143002986907959e-01
-8.222731947898864746e-02
-5.639254674315452576e-02
1.345106661319732666e-01
-2.463814988732337952e-02
4.731026291847229004e-02
2.345292642712593079e-02
-9.286003559827804565e-02
-1.630570739507675171e-01
9.535364806652069092e-02
1.056527048349380493e-01
1.133540868759155273e-01
-6.384586542844772339e-02
-2.831556499004364014e-01
-2.238227240741252899e-02
-5.933612212538719177e-02
-5.677454918622970581e-02
-1.093284189701080322e-01
9.540145099163055420e-02
-1.830231025815010071e-02
6.810642033815383911e-02
1.800369657576084137e-02
-1.159025728702545166e-01
1.335133910179138184e-01
-2.057391107082366943e-01
1.161379739642143250e-01
1.047106906771659851e-01
4.572429507970809937e-02
1.044000983238220215e-01
7.091573625802993774e-02
1.183092147111892700e-01
-2.231139391660690308e-01
4.848667979240417480e-02
-3.151015341281890869e-01
-8.569949120283126831e-02
2.789603918790817261e-02
9.151977300643920898e-02
7.519546896219253540e-02
4.419484734535217285e-02
-6.733550131320953369e-02
1.305785179138183594e-01
-1.609522998332977295e-01
-1.214304380118846893e-02
-5.197547003626823425e-02
-7.529087364673614502e-02
9.673463180661201477e-03
9.913580864667892456e-02
-5.770104005932807922e-02
4.915948212146759033e-02
1.866099983453750610e-02
-3.444255143404006958e-02
-4.200427979230880737e-02
2.995532751083374023e-02
-8.670955896377563477e-03
-9.489929303526878357e-03
1.163979098200798035e-01
7.744286209344863892e-02
1.374811083078384399e-01
6.521784514188766479e-02
-4.967177286744117737e-02
-1.613143682479858398e-01
-7.319246977567672729e-02
3.877274692058563232e-02
9.492220729589462280e-02
-2.460533939301967621e-02
-4.843762144446372986e-02
-1.509196013212203979e-01
-9.255971759557723999e-02
-9.531103074550628662e-02
-1.602258235216140747e-01
1.233664751052856445e-01
7.555224001407623291e-02
-1.866247802972793579e-01
-1.295914500951766968e-01
-5.915686115622520447e-02
-2.199558541178703308e-02
1.203987374901771545e-01
-2.305977195501327515e-01
-4.479185119271278381e-02
8.778429776430130005e-02
4.098841920495033264e-02
-4.538110643625259399e-02
-2.479604333639144897e-01
-9.333143243566155434e-04
-4.442500323057174683e-02
5.376339703798294067e-02
6.040107086300849915e-02
1.231119558215141296e-01
-2.999510057270526886e-02
1.661134511232376099e-01
1.702405139803886414e-02
-2.434561494737863541e-03
5.893118679523468018e-02
-7.968709617853164673e-02
-9.523402899503707886e-02
-1.124731600284576416e-01
-5.750637501478195190e-02
5.208411440253257751e-02
4.581111669540405273e-02
1.701187789440155029e-01
6.960812956094741821e-02
-3.289987519383430481e-02
-3.686599060893058777e-02
-2.851736731827259064e-02
1.659108102321624756e-01
3.480538725852966309e-02
4.008917883038520813e-02
-9.655447502154856920e-05
2.575904726982116699e-01
-6.759759038686752319e-02
3.071066737174987793e-02
-1.291142702102661133e-01
-4.710987955331802368e-02
-1.464640796184539795e-01
1.632606983184814453e-02
-1.591589301824569702e-01
9.286079555749893188e-02
-5.399309843778610229e-02
2.434007590636610985e-03
1.127046570181846619e-01
4.099832102656364441e-02
1.589292846620082855e-02
-6.106770783662796021e-02
1.639976650476455688e-01
-1.522045210003852844e-02
-1.703395694494247437e-01
-3.365412354469299316e-02
1.079460382461547852e-01
-5.871346220374107361e-02
-8.787193894386291504e-02
1.438807696104049683e-01
2.176634073257446289e-01
-7.404492050409317017e-02
-5.762797221541404724e-02
6.044699624180793762e-02
-1.046385914087295532e-01
-1.514677256345748901e-01
-4.316208139061927795e-02
1.154640689492225647e-02
6.996953487396240234e-02
1.187221705913543701e-01
-1.690345443785190582e-02
2.346289008855819702e-01
5.422392860054969788e-02
4.812776669859886169e-02
-1.036776453256607056e-01
-1.016498729586601257e-02
4.644670523703098297e-03
-5.047589074820280075e-03
-1.635610759258270264e-01
-5.193702131509780884e-02
7.861106842756271362e-02
-8.685912191867828369e-02
1.147557944059371948e-01
4.539075121283531189e-02
-8.310218900442123413e-02
6.926237046718597412e-02
-1.801329851150512695e-02
-2.406219951808452606e-03
-1.423774510622024536e-01
-7.004812359809875488e-02
-2.345704997424036264e-04
-1.227586623281240463e-02
-2.443434856832027435e-02
6.340844184160232544e-02
-4.986811056733131409e-02
-1.353635080158710480e-02
-7.936952263116836548e-02
6.039763614535331726e-02
-1.026604622602462769e-01
2.430637553334236145e-02
-9.231600910425186157e-03
7.407075911760330200e-02
9.099368751049041748e-02
-1.809368431568145752e-01
-9.100198512896895409e-04
-6.276299804449081421e-02
4.829942062497138977e-02
7.750011980533599854e-02
1.158267725259065628e-02
1.356464475393295288e-01
1.594669967889785767e-01
4.111919924616813660e-02
-9.196879714727401733e-02
-1.583597436547279358e-02
8.099810779094696045e-02
-1.083821523934602737e-02
1.662503480911254883e-01
-1.592951864004135132e-01
-1.507859956473112106e-02
-1.622064225375652313e-02
4.627048224210739136e-02
-1.621598936617374420e-02
1.179968267679214478e-01
9.793185442686080933e-02
6.250215228646993637e-03
1.247682124376296997e-01
-6.979037076234817505e-02
1.623434722423553467e-01
-4.163934383541345596e-03
9.275389462709426880e-02
-1.029988378286361694e-01
1.652736514806747437e-01
-9.520497918128967285e-02
1.531801670789718628e-01
-1.090468019247055054e-01
-4.567777737975120544e-02
-8.814282715320587158e-03
1.628703176975250244e-01
-7.308684289455413818e-02
-4.043965786695480347e-02
-7.951727136969566345e-03
1.239580512046813965e-01
4.887138679623603821e-02
-1.091318503022193909e-01
-1.516402810811996460e-01
-5.122831836342811584e-02
-5.682577029801905155e-04
-6.273199617862701416e-02
-6.805973500013351440e-02
5.620534718036651611e-02
-3.912047669291496277e-02
-1.059466749429702759e-01
-2.123780734837055206e-02
7.818135619163513184e-02
1.512460410594940186e-01
-6.188023835420608521e-02
-1.583334505558013916e-01
5.859725549817085266e-02
7.356238365173339844e-02
4.081929847598075867e-02
-1.608438231050968170e-02
3.921678289771080017e-02
-3.449219167232513428e-01
8.590111881494522095e-02
-1.256300359964370728e-01
-1.476743370294570923e-01
-2.937834337353706360e-02
5.599105730652809143e-02
-6.380387395620346069e-02
-1.735691428184509277e-01
-8.668670058250427246e-02
2.949928399175405502e-03
-5.408933013677597046e-02
-9.150778502225875854e-02
-4.536130279302597046e-02
-1.523229032754898071e-01
-7.834048569202423096e-02
-1.163561120629310608e-01
2.190387435257434845e-02
-1.194836422801017761e-01
5.726020783185958862e-03
3.264451399445533752e-02
1.119892746210098267e-01
-2.281977236270904541e-02
4.616681486368179321e-02
-3.059733845293521881e-02
1.025023870170116425e-02
-8.250419050455093384e-02
3.465916588902473450e-02
-2.044515907764434814e-01
1.133471261709928513e-02
-1.036722138524055481e-01
-2.372111082077026367e-01
3.951339796185493469e-02
-1.445702761411666870e-01
4.171560332179069519e-02
-1.835473626852035522e-01
4.247443750500679016e-02
-2.131474912166595459e-01
1.128733623772859573e-02
-5.667958036065101624e-02
-9.985369443893432617e-02
4.157350212335586548e-02
3.450810536742210388e-02
-1.153200026601552963e-02
7.097039371728897095e-02
-1.374955773353576660e-01
-1.752038002014160156e-01
-1.411609053611755371e-01
-2.077591791749000549e-02
-6.310547143220901489e-02
-2.644620835781097412e-02
-1.176697462797164917e-01
1.398414224386215210e-01
-1.044490467756986618e-02
5.290597304701805115e-02
-1.888566883280873299e-03
-2.799681574106216431e-02
-9.177156537771224976e-02
6.373623758554458618e-02
4.449815303087234497e-02
-3.166111186146736145e-02
3.242359682917594910e-02
-3.279063478112220764e-02
-8.317866176366806030e-02
1.554200053215026855e-01
-4.309377074241638184e-02
1.060321275144815445e-02
-8.100082166492938995e-03
1.241877749562263489e-01
1.002537272870540619e-02
-8.486189693212509155e-02
5.729753524065017700e-03
-1.085421517491340637e-01
5.377443507313728333e-02
1.622786186635494232e-02
-4.985952749848365784e-02
-5.326446518301963806e-02
2.415758669376373291e-01
-7.615998387336730957e-02
4.753892123699188232e-02
3.912859410047531128e-02
-1.504786126315593719e-02
1.200272440910339355e-01
-1.465620100498199463e-01
-1.470501124858856201e-01
-9.641811996698379517e-02
-1.401602923870086670e-01
-1.148866396397352219e-02
-1.820740848779678345e-01
-5.925704725086688995e-03
2.949879039078950882e-03
-2.031489163637161255e-01
1.467589288949966431e-01
6.659355014562606812e-02
9.181232750415802002e-02
5.552290380001068115e-02
8.679506182670593262e-02
1.364454776048660278e-01
-8.302075415849685669e-02
-2.527570351958274841e-02
8.716800808906555176e-02
-1.276985108852386475e-01
-4.730504378676414490e-02
-4.573417827486991882e-02
3.365008533000946045e-02
7.533489167690277100e-02
-7.776122540235519409e-02
-1.045716702938079834e-01
1.389085799455642700e-01
8.517581038177013397e-03
2.987085096538066864e-02
-1.579104065895080566e-01
4.418734833598136902e-02
-1.706581562757492065e-02
-1.481012254953384399e-01
9.483315050601959229e-02
-6.387501209974288940e-02
-1.659107208251953125e-01
7.656265795230865479e-02
1.531826704740524292e-02
-3.663386404514312744e-02
-5.523882433772087097e-02
-2.535326965153217316e-02
-1.291520893573760986e-01
-3.160726337227970362e-04
-4.495603591203689575e-02
-5.733789503574371338e-02
-5.031565576791763306e-02
-1.481880396604537964e-01
-2.778203599154949188e-02
5.478311330080032349e-03
-3.722874075174331665e-02
-1.330552995204925537e-01
-1.187103688716888428e-01
1.415800452232360840e-01
1.187645867466926575e-01
-1.072582602500915527e-02
-9.918013960123062134e-02
5.689318478107452393e-02
7.302905432879924774e-04
-6.341320276260375977e-02
1.958397030830383301e-02
-1.544614043086767197e-02
6.803055852651596069e-02
3.606535866856575012e-02
-2.193093858659267426e-02
-2.157422713935375214e-02
-1.547264158725738525e-01
1.588468998670578003e-01
-6.445893645286560059e-02
4.849401861429214478e-02
-3.469169884920120239e-02
1.786434948444366455e-01
5.291861016303300858e-03
-5.049240961670875549e-02
-9.526011347770690918e-02
-9.976500272750854492e-02
4.178508371114730835e-02
1.137162074446678162e-01
4.355123639106750488e-02
4.113008826971054077e-02
-7.811827212572097778e-02
-1.370031293481588364e-02
-6.264062970876693726e-02
-1.728401929140090942e-01
4.682797566056251526e-02
-1.480558048933744431e-02
-1.331993937492370605e-01
-6.864058971405029297e-02
-2.709539607167243958e-02
-4.448680579662322998e-02
4.904191568493843079e-02
-1.481991708278656006e-01
-4.138933494687080383e-03
4.635899513959884644e-02
4.948133975267410278e-02
-4.990080744028091431e-02
8.699596673250198364e-02
-1.678627282381057739e-01
1.075153127312660217e-01
7.392843067646026611e-02
2.175072394311428070e-02
2.380804345011711121e-02
-1.605450920760631561e-02
2.152910642325878143e-02
-1.689265370368957520e-01
4.525959491729736328e-03
5.778328701853752136e-02
8.079554885625839233e-02
1.048541665077209473e-01
6.151844188570976257e-02
-8.680344372987747192e-02
-1.349184513092041016e-01
-7.065079174935817719e-03
-1.467874199151992798e-01
-2.758242934942245483e-02
-1.528971344232559204e-01
-5.230689421296119690e-02
-3.953107073903083801e-02
-4.854109883308410645e-02
-1.072390601038932800e-01
-1.245571598410606384e-01
-1.783031225204467773e-01
8.344392478466033936e-02
-3.911294415593147278e-02
-1.832918673753738403e-01
-4.567852243781089783e-02
-8.989310264587402344e-02
-1.230201944708824158e-01
-6.756713241338729858e-02
-1.089945510029792786e-01
-9.674931317567825317e-02
3.830157220363616943e-02
9.747219830751419067e-02
1.062517315149307251e-01
7.450842112302780151e-02
-2.005730196833610535e-02
3.647007048130035400e-02
-1.754800081253051758e-01
7.795349508523941040e-02
-1.384434849023818970e-01
-8.803614974021911621e-02
6.963968276977539062e-02
-4.178076982498168945e-03
-1.540328413248062134e-01
-1.923963427543640137e-01
1.778041571378707886e-02
3.536776080727577209e-02
5.432852730154991150e-02
2.794233150780200958e-02
-6.225545704364776611e-02
-8.967929333448410034e-02
-1.245983764529228210e-01
-3.189479187130928040e-02
-2.088638721033930779e-03
-1.629417240619659424e-01
-1.489880532026290894e-01
2.553455717861652374e-02
-1.403779387474060059e-01
-2.427182793617248535e-01
4.161763004958629608e-03
-7.630561292171478271e-02
4.917898401618003845e-02
-1.372439414262771606e-02
1.689667701721191406e-01
-7.787684351205825806e-02
-9.976771473884582520e-02
-8.946325629949569702e-02
-4.579550027847290039e-02
1.793786697089672089e-02
8.853704482316970825e-02
-8.727315068244934082e-02
2.126219421625137329e-01
-3.019364550709724426e-02
8.512435853481292725e-02
-6.467467546463012695e-02
-5.716482922434806824e-02
-1.007077023386955261e-01
5.011682957410812378e-02
-5.826270207762718201e-02
-4.516018554568290710e-02
1.896028518676757812e-01
-4.390547424554824829e-02
1.347726285457611084e-01
-2.309230268001556396e-01
-1.059640049934387207e-01
-9.693354368209838867e-02
-1.122432947158813477e-02
7.913237065076828003e-02
-1.162970513105392456e-01
6.889089941978454590e-02
-7.301935553550720215e-02
-4.426685348153114319e-02
-1.343066245317459106e-01
-5.447348579764366150e-02
-1.662963330745697021e-01
-1.192838326096534729e-01
1.248772069811820984e-01
2.051229402422904968e-02
-1.769385635852813721e-01
-1.669188141822814941e-01
-4.949803650379180908e-02
-1.602825373411178589e-01
-8.206205070018768311e-02
-5.919420346617698669e-02
-9.262516349554061890e-02
-1.127900481224060059e-01
1.134462729096412659e-01
-1.996593177318572998e-02
8.128632791340351105e-03
-1.973349042236804962e-02
4.805341735482215881e-02
5.846221745014190674e-02
1.984591362997889519e-03
-3.761906176805496216e-02
-3.378203138709068298e-02
5.041506141424179077e-02
1.179208047688007355e-02
-1.480180956423282623e-02
2.929000183939933777e-03
-1.058470904827117920e-01
-5.842960998415946960e-02
-1.490571349859237671e-02
-7.860703021287918091e-02
1.331090927124023438e-01
4.618196189403533936e-02
8.137384057044982910e-02
-1.146859582513570786e-02
-5.580258090049028397e-03
1.783777988748624921e-04
1.661266833543777466e-01
-5.162309482693672180e-02
-4.204743728041648865e-02
1.146249100565910339e-01
3.436158224940299988e-02
-1.069655418395996094e-01
-4.350418969988822937e-02
1.170313656330108643e-01
5.698771029710769653e-02
8.759991824626922607e-02
1.423219442367553711e-01
9.689126908779144287e-02
-5.792860314249992371e-02
8.853199332952499390e-02
3.204008331522345543e-03
-4.040956869721412659e-02
6.309960782527923584e-02
7.050330191850662231e-02
-6.370921432971954346e-02
4.695440828800201416e-02
1.499278694391250610e-01
-1.230928450822830200e-01
1.545633226633071899e-01
-6.668274104595184326e-02
2.267428673803806305e-02
-7.293500006198883057e-03
-5.163713544607162476e-02
1.587301939725875854e-01
2.090581655502319336e-01
4.198087751865386963e-02
-4.395085945725440979e-02
-1.607119105756282806e-02
3.676850721240043640e-02
7.799673080444335938e-02
-4.378631711006164551e-03
-1.831495203077793121e-03
6.791644543409347534e-02
-1.094619110226631165e-01
-2.336001256480813026e-03
1.489261090755462646e-01
-4.716363921761512756e-02
-1.217766404151916504e-01
-2.337198331952095032e-02
1.751842051744461060e-01
2.009806409478187561e-02
-3.817662596702575684e-02
1.090051047503948212e-02
-5.046395584940910339e-02
-3.246562555432319641e-02
6.081839650869369507e-02
7.582009583711624146e-02
-6.511918455362319946e-02
1.248257756233215332e-01
-6.173504143953323364e-02
1.597463935613632202e-01
4.904198646545410156e-02
-1.087574437260627747e-01
-1.063412241637706757e-02
6.128999963402748108e-02
1.252941489219665527e-01
-5.570816993713378906e-02
-2.537610009312629700e-03
2.036716938018798828e-01
9.861166030168533325e-02
-1.907038986682891846e-01
6.058826670050621033e-02
4.036759212613105774e-02
-1.544502824544906616e-01
-2.301513403654098511e-02
-4.960278049111366272e-02
9.419985860586166382e-02
2.146592922508716583e-02
-3.613593056797981262e-02
-1.103702485561370850e-01
1.531443931162357330e-02
-9.280821681022644043e-02
-1.504735797643661499e-01
-4.805349931120872498e-02
8.290342986583709717e-02
2.460685819387435913e-01
-1.335324645042419434e-01
1.133770942687988281e-01
-1.790266484022140503e-01
-1.644374579191207886e-01
-3.881362825632095337e-02
-3.049230575561523438e-02
-1.093026697635650635e-01
-1.131622269749641418e-01
9.855073690414428711e-02
1.258258819580078125e-01
-8.520917035639286041e-03
-1.754753887653350830e-01
-4.719416424632072449e-02
-1.889813505113124847e-02
4.850137233734130859e-02
1.141351163387298584e-01
8.575889468193054199e-02
7.528783380985260010e-02
-2.502537332475185394e-02
-3.858479112386703491e-02
2.435599640011787415e-02
9.834510833024978638e-02
7.136548403650522232e-03
6.158918887376785278e-02
7.795302662998437881e-03
1.658681221306324005e-02
-1.224279776215553284e-01
-9.804669022560119629e-02
3.701220452785491943e-02
-1.295242160558700562e-01
2.300226837396621704e-01
1.027840971946716309e-01
-1.111082965508103371e-03
7.261034846305847168e-02
-1.249545514583587646e-01
-1.084976270794868469e-02
-1.354089975357055664e-01
2.555205672979354858e-02
4.677381739020347595e-02
1.194656174629926682e-02
-7.014387100934982300e-02
-1.661625504493713379e-01
-1.346944831311702728e-02
-1.106700003147125244e-01
7.860059291124343872e-02
-2.461468800902366638e-02
-8.483665436506271362e-02
3.593603149056434631e-02
-4.815106745809316635e-03
1.691288053989410400e-01
-1.499365568161010742e-01
-1.584297120571136475e-01
-8.788859844207763672e-02
-7.717036455869674683e-02
-2.695168927311897278e-02
-9.541706740856170654e-02
6.673772633075714111e-02
9.585940837860107422e-02
-2.797504700720310211e-02
-9.083089977502822876e-02
-7.803203910589218140e-02
-1.277682930231094360e-01
-8.435329794883728027e-02
3.148183226585388184e-02
-6.049340590834617615e-02
-1.641723960638046265e-01
1.820378750562667847e-02
-2.033082209527492523e-02
8.651522547006607056e-02
2.308802679181098938e-02
-1.166843026876449585e-01
3.016057983040809631e-02
-1.354016065597534180e-01
1.079810410737991333e-02
-7.448492944240570068e-02
3.153701499104499817e-02
4.287909716367721558e-02
6.979481875896453857e-02
1.068473979830741882e-01
-1.525876820087432861e-01
-4.098984599113464355e-02
-1.330734342336654663e-01
1.082805395126342773e-01
-2.240716069936752319e-01
1.384154856204986572e-01
-7.789840549230575562e-02
-8.992218971252441406e-02
-5.334700271487236023e-02
-9.596176445484161377e-02
6.712719798088073730e-02
1.940876618027687073e-02
1.285099238157272339e-01
-7.133456319570541382e-02
-5.299348384141921997e-02
-1.071541905403137207e-01
4.464984312653541565e-02
-4.513751715421676636e-02
1.132230088114738464e-01
-2.442757226526737213e-02
-1.033609732985496521e-02
-8.500412851572036743e-02
4.269243404269218445e-02
-1.000626459717750549e-01
-7.007144391536712646e-02
-6.660576909780502319e-02
1.845193356275558472e-01
-6.793063133955001831e-02
3.573802858591079712e-02
-5.545920506119728088e-02
-1.278528720140457153e-01
-9.869066067039966583e-03
-4.998378455638885498e-02
4.050631076097488403e-02
1.896665059030056000e-02
1.433500368148088455e-02
7.422844879329204559e-03
-9.200378507375717163e-02
-1.749946549534797668e-02
3.956767171621322632e-02
-1.204221993684768677e-01
8.219627290964126587e-02
-7.679446786642074585e-02
2.438383363187313080e-02
1.827917434275150299e-02
6.347528100013732910e-02
1.557364612817764282e-01
1.849111616611480713e-01
8.303961157798767090e-02
5.801546387374401093e-03
-1.347988992929458618e-01
-1.282882094383239746e-01
-4.763774573802947998e-02
1.259403526782989502e-01
-9.248468279838562012e-02
5.772354081273078918e-02
-1.505144499242305756e-02
1.167833954095840454e-01
9.021126478910446167e-02
-3.737430647015571594e-02
-2.567344158887863159e-02
1.349132210016250610e-01
1.581752300262451172e-01
-4.519608244299888611e-02
2.938265725970268250e-02
2.495030686259269714e-02
-1.163353323936462402e-01
3.425410017371177673e-02
-2.604753896594047546e-02
1.222826167941093445e-01
8.657617866992950439e-02
9.426554664969444275e-03
6.762798130512237549e-02
7.854950614273548126e-03
-1.156009659171104431e-01
8.041225373744964600e-02
-8.475518226623535156e-02
-2.576794661581516266e-02
5.636998638510704041e-02
1.452562510967254639e-01
-3.474563732743263245e-02
7.446386665105819702e-02
2.001932412385940552e-01
4.748182371258735657e-02
1.663525216281414032e-02
-2.011517807841300964e-02
-8.665303140878677368e-02
1.059048697352409363e-01
2.446220442652702332e-02
-3.899917751550674438e-02
1.407683193683624268e-01
-1.578839570283889771e-01
-5.946591123938560486e-02
6.754591315984725952e-02
3.029846027493476868e-02
-1.622212082147598267e-01
1.980945467948913574e-01
-7.870446890592575073e-02
3.776487661525607109e-03
-2.467828989028930664e-01
-2.868962883949279785e-01
7.941574603319168091e-02
-2.005598973482847214e-03
-5.897497385740280151e-02
-2.014373987913131714e-01
-1.426480151712894440e-02
-1.696099638938903809e-01
5.502515286207199097e-02
-2.829195745289325714e-02
-1.105817854404449463e-01
1.855801045894622803e-01
-1.230213716626167297e-01
-9.970065206289291382e-02
-2.730142138898372650e-02
-1.934405602514743805e-02
1.446055173873901367e-01
-6.279991567134857178e-02
-9.326126426458358765e-02
-2.239561527967453003e-01
2.704596519470214844e-02
5.685567483305931091e-02
2.146489731967449188e-02
9.197420626878738403e-02
3.252048045396804810e-02
-1.063659638166427612e-01
-1.428381949663162231e-01
1.253598183393478394e-01
-9.679325670003890991e-02
-2.685414552688598633e-01
-8.083493262529373169e-02
-1.171029135584831238e-01
1.132423356175422668e-01
-3.076070249080657959e-01
-9.543992578983306885e-02
9.007988870143890381e-02
1.313251123065128922e-04
-2.623910270631313324e-02
-1.299149245023727417e-01
3.018182702362537384e-03
-3.263802826404571533e-01
-1.586956679821014404e-01
-4.297428950667381287e-02
1.146333888173103333e-01
-1.152397617697715759e-01
-1.318595111370086670e-01
8.048620074987411499e-02
8.053556829690933228e-02
8.162064850330352783e-02
1.722645759582519531e-01
-3.328732550144195557e-01
-1.439035683870315552e-02
1.299478579312562943e-02
-1.121108233928680420e-01
1.159787103533744812e-01
1.320738792419433594e-01
-1.486248821020126343e-01
1.514729112386703491e-02
5.835568904876708984e-02
-3.744279965758323669e-02
6.537844985723495483e-02
-9.828340262174606323e-03
5.186337232589721680e-02
8.060564845800399780e-02
1.337677538394927979e-01
-5.578688904643058777e-02
-1.742823235690593719e-02
-2.602192340418696404e-03
-2.020591124892234802e-02
-9.701019525527954102e-02
8.481948822736740112e-02
-1.064021065831184387e-01
1.225867196917533875e-01
-1.509764045476913452e-01
1.188261285424232483e-01
-6.174082681536674500e-02
-9.943596273660659790e-02
-5.249587073922157288e-02
8.206980675458908081e-02
-5.963631346821784973e-02
-5.741538107395172119e-02
1.409484595060348511e-01
-1.567815840244293213e-01
8.602897822856903076e-02
-1.382499784231185913e-01
1.706373989582061768e-01
-2.276910394430160522e-01
5.478182062506675720e-02
-7.980992645025253296e-02
-1.498805135488510132e-01
3.159059956669807434e-02
-5.992756783962249756e-02
-1.299484819173812866e-01
3.012029454112052917e-02
-1.245831549167633057e-01
-2.944481372833251953e-02
-5.198004841804504395e-02
1.026130616664886475e-01
-2.286628447473049164e-02
-6.176794692873954773e-02
1.579996198415756226e-01
-3.582458943128585815e-02
6.524704396724700928e-02
-2.064852118492126465e-01
-1.793120950460433960e-01
-1.141321957111358643e-01
1.273521333932876587e-01
6.041563581675291061e-03
-9.690154343843460083e-02
-1.675837934017181396e-01
-1.064349412918090820e-01
3.853916749358177185e-02
-3.223889321088790894e-02
-5.755200982093811035e-03
-1.344311684370040894e-01
2.533647604286670685e-02
-9.697269648313522339e-02
-5.204074457287788391e-02
-9.961859881877899170e-02
4.599761217832565308e-02
-1.023244857788085938e-02
-3.300250321626663208e-02
-9.837166219949722290e-02
7.766894251108169556e-02
3.715610131621360779e-02
-8.776349946856498718e-03
-1.274565011262893677e-01
-5.821505934000015259e-02
3.541615977883338928e-02
-3.136518225073814392e-02
8.285275846719741821e-02
1.211811676621437073e-01
1.131460145115852356e-01
1.668748632073402405e-02
2.951721660792827606e-02
1.130026727914810181e-01
1.392413973808288574e-01
-1.069268509745597839e-01
5.710018053650856018e-02
1.040114462375640869e-01
2.021382302045822144e-01
-6.593053787946701050e-02
4.316991195082664490e-02
7.480752468109130859e-02
-1.474491357803344727e-01
-3.352887928485870361e-02
1.087618060410022736e-02
-4.126862064003944397e-02
-9.534842520952224731e-02
1.066111847758293152e-01
-1.274966299533843994e-01
6.988724227994680405e-03
-1.823098026216030121e-02
1.102953627705574036e-01
1.284764856100082397e-01
1.189203411340713501e-01
-1.002724841237068176e-01
-8.981204032897949219e-02
-4.461093991994857788e-02
-1.222913563251495361e-01
-8.822103589773178101e-02
1.933848671615123749e-02
1.211713850498199463e-01
5.556246265769004822e-03
-5.650735273957252502e-02
-3.504373878240585327e-02
5.443685501813888550e-02
5.618636682629585266e-02
7.541445642709732056e-02
-1.160617731511592865e-02
-4.661862179636955261e-02
1.264896839857101440e-01
-3.976607322692871094e-02
-1.029466167092323303e-01
8.080907911062240601e-02
1.242783665657043457e-01
2.900744043290615082e-02
-9.856023825705051422e-03
3.004245460033416748e-03
-1.372153759002685547e-01
6.258430331945419312e-02
-1.093311011791229248e-01
-2.477395907044410706e-02
-9.478206187486648560e-02
-3.460446745157241821e-02
-2.492585917934775352e-03
-7.520005106925964355e-02
-1.142578870058059692e-01
-5.149311572313308716e-02
7.171700894832611084e-02
-8.040173351764678955e-02
7.240603119134902954e-02
-1.176623627543449402e-01
-1.393876820802688599e-01
-9.776637703180313110e-02
-3.391451900824904442e-03
-1.290192306041717529e-01
3.505298867821693420e-02
-6.506711710244417191e-03
-3.686227649450302124e-02
-2.022571861743927002e-01
-1.147075667977333069e-01
8.166486769914627075e-02
2.004753351211547852e-01
-1.101661399006843567e-01
-3.473076596856117249e-02
4.084043204784393311e-02
-3.519995883107185364e-02
-5.389419943094253540e-02
3.791183233261108398e-02
-8.415242284536361694e-02
1.293600071221590042e-02
1.653035283088684082e-01
6.924704462289810181e-02
-4.971040878444910049e-03
-1.753094419836997986e-02
-1.654248312115669250e-02
-9.813066571950912476e-02
-1.080788299441337585e-01
-9.943391382694244385e-02
6.136016547679901123e-02
-2.275239676237106323e-01
8.573148399591445923e-03
3.510421887040138245e-02
-6.239015981554985046e-02
8.788500912487506866e-03
-1.697450410574674606e-03
-1.575924903154373169e-01
2.021351270377635956e-02
1.149222999811172485e-01
3.614253178238868713e-02
-7.115758210420608521e-02
-1.742265671491622925e-01
-1.144434884190559387e-01
1.286041364073753357e-02
2.476995065808296204e-02
-6.474383175373077393e-02
-2.348554283380508423e-01
-1.466390639543533325e-01
-2.279269248247146606e-01
-1.066947281360626221e-01
-3.708910569548606873e-02
-2.150353491306304932e-01
-4.552169516682624817e-02
-3.012213483452796936e-02
1.321438117884099483e-03
-1.442013233900070190e-01
-1.986462175846099854e-01
7.606253772974014282e-02
-1.391194611787796021e-01
7.526498287916183472e-02
2.081753760576248169e-01
-8.238541334867477417e-02
3.836664184927940369e-02
-1.127689480781555176e-01
6.402146816253662109e-02
-1.699157245457172394e-02
-1.196382641792297363e-01
-2.954013459384441376e-02
1.550449058413505554e-02
-7.311423541978001595e-04
-4.757365211844444275e-02
6.660455465316772461e-02
9.859687648713588715e-03
-8.432480506598949432e-03
4.964544624090194702e-02
1.140775755047798157e-01
-1.448532491922378540e-01
-1.054878160357475281e-01
-1.147897019982337952e-01
2.116254903376102448e-02
-1.226302981376647949e-01
7.630362361669540405e-02
-9.416548162698745728e-02
-1.072269957512617111e-02
-6.521706283092498779e-02
-2.048812508583068848e-01
-5.510890483856201172e-02
-7.403863221406936646e-02
1.924066920764744282e-03
-1.325465440750122070e-01
-3.945637121796607971e-02
6.999349594116210938e-02
-5.012315511703491211e-02
7.416398823261260986e-02
-2.083586156368255615e-01
1.281193047761917114e-01
-2.976263314485549927e-02
5.853204429149627686e-02
-1.192979216575622559e-01
-6.507639586925506592e-02
1.452651023864746094e-01
-8.114723116159439087e-02
-3.920991346240043640e-02
1.093927398324012756e-01
6.931948661804199219e-02
-7.323908805847167969e-02
-4.504082351922988892e-02
6.108189001679420471e-02
-1.697052270174026489e-01
-2.861102111637592316e-02
4.491284117102622986e-02
-9.194693714380264282e-02
-1.142234168946743011e-02
7.871582359075546265e-02
-8.018922992050647736e-03
5.141375120729207993e-03
-1.309913676232099533e-02
4.444968700408935547e-02
-4.218935966491699219e-02
-2.183455601334571838e-02
-1.161921769380569458e-01
1.592893302440643311e-01
-1.478476524353027344e-01
7.258294522762298584e-02
1.782403141260147095e-02
-2.780498471111059189e-03
5.122800543904304504e-02
-5.321162939071655273e-02
4.967203736305236816e-02
-8.278403431177139282e-03
-5.766725540161132812e-02
-4.355901852250099182e-02
-9.860902279615402222e-02
-1.274561583995819092e-01
-1.201003268361091614e-01
2.014012075960636139e-02
-1.372074782848358154e-01
2.975409850478172302e-02
5.925348028540611267e-02
-5.531252175569534302e-02
1.422437652945518494e-02
-1.477582007646560669e-01
-4.483608901500701904e-02
-2.481520920991897583e-02
-5.789801478385925293e-02
1.232052221894264221e-02
-1.212973147630691528e-01
-1.505768746137619019e-01
7.993351668119430542e-02
-1.199546456336975098e-01
-1.102320253849029541e-01
7.950533181428909302e-02
-1.890648752450942993e-01
-5.300158634781837463e-02
-2.704808674752712250e-02
-9.290800988674163818e-02
-2.615508437156677246e-01
4.376068338751792908e-02
-3.506805375218391418e-02
-5.344542115926742554e-02
-2.138794399797916412e-02
6.590283662080764771e-02
2.322436869144439697e-02
-1.376408636569976807e-01
-1.436171308159828186e-02
-6.741220504045486450e-02
2.981958724558353424e-02
9.595490992069244385e-02
8.394004404544830322e-02
1.490800920873880386e-02
-2.504873834550380707e-02
8.424623310565948486e-02
-2.185915410518646240e-02
-1.052989140152931213e-01
-1.459569036960601807e-01
-2.122857272624969482e-01
-1.571825891733169556e-01
2.241949923336505890e-02
-1.310894489288330078e-01
3.258472308516502380e-02
-1.564218848943710327e-01
4.575185850262641907e-02
-1.116481572389602661e-01
-5.028836429119110107e-02
-8.064867556095123291e-02
1.733758449554443359e-01
-4.007970169186592102e-02
-9.171528369188308716e-02
-1.045428663492202759e-01
-7.576853036880493164e-02
1.844777613878250122e-01
-1.842988729476928711e-01
-8.981459587812423706e-02
-2.079752236604690552e-01
1.997762024402618408e-01
1.111109331250190735e-01
5.630937218666076660e-02
5.777847394347190857e-02
-9.326072782278060913e-02
-1.376262754201889038e-01
-9.620527923107147217e-02
-1.270391196012496948e-01
-1.326566785573959351e-01
7.749579846858978271e-02
1.145107522606849670e-01
-1.923579536378383636e-02
3.069857694208621979e-02
-4.536508396267890930e-02
-1.833110451698303223e-01
-2.318484336137771606e-02
-8.319525048136711121e-03
5.297809094190597534e-02
-7.691267132759094238e-02
-9.918940067291259766e-02
-3.179532662034034729e-02
-9.045952558517456055e-02
2.051284909248352051e-02
1.517159026116132736e-02
-1.990198493003845215e-01
-2.090696394443511963e-01
-6.594102829694747925e-03
-7.362473011016845703e-02
4.726815968751907349e-02
3.787986189126968384e-02
4.773904010653495789e-02
1.077079474925994873e-01
-5.299107357859611511e-02
1.584358811378479004e-01
3.871578350663185120e-02
1.904097646474838257e-01
1.949492394924163818e-01
-1.463832706212997437e-01
-2.926668524742126465e-01
8.249635994434356689e-02
-6.650059670209884644e-02
-9.081873297691345215e-02
9.956747293472290039e-02
-6.059085205197334290e-02
-1.996954530477523804e-01
3.531788708642125130e-03
-2.744420059025287628e-02
-1.755900681018829346e-01
-1.328169833868741989e-02
4.692218452692031860e-02
1.050986116752028465e-03
4.426234588027000427e-02
-5.130137503147125244e-02
1.192843168973922729e-01
-7.320137321949005127e-02
9.182747453451156616e-02
8.032065629959106445e-02
5.000297352671623230e-02
4.399728775024414062e-02
2.818759158253669739e-02
-5.520642176270484924e-02
-1.473933756351470947e-01
-3.227216750383377075e-02
-5.042404681444168091e-02
6.572809070348739624e-02
-7.944349944591522217e-02
5.974888801574707031e-02
1.278770565986633301e-01
-4.204751551151275635e-02
-4.646926000714302063e-02
3.261279687285423279e-02
8.621229976415634155e-02
-1.117352396249771118e-01
-3.154976293444633484e-02
5.570389330387115479e-02
-8.919542282819747925e-02
-9.148579090833663940e-02
2.326197363436222076e-02
-6.933505088090896606e-02
-1.065668463706970215e-01
-1.285479664802551270e-01
1.749710142612457275e-01
-2.482513152062892914e-02
1.044840812683105469e-01
-1.790864169597625732e-01
-2.675614692270755768e-02
1.129456982016563416e-01
-1.483327150344848633e-01
-1.959517365321516991e-03
1.270350813865661621e-01
3.425247594714164734e-02
-7.903044670820236206e-02
-2.494027465581893921e-02
-1.200939193367958069e-01
3.972645103931427002e-02
-1.602061986923217773e-01
-1.477365195751190186e-01
-1.020480319857597351e-02
6.600248813629150391e-02
-7.698692381381988525e-02
1.043242663145065308e-01
-9.188366681337356567e-02
-9.723018109798431396e-02
1.408681422472000122e-01
1.264431476593017578e-01
6.181050837039947510e-02
7.403581589460372925e-02
-3.979921713471412659e-02
-7.131036370992660522e-02
-4.408587515354156494e-02
-5.579352378845214844e-02
6.863681972026824951e-02
-1.678208112716674805e-01
-3.702320158481597900e-02
-2.392624883214011788e-04
-7.986495643854141235e-02
1.294597424566745758e-02
-1.538875252008438110e-01
-1.236433349549770355e-02
6.162871420383453369e-02
-8.239693194627761841e-02
6.523703783750534058e-02
1.174267306923866272e-01
6.490584462881088257e-02
2.657806128263473511e-02
5.534604936838150024e-02
-4.910825192928314209e-02
-1.526354551315307617e-01
1.025364100933074951e-01
-5.010769143700599670e-02
-4.525449126958847046e-02
9.535451978445053101e-02
8.861074596643447876e-02
-5.075086653232574463e-02
4.165813326835632324e-02
1.021750420331954956e-01
-7.324805110692977905e-02
2.111271489411592484e-03
7.449324429035186768e-02
-7.834103703498840332e-02
-1.003300696611404419e-01
5.154168978333473206e-02
9.477262198925018311e-02
-3.803443908691406250e-02
-4.471247270703315735e-02
4.829331487417221069e-02
1.063673719763755798e-01
-1.130674555897712708e-01
-1.000730991363525391e-01
5.613304302096366882e-02
-5.730625987052917480e-02
-2.902657911181449890e-02
-4.034226760268211365e-02
-2.410303615033626556e-02
5.768515169620513916e-02
-1.882949844002723694e-02
-1.707275658845901489e-01
9.989754855632781982e-02
-6.147543340921401978e-02
1.209794208407402039e-01
-1.264564394950866699e-01
1.221837103366851807e-01
2.114550024271011353e-02
-9.745663404464721680e-02
4.676426574587821960e-02
-7.400951534509658813e-02
6.306647509336471558e-02
1.841929182410240173e-02
1.628494472242891788e-03
-1.450438648462295532e-01
-5.671118199825286865e-02
-1.373057365417480469e-01
-7.086981087923049927e-02
-3.766379505395889282e-02
-1.196386218070983887e-01
-1.249649375677108765e-02
1.296064555644989014e-01
-4.210268333554267883e-02
4.363752529025077820e-02
1.121667921543121338e-01
-1.225523278117179871e-01
-8.969783782958984375e-02
-2.381643652915954590e-01
7.148772478103637695e-02
-6.040869280695915222e-02
4.340477287769317627e-02
-5.575470253825187683e-02
2.049602270126342773e-01
1.297603398561477661e-01
-2.507783770561218262e-01
-7.281143218278884888e-02
8.338760584592819214e-03
2.585649862885475159e-02
1.659297496080398560e-01
1.218044161796569824e-01
9.489087760448455811e-02
2.929193340241909027e-02
7.007177919149398804e-02
4.919043928384780884e-02
-2.068166434764862061e-01
-1.825202256441116333e-01
-1.924885623157024384e-02
8.642219007015228271e-02
1.134416535496711731e-01
1.583219766616821289e-01
-2.807949483394622803e-02
-7.960806787014007568e-02
-7.336226105690002441e-02
-7.791473716497421265e-02
-6.709298491477966309e-02
-1.638862420804798603e-03
-1.894083060324192047e-02
-1.236337423324584961e-01
-1.244973167777061462e-01
4.609453678131103516e-02
4.963415488600730896e-02
-9.733721613883972168e-02
-1.433759778738021851e-01
3.541622310876846313e-02
-1.112188324332237244e-01
7.535303384065628052e-02
-1.348748505115509033e-01
-8.636193722486495972e-02
-1.486015915870666504e-01
1.551779508590698242e-01
2.927569206804037094e-03
1.430374681949615479e-01
-8.366313576698303223e-02
-4.856851696968078613e-02
7.679872959852218628e-02
-1.274242103099822998e-01
3.672225773334503174e-02
1.165006160736083984e-01
-1.419208496809005737e-01
-6.291186809539794922e-02
-3.890881687402725220e-02
5.805859714746475220e-02
-4.025445133447647095e-02
-4.193394631147384644e-02
-2.160194702446460724e-02
1.296697556972503662e-01
-6.076802685856819153e-02
4.904533922672271729e-02
-5.811377987265586853e-02
-7.578874379396438599e-02
6.099296733736991882e-02
-3.090936318039894104e-02
-8.448167145252227783e-02
-1.373824030160903931e-01
-9.964486956596374512e-02
7.674308866262435913e-02
-3.688649157993495464e-04
-1.273014843463897705e-01
-9.368006139993667603e-02
-3.872838802635669708e-03
7.637302577495574951e-02
6.918624043464660645e-02
4.835304990410804749e-02
-5.567344278097152710e-02
1.462167501449584961e-01
1.298461705446243286e-01
-9.985814243555068970e-02
-8.662452921271324158e-03
5.974046140909194946e-02
1.493006944656372070e-01
9.693413227796554565e-02
1.443748176097869873e-01
-2.963323704898357391e-02
-1.172321736812591553e-01
1.441932171583175659e-01
-7.118527591228485107e-02
2.356020361185073853e-02
-8.382517844438552856e-02
2.450428716838359833e-02
1.145756989717483521e-02
1.228581368923187256e-01
-9.586642496287822723e-03
1.723000407218933105e-01
-1.625834852457046509e-01
-1.119434982538223267e-01
4.880282655358314514e-02
6.686099618673324585e-02
1.223877295851707458e-01
-1.197663322091102600e-01
8.285519480705261230e-02
-2.982295677065849304e-02
1.540032774209976196e-01
5.276342481374740601e-02
-1.710069477558135986e-01
-1.078422293066978455e-01
9.737303107976913452e-02
-1.053664833307266235e-01
-4.653657227754592896e-02
-1.830368041992187500e-01
4.560429230332374573e-02
1.519475281238555908e-01
1.106811985373497009e-01
5.172958970069885254e-02
1.969453506171703339e-02
-1.629467755556106567e-01
7.851271331310272217e-02
-3.562380000948905945e-02
1.487591415643692017e-01
4.710360616445541382e-02
7.744666934013366699e-02
8.011582493782043457e-02
1.057412475347518921e-02
1.073337271809577942e-01
6.368453800678253174e-02
5.380795896053314209e-02
3.080347925424575806e-02
-7.976590096950531006e-02
5.243084952235221863e-02
-2.715805172920227051e-02
-1.343837529420852661e-01
-1.474195271730422974e-01
1.484336405992507935e-01
4.479254037141799927e-02
1.966724358499050140e-02
3.558686748147010803e-02
-2.405851520597934723e-02
-1.634217053651809692e-01
2.848810143768787384e-02
-7.409130036830902100e-02
1.027831137180328369e-01
-1.063515990972518921e-01
-3.669108077883720398e-02
1.292716264724731445e-01
-4.049220681190490723e-02
-1.317550837993621826e-01
-1.748437993228435516e-02
1.560005843639373779e-01
7.669270783662796021e-02
-8.305456489324569702e-02
-1.511904001235961914e-01
-2.346259355545043945e-02
-1.247505322098731995e-01
1.191200464963912964e-01
1.148561835289001465e-01
5.568675324320793152e-02
-5.645389109849929810e-02
-4.065849259495735168e-02
2.077318727970123291e-03
-1.386898607015609741e-01
-9.824716299772262573e-02
-5.346008390188217163e-02
1.487948298454284668e-01
3.648684918880462646e-02
9.633879363536834717e-02
-6.617452483624219894e-03
8.513855189085006714e-02
-8.122064918279647827e-02
-2.026109583675861359e-02
1.727698445320129395e-01
-2.953695133328437805e-02
-6.329090800136327744e-03
8.366329222917556763e-02
8.788684010505676270e-02
-4.830081015825271606e-02
-9.005282819271087646e-02
-4.364108666777610779e-02
2.020725607872009277e-02
-4.400027170777320862e-02
6.696772575378417969e-02
-1.623613387346267700e-01
1.480851024389266968e-01
3.523334115743637085e-02
-1.629344224929809570e-01
-1.204853206872940063e-01
-6.557432468980550766e-03
-2.326169237494468689e-02
-3.258562088012695312e-02
-8.449009805917739868e-02
-6.402940303087234497e-02
-5.014869943261146545e-02
3.019351698458194733e-02
3.320596739649772644e-02
-1.381638348102569580e-01
-1.018163412809371948e-01
7.105842977762222290e-02
-6.934634596109390259e-02
6.644529849290847778e-02
-1.705131679773330688e-01
9.495214372873306274e-02
8.661906421184539795e-02
3.761580213904380798e-02
-1.475518383085727692e-02
-1.085025742650032043e-01
-8.434177935123443604e-02
1.288529187440872192e-01
-5.975943990051746368e-03
-2.007307112216949463e-01
5.331526696681976318e-02
5.667409673333168030e-02
1.340093370527029037e-02
1.395682245492935181e-01
2.847729437053203583e-02
-5.074306949973106384e-02
-6.677810847759246826e-02
-4.918994382023811340e-04
5.979235097765922546e-02
-9.504653513431549072e-02
4.472148790955543518e-02
3.167156130075454712e-02
9.847499430179595947e-02
1.089000105857849121e-01
1.119766831398010254e-01
-3.027586452662944794e-02
-2.572005614638328552e-02
4.592002183198928833e-02
5.978712067008018494e-02
-2.761794812977313995e-02
-2.567178569734096527e-02
-2.157563529908657074e-02
-2.010580748319625854e-01
3.386066481471061707e-02
1.059302240610122681e-01
1.884549506939947605e-03
-4.557424038648605347e-02
3.657742217183113098e-02
-9.496294707059860229e-02
9.505824744701385498e-02
-3.871937096118927002e-02
-1.498541533946990967e-01
1.376034598797559738e-02
3.105321153998374939e-02
1.174009963870048523e-01
9.753829240798950195e-02
-7.925039157271385193e-03
-2.847975306212902069e-02
-3.904995322227478027e-02
-7.793412357568740845e-02
-1.375794224441051483e-02
-1.888581924140453339e-02
-1.974210590124130249e-01
-7.607959955930709839e-02
1.373458206653594971e-01
1.448906362056732178e-01
-7.714615017175674438e-02
-1.041439697146415710e-01
-9.270475059747695923e-02
1.267476081848144531e-01
3.630793839693069458e-02
7.583019137382507324e-02
-1.144531741738319397e-01
4.039499536156654358e-02
7.541637122631072998e-02
3.709105774760246277e-02
4.688972607254981995e-02
-9.551504254341125488e-02
-2.655713818967342377e-02
-3.010975010693073273e-02
5.138136446475982666e-02
-1.121433004736900330e-01
5.695355311036109924e-02
-5.938133969902992249e-02
-2.477291785180568695e-02
-2.888253889977931976e-02
4.012696444988250732e-02
-1.027389839291572571e-01
-3.931906819343566895e-02
-8.435827493667602539e-02
-4.486353695392608643e-02
-1.234776824712753296e-01
-8.549794554710388184e-02
-9.184211492538452148e-02
9.668348729610443115e-02
-7.875072211027145386e-02
1.529711037874221802e-01
6.342162191867828369e-02
6.039794906973838806e-02
1.326735913753509521e-01
8.597231656312942505e-02
4.020484536886215210e-02
-1.531394273042678833e-01
1.805923320353031158e-02
-6.648615747690200806e-02
1.541778743267059326e-01
1.239037513732910156e-01
-2.586478739976882935e-02
-1.102833375334739685e-01
2.568853087723255157e-02
-6.579691916704177856e-02
-1.233496889472007751e-01
1.383000984787940979e-02
-1.158425733447074890e-01
-7.438488770276308060e-03
1.190297380089759827e-01
-2.503013610839843750e-02
-1.109651178121566772e-01
4.776889085769653320e-02
2.722996659576892853e-02
-1.636865083128213882e-03
-1.964798942208290100e-02
-8.749987930059432983e-02
4.030238837003707886e-02
1.588397920131683350e-01
-3.356985747814178467e-02
1.535452902317047119e-01
1.455948449802235700e-06
-7.058987766504287720e-02
9.620702266693115234e-02
1.060043722391128540e-01
-2.000023424625396729e-01
-7.916237227618694305e-03
8.485789597034454346e-02
4.892520606517791748e-03
5.991267412900924683e-02
5.058483406901359558e-02
-6.927479803562164307e-02
1.095071360468864441e-01
1.363404691219329834e-01
-2.642762362957000732e-01
-6.537611782550811768e-02
-1.173743605613708496e-02
-1.408492401242256165e-02
-1.562010776251554489e-02
1.270835548639297485e-01
-1.952754557132720947e-01
5.512248352169990540e-02
-1.280716955661773682e-01
-3.834687545895576477e-02
2.802821993827819824e-02
6.775308400392532349e-02
-3.162759169936180115e-02
4.568006470799446106e-02
-2.436161041259765625e-02
2.866536006331443787e-02
-8.878378570079803467e-02
-5.076590180397033691e-02
-1.245261654257774353e-01
6.148847565054893494e-02
-1.673655807971954346e-01
7.781407237052917480e-02
-1.167908534407615662e-01
-9.944237768650054932e-02
7.302159070968627930e-02
3.194157779216766357e-02
1.091499105095863342e-01
5.269270762801170349e-02
2.516945451498031616e-02
-2.813542261719703674e-03
-6.446149945259094238e-02
-9.196283668279647827e-02
1.026367098093032837e-01
-1.785114258527755737e-01
1.354771107435226440e-01
-1.893251687288284302e-01
-2.615529671311378479e-02
-2.563472650945186615e-02
-8.080711215734481812e-02
-2.560825049877166748e-01
-1.908435672521591187e-02
7.888140529394149780e-02
-9.482125192880630493e-02
-2.048882283270359039e-02
6.840100139379501343e-02
1.494385302066802979e-01
-6.609079986810684204e-02
1.196206137537956238e-01
-1.200564671307802200e-02
-1.475280523300170898e-01
3.759286180138587952e-02
-7.498590648174285889e-02
-8.332773298025131226e-02
2.008461579680442810e-02
3.816594555974006653e-02
-4.534706845879554749e-02
2.670426107943058014e-02
6.351356208324432373e-02
-2.611942961812019348e-02
1.900745369493961334e-02
3.428694233298301697e-02
4.610824544215574861e-05
-1.498432606458663940e-01
1.092639788985252380e-01
8.008474856615066528e-02
-9.586963802576065063e-02
-1.327982842922210693e-01
-4.543198645114898682e-02
9.172398597002029419e-02
-2.196795679628849030e-02
1.233998909592628479e-01
1.261764317750930786e-01
1.166757419705390930e-01
8.586923778057098389e-02
1.168685257434844971e-01
6.795092672109603882e-02
-1.055603567510843277e-02
-5.160883814096450806e-02
8.487509936094284058e-02
1.956747099757194519e-02
-9.782919287681579590e-02
1.357054561376571655e-01
7.418734580278396606e-02
4.241757094860076904e-02
5.166824907064437866e-02
-8.570194989442825317e-02
-6.432574242353439331e-02
1.433864086866378784e-01
1.663090288639068604e-01
-8.411020785570144653e-02
8.387073874473571777e-02
-4.086210578680038452e-02
7.584777474403381348e-02
-9.861927479505538940e-02
9.837227314710617065e-02
-9.462364949285984039e-03
-1.452323943376541138e-01
-7.710323482751846313e-02
5.754458159208297729e-02
2.859297906979918480e-03
6.498249620199203491e-02
2.515503019094467163e-02
-8.620401471853256226e-02
2.199210226535797119e-03
1.290856450796127319e-01
1.271993964910507202e-01
-9.582542115822434425e-04
-4.263650998473167419e-02
-1.217560470104217529e-01
9.281107038259506226e-02
1.756022125482559204e-01
4.338170588016510010e-02
3.931247442960739136e-02
-3.745092079043388367e-02
-5.567258968949317932e-02
7.179006189107894897e-02
7.898698002099990845e-02
-1.119904220104217529e-01
-4.113530367612838745e-02
-1.804996095597743988e-02
1.058070641010999680e-02
8.533943444490432739e-02
-4.091274738311767578e-02
-1.122917979955673218e-02
-9.930025786161422729e-02
-5.584991723299026489e-02
1.479049921035766602e-01
6.258251518011093140e-02
-3.882468119263648987e-02
-3.618457913398742676e-02
-1.262558102607727051e-01
-4.365732148289680481e-02
1.413830816745758057e-01
1.020133569836616516e-01
8.765945583581924438e-02
1.667264383286237717e-03
-1.984196342527866364e-02
9.686005301773548126e-03
2.949462458491325378e-02
9.489106386899948120e-02
-4.185037314891815186e-02
6.168273463845252991e-02
1.111518442630767822e-01
8.406732231378555298e-02
-8.393839001655578613e-03
-1.000192090868949890e-01
3.906597942113876343e-02
6.140299141407012939e-02
1.088017895817756653e-01
1.975499391555786133e-01
-7.378201186656951904e-02
-1.335069984197616577e-01
-8.118952065706253052e-02
-1.413952745497226715e-02
-1.657262742519378662e-01
-4.764856025576591492e-02
6.313138455152511597e-02
-8.640090003609657288e-03
1.383078992366790771e-01
1.963402330875396729e-01
1.183187365531921387e-01
8.729188889265060425e-02
-9.463617950677871704e-02
-1.766108907759189606e-02
-1.054121181368827820e-01
-3.320284560322761536e-02
1.350104361772537231e-01
-4.272540286183357239e-02
7.897524535655975342e-02
-1.127816662192344666e-01
1.561103388667106628e-02
-4.589182883501052856e-02
2.131373882293701172e-01
-5.348224937915802002e-02
-8.821584284305572510e-02
-4.254639148712158203e-02
1.556022018194198608e-01
-3.838230669498443604e-02
1.484125852584838867e-01
-8.695963025093078613e-02
-1.338438093662261963e-01
-6.027863919734954834e-02
-4.654436931014060974e-02
-7.572048902511596680e-02
1.100071892142295837e-01
-2.543162554502487183e-02
1.077892705798149109e-01
8.762655407190322876e-02
-1.685726642608642578e-01
5.806358903646469116e-02
9.195235371589660645e-02
1.064829975366592407e-01
-8.614266663789749146e-02
1.267044097185134888e-01
-1.193126514554023743e-01
1.577412784099578857e-01
-2.207970432937145233e-02
1.466532051563262939e-01
-2.814587391912937164e-02
1.140613481402397156e-02
1.809401065111160278e-02
5.541829764842987061e-02
7.052249461412429810e-02
-9.741343557834625244e-02
-1.003517732024192810e-01
7.538160681724548340e-02
2.817223593592643738e-02
1.787043409422039986e-03
-1.515324264764785767e-01
-1.616656929254531860e-01
6.116100028157234192e-02
-6.014863401651382446e-02
2.852754853665828705e-02
2.658968232572078705e-02
-1.369210612028837204e-02
1.430464535951614380e-02
-1.060353890061378479e-01
6.402875483036041260e-02
7.108769565820693970e-02
1.038792505860328674e-01
-4.259256273508071899e-02
-7.197491824626922607e-03
-8.754725754261016846e-02
1.000440940260887146e-01
6.590674631297588348e-03
-1.227634474635124207e-01
-1.089350730180740356e-01
-3.153990581631660461e-02
-5.319950636476278305e-03
-5.320687592029571533e-02
1.080198287963867188e-01
5.366443097591400146e-02
-4.970597475767135620e-02
1.235794574022293091e-01
1.598916389048099518e-02
-2.319264039397239685e-02
-5.799513310194015503e-02
2.686800807714462280e-02
2.838281728327274323e-02
-1.425088196992874146e-02
-4.683182761073112488e-02
-1.616047918796539307e-01
-7.813626527786254883e-02
-1.390343159437179565e-01
-1.202824488282203674e-01
7.151437550783157349e-02
2.336697094142436981e-02
-1.020142138004302979e-01
-8.079835772514343262e-02
5.727014318108558655e-02
4.492290690541267395e-02
-1.424881368875503540e-01
9.357241913676261902e-03
-1.077180206775665283e-01
1.590488478541374207e-02
-6.822133064270019531e-02
-2.136423252522945404e-02
-2.151775173842906952e-02
-1.528361588716506958e-01
-4.665065929293632507e-02
-8.510302752256393433e-02
7.032985985279083252e-02
-1.897018551826477051e-01
-6.811472028493881226e-02
1.014527678489685059e-01
-1.493513137102127075e-01
-6.103556603193283081e-02
-3.159140236675739288e-03
-2.885263040661811829e-02
1.916440017521381378e-02
1.163885071873664856e-01
8.229073882102966309e-02
-1.373153328895568848e-01
6.258750706911087036e-02
-1.962471939623355865e-02
5.360937118530273438e-02
-6.959841400384902954e-02
1.164363175630569458e-01
-2.117116935551166534e-02
-4.780932504218071699e-04
2.480273880064487457e-02
-5.513755977153778076e-02
-1.421779394149780273e-01
1.422624289989471436e-01
-1.039576157927513123e-01
-4.624989256262779236e-02
4.535757750272750854e-02
1.461092233657836914e-01
-1.342718601226806641e-01
4.572541918605566025e-03
6.299886852502822876e-02
1.852633245289325714e-02
-1.535349786281585693e-01
-6.184758245944976807e-02
8.852978795766830444e-02
-1.316287368535995483e-01
-6.225804239511489868e-02
-3.319161757826805115e-02
3.356827050447463989e-02
1.639577187597751617e-02
-1.261928677558898926e-01
-1.209128126502037048e-01
-2.042450308799743652e-01
-1.073493212461471558e-01
-1.587247997522354126e-01
-6.159216538071632385e-02
-7.607413083314895630e-02
5.735382065176963806e-02
-1.495842933654785156e-01
7.009967416524887085e-02
-1.780199632048606873e-02
2.946316637098789215e-02
9.378475695848464966e-02
9.696131944656372070e-02
-3.706496441736817360e-03
1.947657465934753418e-01
8.266274631023406982e-02
-3.875652328133583069e-02
-7.857180386781692505e-02
-8.617765456438064575e-02
-2.411875128746032715e-02
6.861728429794311523e-02
4.721570760011672974e-02
1.373049318790435791e-01
-7.313612848520278931e-02
-1.135149523615837097e-01
1.788447797298431396e-01
2.043340913951396942e-02
-6.665425747632980347e-02
4.804725944995880127e-02
4.618806764483451843e-02
2.283134013414382935e-01
1.941250711679458618e-01
3.654278581961989403e-03
9.482617676258087158e-02
-2.043879032135009766e-01
1.556081920862197876e-01
6.069443002343177795e-02
8.115312084555625916e-03
8.222147077322006226e-02
2.165404148399829865e-02
-1.295599937438964844e-01
1.212845295667648315e-01
-5.584938079118728638e-02
3.349148854613304138e-02
1.604765951633453369e-01
1.741730235517024994e-02
-8.962540328502655029e-02
1.819099485874176025e-02
7.687527686357498169e-02
-6.470561772584915161e-02
7.794480025768280029e-02
9.304853528738021851e-02
-7.592126727104187012e-02
1.149080470204353333e-01
-1.700634881854057312e-02
1.108044013381004333e-01
-4.387509822845458984e-02
6.887342035770416260e-02
2.847730368375778198e-02
8.452633768320083618e-02
1.047053262591362000e-01
2.634002640843391418e-02
9.421885758638381958e-02
1.064564138650894165e-01
4.492750018835067749e-02
8.712091296911239624e-02
3.748169541358947754e-02
-1.157642081379890442e-01
6.434150785207748413e-02
4.682592675089836121e-02
6.202153861522674561e-02
4.590938985347747803e-02
-5.156500265002250671e-02
1.135163828730583191e-01
-7.033339887857437134e-02
-6.881373375654220581e-02
1.559821981936693192e-02
-3.691274300217628479e-02
2.938903868198394775e-02
-7.420668005943298340e-02
-9.338406473398208618e-02
1.045619547367095947e-01
-1.553782541304826736e-02
-2.190233469009399414e-01
3.541338816285133362e-02
-9.393488988280296326e-03
-1.282944977283477783e-01
-4.493395984172821045e-02
3.821959719061851501e-03
-1.863832324743270874e-01
4.999514296650886536e-02
-2.215332686901092529e-01
-1.509496569633483887e-01
5.732721183449029922e-04
1.069874465465545654e-01
-8.012251555919647217e-02
3.861827030777931213e-02
3.125785291194915771e-02
-1.252393871545791626e-01
-7.727297395467758179e-02
-1.538579817861318588e-02
-1.041319500654935837e-02
9.890808165073394775e-02
-2.361491089686751366e-03
7.544995844364166260e-02
4.054087027907371521e-02
3.051095455884933472e-02
2.806649357080459595e-02
-1.934515237808227539e-01
-5.520596727728843689e-02
-3.808582201600074768e-02
-2.176255881786346436e-01
6.690171360969543457e-02
1.260926127433776855e-01
-6.410205364227294922e-02
-1.812886297702789307e-01
-1.423053294420242310e-01
2.749058231711387634e-02
-1.764997690916061401e-01
-9.735291451215744019e-02
2.988148108124732971e-02
-1.392577216029167175e-02
-7.158104330301284790e-02
-5.103256925940513611e-02
-1.058825030922889709e-01
-1.079467982053756714e-01
-1.229935558512806892e-03
-1.565297693014144897e-01
-1.325320750474929810e-01
-1.728989630937576294e-01
-8.329434692859649658e-02
1.591171920299530029e-01
-1.294381767511367798e-01
1.171271353960037231e-01
4.600824043154716492e-02
-2.664304338395595551e-02
-1.508909761905670166e-01
-1.610419303178787231e-01
5.976720526814460754e-02
1.099377721548080444e-01
-1.077056378126144409e-01
-5.032828450202941895e-02
3.050898015499114990e-02
6.398703157901763916e-02
1.796153560280799866e-02
4.228346794843673706e-02
-1.438085641711950302e-02
8.028797060251235962e-02
-4.925212264060974121e-02
6.544175744056701660e-02
-1.343454271554946899e-01
9.635119885206222534e-02
-1.466586440801620483e-01
2.049864269793033600e-02
-1.868794411420822144e-01
3.859882429242134094e-02
-1.845080591738224030e-02
1.204249188303947449e-01
5.234322696924209595e-02
1.862341463565826416e-01
4.406114667654037476e-02
2.332087419927120209e-02
-5.721281841397285461e-02
1.001126691699028015e-01
-2.783068269491195679e-02
-8.721876889467239380e-03
1.231105029582977295e-01
-5.020232871174812317e-02
1.845053583383560181e-01
1.125208735466003418e-01
-1.794736236333847046e-01
-2.050797687843441963e-03
5.743287131190299988e-02
-1.457143425941467285e-01
2.490625251084566116e-03
5.884394422173500061e-02
-2.770081721246242523e-02
-4.660568758845329285e-02
1.737501770257949829e-01
8.867954462766647339e-02
-1.123573184013366699e-01
4.163134843111038208e-02
1.091565638780593872e-01
-2.750268951058387756e-02
1.004894673824310303e-01
1.472116410732269287e-01
-1.064444929361343384e-01
-7.955941557884216309e-02
5.047799274325370789e-02
-1.109017357230186462e-01
2.121704444289207458e-02
1.369683295488357544e-01
1.153647754108533263e-04
-9.835986047983169556e-02
-2.578195184469223022e-02
9.877001866698265076e-03
-1.334261614829301834e-02
8.581446111202239990e-02
3.177218022756278515e-04
-4.847329482436180115e-02
1.390570253133773804e-01
3.437931090593338013e-02
-4.529169574379920959e-02
8.013782650232315063e-02
-1.860549896955490112e-01
2.537082135677337646e-02
-2.773671410977840424e-02
-5.637142062187194824e-02
-5.974119156599044800e-02
3.425110504031181335e-02
-3.088999912142753601e-02
1.260386407375335693e-02
3.775994852185249329e-02
5.633264407515525818e-02
1.156710237264633179e-01
-5.960563197731971741e-03
1.125097572803497314e-01
-7.601501047611236572e-02
6.200896203517913818e-02
5.286546051502227783e-02
-2.749962210655212402e-01
1.452958118170499802e-02
2.660610713064670563e-02
1.216681078076362610e-01
6.029015034437179565e-02
7.764644175767898560e-02
-2.835008502006530762e-02
8.828882128000259399e-02
-3.547050058841705322e-02
6.396531313657760620e-02
-1.257570683956146240e-01
-7.525019347667694092e-02
-1.063903421163558960e-01
4.378231987357139587e-02
8.535207808017730713e-02
5.304684862494468689e-02
-1.314276605844497681e-01
1.034513413906097412e-01
-1.353905051946640015e-01
-9.208462387323379517e-02
-7.842037826776504517e-03
-2.584517002105712891e-01
5.665559321641921997e-02
9.820263087749481201e-02
-3.809257969260215759e-02
1.432154327630996704e-01
2.379631437361240387e-02
2.487493911758065224e-03
6.990851461887359619e-02
5.802015960216522217e-02
-1.431452631950378418e-01
9.016826003789901733e-02
3.808690235018730164e-02
8.635459840297698975e-02
-1.317979488521814346e-02
-5.313376430422067642e-03
4.447017982602119446e-02
1.694652140140533447e-01
-2.869543968699872494e-04
-8.542338758707046509e-02
-1.136228740215301514e-01
-1.394583433866500854e-01
4.256567358970642090e-02
-1.178243979811668396e-01
9.159610420465469360e-02
-4.158782958984375000e-02
-8.446191996335983276e-02
-1.128234043717384338e-01
-4.529287293553352356e-02
-6.209142133593559265e-02
1.016774699091911316e-01
-1.634922325611114502e-01
-1.496929675340652466e-01
7.971856743097305298e-02
-8.360347896814346313e-02
-1.509212795644998550e-02
-9.972876310348510742e-02
-2.454746700823307037e-02
2.164007537066936493e-02
-5.907171219587326050e-02
5.683832988142967224e-02
-1.750674843788146973e-01
-2.316791117191314697e-01
2.910778485238552094e-02
-1.699947938323020935e-02
-6.993702054023742676e-02
-1.492728441953659058e-01
2.681916020810604095e-02
-1.092828661203384399e-01
6.525265425443649292e-02
-1.479915343225002289e-02
-1.102121844887733459e-01
-3.107942268252372742e-02
-1.378662735223770142e-01
-1.658300608396530151e-01
-2.259217947721481323e-01
-5.589469335973262787e-03
2.105193445459008217e-03
-1.065532793290913105e-03
3.129257261753082275e-02
-9.848485887050628662e-02
3.100807219743728638e-02
-1.138298884034156799e-01
2.383180148899555206e-02
6.178050488233566284e-02
5.347325280308723450e-02
7.130640000104904175e-02
1.806835830211639404e-02
-1.443104594945907593e-01
-7.630804553627967834e-03
-3.816636651754379272e-02
8.233938366174697876e-03
2.969495952129364014e-02
-2.626620233058929443e-02
1.077291369438171387e-02
-1.364132463932037354e-01
2.944970689713954926e-02
-5.921789910644292831e-03
-1.246260851621627808e-01
-1.113491691648960114e-02
-1.518919169902801514e-01
-9.142356365919113159e-02
-7.290571928024291992e-02
-5.390655994415283203e-02
-4.208087921142578125e-03
1.180021688342094421e-01
-1.207024604082107544e-01
-6.933441758155822754e-02
-1.204356327652931213e-01
1.810686737298965454e-01
5.785776302218437195e-02
2.694773487746715546e-03
4.625024646520614624e-02
-7.028272747993469238e-02
-1.060816273093223572e-01
-5.432644858956336975e-02
-9.819884784519672394e-03
-2.686446718871593475e-02
-3.087901882827281952e-02
4.902773071080446243e-03
-4.228169098496437073e-02
3.272340074181556702e-02
9.337278455495834351e-02
-4.120152443647384644e-02
4.614274576306343079e-02
8.061578869819641113e-02
1.416422724723815918e-01
-8.590559661388397217e-02
-1.089331433176994324e-01
5.804102495312690735e-02
-6.475725024938583374e-02
-2.716487506404519081e-03
-3.792976960539817810e-02
1.200151257216930389e-02
-8.720876649022102356e-03
1.218018159270286560e-01
-4.677522554993629456e-02
-1.925201527774333954e-02
6.297754496335983276e-02
-7.197127491235733032e-02
7.788766175508499146e-02
8.810009807348251343e-02
-2.390703558921813965e-02
1.257078647613525391e-01
1.278701424598693848e-01
1.936745941638946533e-01
3.393269330263137817e-02
-4.253840073943138123e-02
-7.758612185716629028e-02
-3.460183506831526756e-03
-1.805816739797592163e-01
5.043244734406471252e-02
1.760945320129394531e-01
-1.082243248820304871e-01
7.782791554927825928e-02
4.463106393814086914e-02
-6.262172013521194458e-02
-5.903384089469909668e-02
-1.217899546027183533e-01
1.029564738273620605e-01
1.408476233482360840e-01
1.546099632978439331e-01
2.069835551083087921e-02
2.369696646928787231e-02
6.812010705471038818e-02
1.694527119398117065e-01
1.861310936510562897e-02
6.885351240634918213e-02
-1.203287541866302490e-01
-1.333935111761093140e-01
6.584970653057098389e-02
-2.070092782378196716e-02
-7.186442613601684570e-02
-3.986736119259148836e-04
8.047998696565628052e-02
1.068667173385620117e-01
-4.093919321894645691e-02
-3.218150138854980469e-02
9.781459718942642212e-02
-1.341435164213180542e-01
-7.409017533063888550e-02
-2.908248454332351685e-02
1.172107011079788208e-01
1.051147654652595520e-01
-4.530635848641395569e-02
9.925718605518341064e-02
7.281686365604400635e-02
3.701137378811836243e-02
-3.666843101382255554e-02
-2.550057135522365570e-03
1.122310664504766464e-02
-2.794749140739440918e-01
6.461045145988464355e-02
-1.797406226396560669e-01
-5.956544727087020874e-02
1.144138444215059280e-02
-2.242819033563137054e-02
8.141613565385341644e-03
-4.547899216413497925e-02
-9.537073224782943726e-02
5.747779086232185364e-02
7.613670825958251953e-02
-1.577216684818267822e-01
-8.723612129688262939e-02
-9.493586421012878418e-02
7.940787822008132935e-02
-6.269251555204391479e-02
-1.020576804876327515e-02
-8.575958199799060822e-03
1.758106946945190430e-01
8.310339599847793579e-02
-1.009832397103309631e-01
8.953587152063846588e-03
-4.502800479531288147e-02
-2.224195003509521484e-02
8.420960605144500732e-02
-3.339933231472969055e-03
7.367537915706634521e-02
5.312538146972656250e-02
-7.944676280021667480e-02
7.796399295330047607e-02
-2.280773036181926727e-02
1.455110609531402588e-01
-4.155574738979339600e-02
-8.877744525671005249e-02
2.150281146168708801e-02
-1.309014018625020981e-02
-1.273976117372512817e-01
1.282030194997787476e-01
-4.130288586020469666e-02
-4.913675785064697266e-02
-9.485252946615219116e-02
1.449359804391860962e-01
-8.819323964416980743e-03
-2.026007473468780518e-01
-3.699238225817680359e-02
-2.246051728725433350e-01
-1.512230485677719116e-01
2.432904019951820374e-02
-1.522048562765121460e-01
4.537013918161392212e-02
1.366713196039199829e-01
-3.710886463522911072e-02
-2.270305342972278595e-02
3.312349319458007812e-02
-3.520753979682922363e-02
1.320910006761550903e-01
-9.019252657890319824e-02
7.249908149242401123e-02
4.135555028915405273e-02
8.905144035816192627e-02
-1.427450627088546753e-01
1.363471448421478271e-01
1.253982912749052048e-02
-7.452716678380966187e-02
7.317914068698883057e-02
4.588575288653373718e-02
-1.502369642257690430e-01
-1.352696120738983154e-01
1.162780225276947021e-01
1.537962704896926880e-01
9.863005019724369049e-03
-8.678800426423549652e-03
-6.876871734857559204e-02
-6.344838440418243408e-02
-7.312422245740890503e-02
-1.199311986565589905e-01
-6.201409921050071716e-02
-7.040028274059295654e-02
-6.043734028935432434e-02
-1.877429429441690445e-03
-1.250124275684356689e-01
-7.617572695016860962e-02
-2.472498640418052673e-02
-1.057735681533813477e-01
-7.672502845525741577e-02
-9.967959672212600708e-02
-7.356587052345275879e-02
1.337164938449859619e-01
1.230755522847175598e-01
-6.013869121670722961e-02
-9.091375395655632019e-03
9.123358875513076782e-02
-1.812255084514617920e-01
2.903827093541622162e-02
-3.874154016375541687e-02
-6.520076841115951538e-02
-1.714375466108322144e-01
4.227315634489059448e-02
5.811781436204910278e-02
5.800912529230117798e-02
7.840459793806076050e-02
-1.762778162956237793e-01
-3.591525554656982422e-02
-3.792721312493085861e-03
1.318029593676328659e-02
-8.603005856275558472e-02
2.391180954873561859e-02
2.324108779430389404e-02
-9.992649406194686890e-02
1.396155506372451782e-01
-1.043531671166419983e-01
-6.205447763204574585e-02
-9.259894490242004395e-02
4.049280658364295959e-02
4.405184590723365545e-04
1.228291764855384827e-01
1.357804834842681885e-01
-5.766408145427703857e-02
-1.429790556430816650e-01
-6.411713361740112305e-02
2.570165134966373444e-02
1.420532912015914917e-01
2.050428390502929688e-01
-1.198348030447959900e-01
-1.280000060796737671e-01
-7.667077332735061646e-02
1.371774971485137939e-01
-1.443352457135915756e-02
-1.312873363494873047e-01
1.614584214985370636e-02
1.196387708187103271e-01
1.503671556711196899e-01
2.628932707011699677e-02
-5.238582193851470947e-02
-1.271831989288330078e-01
-4.333523660898208618e-02
2.279594726860523224e-02
3.788058878853917122e-03
-6.441200524568557739e-02
1.349334418773651123e-01
1.084817200899124146e-01
6.514672189950942993e-02
1.717489212751388550e-01
4.466343298554420471e-02
5.518563091754913330e-02
3.953393176198005676e-02
-1.260278970003128052e-01
-1.206426322460174561e-01
-1.000877991318702698e-01
4.388389363884925842e-02
6.270873546600341797e-02
7.555650081485509872e-03
-1.631931029260158539e-02
-3.617123514413833618e-02
1.354236602783203125e-01
1.720124185085296631e-01
3.512013703584671021e-02
8.781671524047851562e-02
2.426623739302158356e-02
-1.641483977437019348e-02
9.818029403686523438e-02
-7.159301638603210449e-02
-6.557566672563552856e-02
4.738371819257736206e-02
6.161524727940559387e-02
-7.029299437999725342e-02
-1.666952818632125854e-01
-1.137156188488006592e-01
-9.679611772298812866e-02
9.901852905750274658e-02
-5.534528568387031555e-02
-4.362381994724273682e-02
-2.056013420224189758e-02
-9.494110941886901855e-02
3.125140070915222168e-02
-2.769725322723388672e-01
-2.413153415545821190e-04
-8.203099668025970459e-02
-2.973895519971847534e-02
3.768722340464591980e-02
-2.093715034425258636e-02
-1.144364103674888611e-01
-5.089326575398445129e-02
-5.893515050411224365e-02
-3.641034066677093506e-01
-5.616182088851928711e-02
7.882405817508697510e-02
-6.299302726984024048e-02
1.599690318107604980e-02
-5.404479056596755981e-02
-2.978954613208770752e-01
1.356100589036941528e-01
-2.070149220526218414e-02
1.005971953272819519e-01
-1.448270678520202637e-02
1.862867502495646477e-04
5.471915751695632935e-02
2.560136467218399048e-02
3.528501093387603760e-02
-9.082767181098461151e-03
-1.404525712132453918e-02
-8.794616162776947021e-02
-3.792681545019149780e-02
-7.727956026792526245e-02
7.661445438861846924e-02
-9.294261224567890167e-03
1.557101309299468994e-01
-1.146830543875694275e-01
-2.906017303466796875e-01
-3.142859935760498047e-01
1.052206978201866150e-01
5.331958085298538208e-02
-1.773420572280883789e-01
-7.381614297628402710e-02
1.039975974708795547e-02
-1.134213358163833618e-01
1.098272800445556641e-01
-1.294462382793426514e-01
-1.567554101347923279e-02
8.008467406034469604e-02
2.541360259056091309e-02
1.144535988569259644e-01
-1.871629059314727783e-01
-2.305412590503692627e-01
-1.431177407503128052e-01
-6.666123867034912109e-02
-1.065967306494712830e-01
5.610716342926025391e-02
-1.849978864192962646e-01
6.631171703338623047e-02
7.707337290048599243e-02
9.846118092536926270e-02
4.630236327648162842e-02
-1.825111657381057739e-01
-5.316616967320442200e-02
-8.885656483471393585e-03
4.495210200548171997e-02
-1.531612128019332886e-01
-4.150660336017608643e-02
-1.190067734569311142e-02
-2.078710310161113739e-02
-7.102222740650177002e-02
8.490283042192459106e-03
-3.851198032498359680e-02
-1.511552929878234863e-02
1.246171072125434875e-02
-5.549547262489795685e-03
8.977200486697256565e-04
-1.563334763050079346e-01
-5.510201305150985718e-02
1.269579231739044189e-01
9.932047873735427856e-02
-8.797815069556236267e-03
7.355497684329748154e-03
1.008092910051345825e-01
1.514968182891607285e-02
3.484496846795082092e-02
-8.213456720113754272e-02
1.186911687254905701e-01
1.074820533394813538e-01
1.427944153547286987e-01
-1.281609684228897095e-01
5.862130597233772278e-02
-3.713088482618331909e-02
-3.853134438395500183e-02
3.160874173045158386e-02
-2.428343705832958221e-02
5.394995957612991333e-02
9.067876636981964111e-02
-1.005172147415578365e-03
1.521382480859756470e-01
-3.088710084557533264e-02
-5.209194123744964600e-02
1.814024895429611206e-02
1.090507581830024719e-01
-1.546905189752578735e-01
-6.206723675131797791e-02
-6.630019098520278931e-02
-1.715323477983474731e-01
7.405234873294830322e-02
6.569946557283401489e-02
2.530534751713275909e-02
1.095841228961944580e-01
-3.093483112752437592e-02
2.836138568818569183e-02
1.614573746919631958e-01
4.193188622593879700e-02
1.383884996175765991e-02
4.441615566611289978e-02
1.129075214266777039e-01
2.450461499392986298e-02
-2.122093690559267998e-03
-9.725331515073776245e-02
1.547821313142776489e-01
9.918208234012126923e-03
-4.184693470597267151e-02
-1.583827137947082520e-01
-2.421328611671924591e-02
-1.134225130081176758e-01
-2.786573581397533417e-02
3.151037171483039856e-02
-1.372700631618499756e-01
6.829856336116790771e-02
7.511958479881286621e-02
7.070807274430990219e-03
4.269610717892646790e-02
3.926871344447135925e-02
-1.981048472225666046e-02
5.005112849175930023e-03
1.461421251296997070e-01
-2.352771535515785217e-02
-1.209025382995605469e-01
-7.875636965036392212e-02
-1.243764236569404602e-01
3.684853389859199524e-02
4.709481075406074524e-02
-1.348993778228759766e-01
-9.262224286794662476e-02
6.442132592201232910e-02
-5.823016539216041565e-02
-7.771087437868118286e-02
2.152590267360210419e-02
5.403884500265121460e-02
6.037402153015136719e-02
3.319121524691581726e-02
1.345697939395904541e-01
9.110864251852035522e-02
9.070782363414764404e-02
4.183485638350248337e-03
1.822289265692234039e-02
-8.784113079309463501e-02
4.312195256352424622e-02
6.758822500705718994e-02
1.326004713773727417e-01
-2.737322263419628143e-02
1.210168227553367615e-01
-3.057388402521610260e-02
8.045917004346847534e-02
4.507567360997200012e-02
-4.616342484951019287e-02
-2.027941793203353882e-01
-6.045139580965042114e-02
-1.122030094265937805e-01
1.747022569179534912e-01
-2.419540733098983765e-01
5.544127896428108215e-02
-1.352788787335157394e-02
1.024881303310394287e-01
-3.258055448532104492e-02
-1.268876995891332626e-02
-1.159934848546981812e-01
-1.636998504400253296e-01
2.614166587591171265e-02
6.382637470960617065e-02
1.284046284854412079e-02
-1.473769992589950562e-01
-1.099232062697410583e-01
-4.611445963382720947e-02
5.990983173251152039e-02
5.474722944200038910e-03
1.122924983501434326e-01
-1.470715254545211792e-01
3.593612089753150940e-02
3.430966660380363464e-02
-4.365890473127365112e-02
2.661693841218948364e-03
-1.885136589407920837e-02
4.862283170223236084e-02
7.953495718538761139e-03
2.844820264726877213e-03
-1.080175861716270447e-01
9.693039208650588989e-02
7.553683966398239136e-02
-8.906177245080471039e-03
-8.552622050046920776e-02
1.059931237250566483e-02
1.603298336267471313e-01
1.321596354246139526e-01
1.817920655012130737e-01
1.551668718457221985e-02
1.643173582851886749e-02
-3.897509351372718811e-02
1.203860044479370117e-01
-7.473569363355636597e-02
7.806106656789779663e-02
7.894854247570037842e-02
5.595812946557998657e-02
7.319875061511993408e-02
1.427341252565383911e-01
-3.863583086058497429e-03
5.415645986795425415e-02
-5.920350179076194763e-02
7.543175667524337769e-02
-3.901622444391250610e-02
-4.218962788581848145e-02
-1.145925652235746384e-02
2.529529631137847900e-01
-9.298891574144363403e-02
2.352452427148818970e-01
-1.452866941690444946e-02
3.997363522648811340e-02
-6.000842154026031494e-02
-2.355208396911621094e-01
-1.010978072881698608e-01
-1.961616799235343933e-02
-9.412829577922821045e-02
-7.108135148882865906e-03
-1.126729696989059448e-01
1.325820535421371460e-01
9.583428502082824707e-02
-7.997705787420272827e-02
5.619395896792411804e-02
1.376509368419647217e-01
8.589190244674682617e-02
1.433111876249313354e-01
1.112403720617294312e-01
-1.107297092676162720e-01
-8.388651162385940552e-02
1.076623350381851196e-01
5.638805404305458069e-02
1.238060593605041504e-01
-1.350694745779037476e-01
-8.322584629058837891e-02
6.062410399317741394e-02
-4.782828688621520996e-02
1.251962333917617798e-01
5.973185971379280090e-02
-2.537078969180583954e-02
1.036692634224891663e-01
-9.176623076200485229e-02
7.832887768745422363e-02
4.545878246426582336e-02
-1.487834006547927856e-01
6.346014887094497681e-02
3.900889679789543152e-02
-1.283532828092575073e-01
4.361901804804801941e-02
1.415355503559112549e-01
6.621521711349487305e-02
-8.374626934528350830e-02
7.734863460063934326e-02
-1.451360583305358887e-01
-9.190940856933593750e-02
-9.006492048501968384e-02
-1.111002117395401001e-01
-1.611494570970535278e-01
2.045683749020099640e-02
7.222860306501388550e-02
1.163095757365226746e-01
-1.019009500741958618e-01
-7.459037005901336670e-02
-1.432509999722242355e-02
1.721526868641376495e-02
-6.624016910791397095e-02
-1.130154728889465332e-01
9.686077386140823364e-02
-9.732715785503387451e-02
-4.084814339876174927e-02
5.231179296970367432e-02
-8.410760015249252319e-02
-5.044694989919662476e-02
2.542588114738464355e-02
4.755385220050811768e-02
1.022871360182762146e-01
1.047772690653800964e-01
-7.526165992021560669e-02
5.912332236766815186e-02
-6.932394951581954956e-02
-4.816778749227523804e-02
1.710669398307800293e-01
1.206237897276878357e-01
2.018443048000335693e-01
-8.693888038396835327e-02
1.116713434457778931e-01
6.378187984228134155e-02
-5.188332498073577881e-02
-9.828572720289230347e-02
-7.356500625610351562e-02
-5.557416379451751709e-02
-2.440463751554489136e-02
-9.591805934906005859e-02
-1.560263186693191528e-01
1.707263663411140442e-02
-1.647622138261795044e-01
7.448521256446838379e-02
-5.696290358901023865e-02
5.206812918186187744e-02
1.027202680706977844e-01
1.166644990444183350e-01
7.405702024698257446e-02
-1.088498011231422424e-01
1.343843936920166016e-01
2.079452015459537506e-02
1.167167946696281433e-01
-3.778041154146194458e-02
9.114024788141250610e-02
-8.561669290065765381e-02
-3.739468380808830261e-02
-1.110013201832771301e-01
-1.235156506299972534e-01
-6.188789848238229752e-03
-1.065776199102401733e-01
-5.360701680183410645e-02
6.050462275743484497e-02
1.949761062860488892e-02
-7.223517447710037231e-02
-1.038070693612098694e-01
7.899241894483566284e-02
3.184418193995952606e-03
-1.397513002157211304e-01
-7.445941865444183350e-02
5.899578705430030823e-02
-7.659180462360382080e-02
-1.374178379774093628e-01
3.440927946940064430e-03
-1.975424960255622864e-02
-4.679676145315170288e-02
1.000542752444744110e-02
1.465188525617122650e-02
-1.449270546436309814e-01
-1.062323302030563354e-01
7.956539839506149292e-02
7.213035970926284790e-02
9.352724254131317139e-02
-4.797375202178955078e-02
-1.611607670783996582e-01
-7.620364427566528320e-02
-4.089232906699180603e-02
4.823400825262069702e-02
-8.202347904443740845e-02
-6.945492234081029892e-03
-1.507066041231155396e-01
-1.537656188011169434e-01
5.766672268509864807e-02
-1.109141740016639233e-04
-1.172781512141227722e-01
-1.231755092740058899e-01
7.136545330286026001e-02
7.548233028501272202e-03
7.866578549146652222e-02
-2.019025571644306183e-02
-5.735073983669281006e-02
-9.508990496397018433e-02
7.839026302099227905e-02
-1.212721690535545349e-01
3.383260918781161308e-03
-2.264486812055110931e-02
-1.479267030954360962e-01
1.031439658254384995e-02
5.158298090100288391e-02
6.864537298679351807e-02
-1.100062057375907898e-01
5.966688320040702820e-02
3.100099787116050720e-02
-9.772665053606033325e-02
1.270001530647277832e-01
-1.062125116586685181e-01
-1.393730044364929199e-01
-1.424673944711685181e-01
5.421365797519683838e-02
-1.290642470121383667e-01
-2.753187343478202820e-02
8.230618387460708618e-02
-8.086397312581539154e-03
-9.785822778940200806e-02
8.941172808408737183e-02
-5.296264216303825378e-02
-1.664567142724990845e-01
1.412897109985351562e-01
-1.944154850207269192e-03
-1.307696700096130371e-01
-6.711024045944213867e-02
-2.984297089278697968e-02
-1.130431070923805237e-01
4.920446872711181641e-02
1.831940375268459320e-02
-1.364788711071014404e-01
1.281473338603973389e-01
-7.644658535718917847e-02
-1.935500055551528931e-01
2.760447002947330475e-02
-6.126566603779792786e-02
5.788322538137435913e-02
1.162275373935699463e-01
-7.470262236893177032e-03
8.179502934217453003e-02
-3.702726587653160095e-02
-1.410220712423324585e-01
3.269301354885101318e-02
-3.616421669721603394e-02
2.747931517660617828e-02
-1.700945496559143066e-01
-1.630442216992378235e-02
3.851781040430068970e-02
-1.174684539437294006e-01
-3.391519188880920410e-02
5.001441761851310730e-02
8.816914260387420654e-02
-5.552917718887329102e-02
8.114455640316009521e-02
-7.323754578828811646e-02
-1.037849187850952148e-01
-1.212771981954574585e-01
-1.334947049617767334e-01
-1.117172539234161377e-01
1.496930122375488281e-01
-9.534015506505966187e-02
1.933099329471588135e-02
-1.494782697409391403e-02
-4.917541146278381348e-02
-7.432205975055694580e-02
-3.563686460256576538e-02
-9.236625581979751587e-02
-1.646302193403244019e-01
-6.395574659109115601e-02
-1.337396502494812012e-01
-1.665962636470794678e-01
1.056108176708221436e-01
-1.205341070890426636e-01
2.681390941143035889e-02
2.291654981672763824e-02
-1.173264980316162109e-01
-1.530308127403259277e-01
8.627810329198837280e-02
6.921197474002838135e-02
-1.491930931806564331e-01
-2.655908279120922089e-02
2.089904099702835083e-01
1.218337938189506531e-02
9.857431054115295410e-02
-1.152454316616058350e-01
4.314856603741645813e-02
6.816925853490829468e-02
4.897642135620117188e-02
1.200381442904472351e-01
1.647740900516510010e-01
8.730388432741165161e-02
4.253871366381645203e-02
9.541565924882888794e-02
7.303005456924438477e-02
6.095195934176445007e-02
-2.005476504564285278e-03
3.845335170626640320e-02
1.964079029858112335e-02
1.807769238948822021e-01
-4.224132746458053589e-02
8.031174540519714355e-02
-2.191625982522964478e-01
-1.268573999404907227e-01
-6.035275384783744812e-02
5.993494391441345215e-02
-8.627840131521224976e-02
-1.183013021945953369e-01
-6.049091368913650513e-02
3.107200935482978821e-02
-1.283686328679323196e-02
1.191172525286674500e-01
1.786726340651512146e-02
1.453091055154800415e-01
6.114067882299423218e-02
-1.096577662974596024e-02
7.599105592817068100e-03
-1.266519278287887573e-01
-1.118876188993453979e-01
1.249428391456604004e-01
5.243040248751640320e-02
1.060833185911178589e-01
-1.399004608392715454e-01
1.103877946734428406e-01
-1.925791054964065552e-01
-4.502391442656517029e-02
9.436874091625213623e-02
5.587134510278701782e-02
1.460032761096954346e-01
6.244807317852973938e-02
3.090428363066166639e-04
8.235686272382736206e-02
1.693779677152633667e-01
9.053794294595718384e-02
-5.463377013802528381e-02
-1.436395794153213501e-01
6.478998064994812012e-02
2.074158005416393280e-02
5.375895649194717407e-02
-1.466220803558826447e-02
-1.063170377165079117e-02
1.816464215517044067e-02
5.653180927038192749e-02
-2.984287403523921967e-02
-1.739262491464614868e-01
-1.004770845174789429e-01
-9.911205619573593140e-02
-1.140496656298637390e-01
1.861911825835704803e-02
-5.800847709178924561e-02
-1.338087469339370728e-01
-8.788432925939559937e-02
-1.157729178667068481e-01
1.308103948831558228e-01
7.400376349687576294e-02
-1.416303515434265137e-01
6.269001960754394531e-02
-7.699202746152877808e-02
-6.742174923419952393e-02
9.567226469516754150e-02
-2.259116172790527344e-01
5.964941158890724182e-02
5.516262352466583252e-02
9.242623113095760345e-03
-5.192322656512260437e-02
2.693385758902877569e-04
8.445310592651367188e-02
3.092108061537146568e-03
-1.100401356816291809e-01
-1.046410575509071350e-01
-3.928435966372489929e-02
-1.376833915710449219e-01
-5.284988507628440857e-02
-5.856199190020561218e-03
3.164252638816833496e-02
-3.153006732463836670e-02
-7.064931094646453857e-02
1.319795101881027222e-01
4.754596203565597534e-02
1.668603718280792236e-02
-2.315176725387573242e-01
-2.780887782573699951e-01
7.999048382043838501e-02
-2.257273197174072266e-01
-1.094728186726570129e-01
-1.847047731280326843e-02
-8.461480587720870972e-02
6.867238879203796387e-02
-1.680332869291305542e-01
4.653102904558181763e-02
-1.144282445311546326e-01
-5.300411954522132874e-02
-1.100688353180885315e-01
-1.152958869934082031e-01
-3.152089565992355347e-02
-7.069826871156692505e-02
1.074158623814582825e-01
1.028759777545928955e-01
8.529668301343917847e-02
-4.653228819370269775e-02
-1.153498142957687378e-01
-2.066252678632736206e-01
8.955175429582595825e-02
-1.241980195045471191e-01
-7.649648934602737427e-02
-1.479223072528839111e-01
-5.522313714027404785e-02
2.575214579701423645e-02
-1.527482718229293823e-01
7.325581461191177368e-02
-6.698271632194519043e-02
-1.037705689668655396e-01
-9.320411481894552708e-04
4.129550978541374207e-02
1.025330349802970886e-01
-1.279728487133979797e-02
-8.815947920083999634e-02
-1.345579475164413452e-01
8.876711875200271606e-02
-4.765827581286430359e-02
-2.375803329050540924e-02
-1.590086705982685089e-02
8.245929330587387085e-02
-7.505031675100326538e-02
-7.143625617027282715e-02
-1.885275244712829590e-01
-1.900055818259716034e-02
1.168830879032611847e-02
-2.159286662936210632e-02
-8.124817907810211182e-02
9.440282732248306274e-02
4.836064577102661133e-02
1.018334403634071350e-01
8.864257484674453735e-02
-9.593980014324188232e-02
4.338969290256500244e-02
-2.497786730527877808e-01
5.594798829406499863e-03
1.054091751575469971e-01
9.678357280790805817e-03
-1.315042823553085327e-01
-4.040391184389591217e-03
-2.846094593405723572e-02
6.808524578809738159e-02
1.997656524181365967e-01
1.339084357023239136e-01
-2.126366347074508667e-01
9.066818654537200928e-02
1.292429715394973755e-01
3.101146593689918518e-02
9.141390770673751831e-02
5.007025226950645447e-02
-1.639191210269927979e-01
-8.751904964447021484e-02
-7.040879130363464355e-02
2.902285940945148468e-02
-1.952198743820190430e-01
-3.645258396863937378e-02
-1.290043592453002930e-01
-8.779087662696838379e-02
-1.278133317828178406e-02
-7.137173414230346680e-02
-1.965666264295578003e-01
-8.722399920225143433e-02
8.732318133115768433e-02
-6.211718544363975525e-03
-1.161485835909843445e-01
-9.347026050090789795e-02
-1.268814653158187866e-01
6.310290098190307617e-02
-1.044070944190025330e-01
3.543306887149810791e-02
-3.160039708018302917e-02
9.098725393414497375e-03
-8.468848466873168945e-02
1.345674693584442139e-01
7.409925013780593872e-02
2.161520346999168396e-02
6.465241312980651855e-02
8.508682250976562500e-02
4.428254067897796631e-02
-8.789739757776260376e-02
-2.874398790299892426e-02
-1.010222956538200378e-01
-1.029865369200706482e-01
-6.926282495260238647e-02
5.998584628105163574e-02
-4.224633798003196716e-02
-1.328616589307785034e-01
1.913128942251205444e-01
4.956241231411695480e-03
-7.688739895820617676e-02
-1.388519164174795151e-02
4.118894040584564209e-02
-1.021034866571426392e-01
1.115608513355255127e-01
7.622712105512619019e-02
-6.943857879377901554e-04
1.633047014474868774e-01
1.125585958361625671e-01
-1.120541431009769440e-02
7.459877431392669678e-02
6.467291712760925293e-02
1.191911101341247559e-01
1.518359500914812088e-02
7.391053438186645508e-02
-8.745532482862472534e-02
-1.298234611749649048e-01
-4.817118495702743530e-02
-5.909330025315284729e-02
-4.172259941697120667e-03
5.394759401679039001e-02
-6.816332042217254639e-02
-3.545529022812843323e-02
1.147734075784683228e-01
6.743356585502624512e-02
1.033441275358200073e-01
-1.145505309104919434e-01
-1.325867604464292526e-02
1.234127506613731384e-01
2.520236931741237640e-02
6.739493459463119507e-02
-8.997303247451782227e-02
-3.818463906645774841e-02
1.245925948023796082e-01
1.450747102499008179e-01
1.131110191345214844e-01
1.297981850802898407e-02
4.705514386296272278e-02
-1.076211780309677124e-01
1.098772585391998291e-01
2.941068075597286224e-02
3.664133325219154358e-02
-3.089473545551300049e-01
-1.185109466314315796e-02
-1.449892371892929077e-01
-5.558671802282333374e-02
5.346052348613739014e-02
-2.986383810639381409e-02
7.372051477432250977e-03
-2.575298026204109192e-02
9.725609421730041504e-02
-1.899480074644088745e-02
5.695161223411560059e-02
2.127969078719615936e-02
-6.631532311439514160e-02
-5.316955503076314926e-03
-8.043558895587921143e-02
-7.971332967281341553e-02
1.969757955521345139e-03
-3.553027287125587463e-02
-7.166571170091629028e-02
-1.937291473150253296e-01
-1.547665894031524658e-01
-1.337228268384933472e-01
-5.686245486140251160e-02
1.568313315510749817e-02
-4.229589551687240601e-02
-4.465378448367118835e-02
-2.330061048269271851e-02
1.291404813528060913e-01
-4.706400260329246521e-02
-1.419910788536071777e-01
-1.037609055638313293e-01
-2.299252003431320190e-01
-8.701135963201522827e-02
-4.404116049408912659e-02
-3.032487351447343826e-03
-2.525981143116950989e-02
-2.581200301647186279e-01
-4.446422681212425232e-02
-7.367014884948730469e-02
-1.431502252817153931e-01
-1.841927766799926758e-01
-2.419893890619277954e-01
-1.521772742271423340e-01
6.275650113821029663e-02
-8.576957881450653076e-02
4.792191833257675171e-02
3.352198377251625061e-02
-1.030378416180610657e-01
3.001193143427371979e-02
-1.822977326810359955e-02
1.281197518110275269e-01
-9.530764073133468628e-03
1.292906329035758972e-02
-1.680123209953308105e-01
-5.267707630991935730e-02
-2.912800312042236328e-01
-1.110277995467185974e-01
-1.582852005958557129e-02
-1.149057149887084961e-01
6.009473651647567749e-02
-2.998296320438385010e-01
1.803716272115707397e-02
-5.302311107516288757e-02
3.261049464344978333e-02
-1.284485906362533569e-01
6.017299741506576538e-02
-1.586094051599502563e-01
-3.963233157992362976e-02
2.855176280718296766e-04
-2.030654996633529663e-02
-3.874109312891960144e-02
1.748928129673004150e-01
-1.210351213812828064e-01
1.186155378818511963e-01
6.483102589845657349e-02
-1.911618113517761230e-01
-1.058908626437187195e-01
1.292692273855209351e-01
-8.906725794076919556e-02
-8.077880740165710449e-02
9.943530708551406860e-02
-8.248500525951385498e-02
-1.628433465957641602e-01
2.064441516995429993e-02
-1.313820667564868927e-02
-3.925913944840431213e-02
2.080691978335380554e-02
-2.254584245383739471e-02
-4.981511831283569336e-02
-6.081670150160789490e-02
-6.901031825691461563e-03
1.045799478888511658e-01
-1.166015416383743286e-01
6.093996390700340271e-02
-7.321941852569580078e-02
-1.479415744543075562e-01
-1.565100103616714478e-01
9.152946062386035919e-03
2.292857319116592407e-02
7.267653942108154297e-02
-5.088968947529792786e-02
-2.514460980892181396e-01
-1.041310206055641174e-01
9.056510403752326965e-03
-8.890783041715621948e-02
-1.063965633511543274e-01
-1.096518412232398987e-01
9.006052464246749878e-02
-6.632347404956817627e-02
5.503268912434577942e-02
8.379762619733810425e-02
-5.038455873727798462e-02
3.527545183897018433e-02
-7.468972355127334595e-02
-1.145472005009651184e-02
-1.527452766895294189e-01
-4.709491878747940063e-02
-1.289162784814834595e-01
-1.958564482629299164e-02
-2.901267260313034058e-02
-1.210461184382438660e-01
-4.454407468438148499e-02
4.777805134654045105e-02
-2.991719730198383331e-02
-3.771500289440155029e-02
-6.508465856313705444e-02
1.369374990463256836e-01
-2.663522958755493164e-02
8.089344017207622528e-03
-9.366272389888763428e-02
-1.727642416954040527e-01
1.115045920014381409e-01
1.629142612218856812e-01
-1.099559366703033447e-01
-2.344690263271331787e-02
-1.623005047440528870e-02
7.890999317169189453e-02
1.723873801529407501e-02
-1.377690732479095459e-01
-3.102930961176753044e-03
2.046145685017108917e-02
1.329882591962814331e-01
-1.053570881485939026e-01
1.007378026843070984e-01
-8.704696595668792725e-02
-1.623050570487976074e-01
8.820159733295440674e-02
7.567925006151199341e-02
-8.726973831653594971e-02
8.388400077819824219e-03
-7.568226009607315063e-02
-1.064693462103605270e-02
-1.346363034099340439e-02
1.212702766060829163e-01
3.544637560844421387e-02
-2.881876565515995026e-02
-7.537723332643508911e-02
5.175686255097389221e-02
-1.417583823204040527e-01
5.376198515295982361e-02
-1.338010132312774658e-01
3.263618424534797668e-02
7.222449779510498047e-02
-1.059276759624481201e-01
-8.919171988964080811e-02
-8.065700531005859375e-02
-5.101985111832618713e-02
1.375943273305892944e-01
7.989526540040969849e-02
8.497864007949829102e-02
-7.057304028421640396e-03
-4.363914579153060913e-02
-2.132323533296585083e-01
-8.759815245866775513e-02
7.364197820425033569e-02
-9.332600980997085571e-02
1.738006472587585449e-01
-1.726391911506652832e-02
9.803363354876637459e-04
5.070555210113525391e-02
8.102610707283020020e-02
-1.581337898969650269e-01
1.045949310064315796e-01
-2.903860062360763550e-02
8.822740614414215088e-02
-6.049114465713500977e-02
-7.126554101705551147e-02
-5.877726152539253235e-02
5.180527642369270325e-02
-4.677007719874382019e-02
1.177209615707397461e-02
7.181505858898162842e-02
-7.113438844680786133e-02
-3.917810693383216858e-02
-1.367897987365722656e-01
-1.342220902442932129e-01
3.664771839976310730e-02
-3.972434252500534058e-02
-1.546214669942855835e-01
2.559614600613713264e-03
3.120985813438892365e-02
1.684613898396492004e-02
6.294597685337066650e-02
5.717095360159873962e-02
5.746714770793914795e-02
8.989427983760833740e-02
1.037347987294197083e-01
1.379681676626205444e-01
-2.010878622531890869e-01
8.782176673412322998e-02
-7.104635238647460938e-02
-6.785125285387039185e-02
-7.549102604389190674e-02
-1.271511018276214600e-01
7.898638397455215454e-02
7.219631969928741455e-02
-9.440607391297817230e-04
-6.743291765451431274e-02
-3.902668133378028870e-02
-1.502448618412017822e-01
-3.688317164778709412e-02
-1.032381579279899597e-01
-4.063899442553520203e-02
7.722878456115722656e-02
9.375462681055068970e-02
5.303981527686119080e-02
4.607931710779666901e-03
-1.690298020839691162e-01
-1.993788182735443115e-01
1.966574490070343018e-01
-1.012575998902320862e-02
6.005928292870521545e-02
-1.031979918479919434e-01
8.785070478916168213e-02
1.703664660453796387e-02
-2.550302259624004364e-02
9.897925704717636108e-02
-1.028883755207061768e-01
-9.872700273990631104e-02
8.662270382046699524e-03
4.654270783066749573e-02
-5.388183635659515858e-04
-1.098379269242286682e-01
1.031412626616656780e-03
2.035567909479141235e-02
5.154431983828544617e-02
1.215422973036766052e-01
3.444210812449455261e-02
-1.773732900619506836e-02
-8.987919986248016357e-02
-3.843671828508377075e-02
-7.597881555557250977e-02
3.954567760229110718e-02
-5.864955484867095947e-02
-5.578092485666275024e-02
-3.664631862193346024e-03
1.275414079427719116e-01
-1.639887094497680664e-01
-7.305968552827835083e-02
-9.522720426321029663e-02
6.390683352947235107e-02
-8.542443811893463135e-02
-1.459642350673675537e-01
-2.613742277026176453e-02
7.045455276966094971e-02
-8.277413994073867798e-02
-1.354430913925170898e-01
-1.187047362327575684e-01
1.351622790098190308e-01
-8.100441843271255493e-02
-1.174616888165473938e-01
-3.021552413702011108e-02
5.433966219425201416e-02
4.183800891041755676e-02
-1.737774014472961426e-01
-6.191436573863029480e-02
-1.483850777149200439e-01
-9.883779287338256836e-02
5.895345285534858704e-02
2.804299071431159973e-02
-1.510807573795318604e-01
-8.883858472108840942e-02
5.544165894389152527e-02
-1.095657423138618469e-01
-3.211703523993492126e-02
-1.188780143857002258e-01
-1.032116040587425232e-01
3.119305148720741272e-02
-7.719809561967849731e-02
-3.432176262140274048e-02
-8.139140158891677856e-02
-1.059806346893310547e-01
3.468949347734451294e-02
1.731712371110916138e-01
-2.536992132663726807e-01
-8.898567408323287964e-02
4.822049662470817566e-02
2.360223680734634399e-01
-1.483452916145324707e-01
3.655514493584632874e-02
-3.634755685925483704e-02
-9.242144972085952759e-02
-1.289822757244110107e-01
1.236775442957878113e-01
-4.638402536511421204e-02
-6.208361312747001648e-02
6.874509900808334351e-02
1.717793196439743042e-02
-3.759166225790977478e-02
-9.589540958404541016e-02
-3.907339274883270264e-02
-2.116734394803643227e-03
-8.832717686891555786e-02
-8.740764111280441284e-02
-7.763529568910598755e-02
-5.072643514722585678e-03
1.121725365519523621e-01
-5.499590933322906494e-02
9.245107066817581654e-04
-1.727850735187530518e-01
-1.568867713212966919e-01
-9.714459627866744995e-02
1.833678223192691803e-02
2.008907124400138855e-02
-1.742711812257766724e-01
-1.193586271256208420e-02
4.244172945618629456e-02
-5.734480544924736023e-02
3.315204381942749023e-02
-8.329170942306518555e-02
2.308027260005474091e-02
3.055454790592193604e-02
-6.547664850950241089e-02
-2.632402256131172180e-02
-1.908720284700393677e-01
-4.306279122829437256e-03
-9.490864723920822144e-02
-8.773946762084960938e-02
-1.452911794185638428e-01
1.165506169199943542e-01
1.742267459630966187e-01
4.126948863267898560e-02
-5.854631774127483368e-03
-3.539410978555679321e-02
-9.958283603191375732e-02
5.406269431114196777e-02
1.459133531898260117e-02
-1.262331008911132812e-01
-1.943695545196533203e-01
1.003708541393280029e-01
1.037560179829597473e-01
6.847169250249862671e-02
-5.002870038151741028e-02
1.998452097177505493e-01
1.052018776535987854e-01
5.833366885781288147e-03
5.272114183753728867e-03
-2.045715600252151489e-01
-1.195669025182723999e-01
-7.884830236434936523e-02
-3.284820169210433960e-02
7.637038081884384155e-02
6.203675642609596252e-02
7.107273489236831665e-02
3.814103780314326286e-03
1.190516725182533264e-01
3.062120825052261353e-02
-6.793330609798431396e-02
-2.125224769115447998e-01
-1.897192299365997314e-01
-1.350139379501342773e-01
-8.541326969861984253e-02
1.378810554742813110e-01
-1.092571094632148743e-01
-1.749053895473480225e-01
-9.073940105736255646e-03
-6.562183797359466553e-02
-2.377616763114929199e-01
6.599685549736022949e-02
-1.466982811689376831e-01
1.113845482468605042e-01
-1.250169724225997925e-01
-7.792686671018600464e-02
-2.779331989586353302e-02
-6.819362938404083252e-02
-7.010514847934246063e-03
2.801259793341159821e-02
-5.448540672659873962e-02
3.544340655207633972e-02
7.931774109601974487e-02
-9.255142509937286377e-02
2.692129649221897125e-02
-4.298652708530426025e-02
1.024325937032699585e-01
-7.930581271648406982e-02
-1.011314615607261658e-01
6.883563846349716187e-02
-1.376629918813705444e-01
5.587437748908996582e-02
3.145768493413925171e-02
1.514430493116378784e-01
1.398987919092178345e-01
4.426990449428558350e-02
5.110133066773414612e-02
2.905975654721260071e-02
1.410987973213195801e-01
7.053353637456893921e-02
-1.515124291181564331e-01
-1.524243950843811035e-01
-9.488629549741744995e-02
-8.034010976552963257e-02
-2.540735341608524323e-02
4.337918758392333984e-02
9.187045693397521973e-02
5.301507934927940369e-02
-1.564009934663772583e-01
-1.282589286565780640e-01
-2.040782012045383453e-03
8.175697177648544312e-02
7.223071902990341187e-02
7.902343757450580597e-03
3.880170360207557678e-02
-8.748945593833923340e-02
9.886242449283599854e-02
1.487822830677032471e-01
-1.207445040345191956e-01
-8.582866936922073364e-02
4.978088662028312683e-02
-4.102916270494461060e-02
1.380124688148498535e-01
1.055927127599716187e-01
-1.036291792988777161e-01
-5.438948050141334534e-02
8.651477843523025513e-02
1.369937211275100708e-01
-7.337661832571029663e-02
4.279274493455886841e-02
-8.878085762262344360e-02
3.520179772749543190e-03
-5.715741310268640518e-03
-3.351057320833206177e-02
2.001129463315010071e-02
1.312444806098937988e-01
-6.772371381521224976e-02
1.315574198961257935e-01
3.630033880472183228e-02
-7.373800873756408691e-02
-9.270092099905014038e-02
-4.745531827211380005e-02
-1.125397458672523499e-01
-1.938430219888687134e-01
-3.599582938477396965e-03
-6.116623058915138245e-02
-6.272149085998535156e-02
-6.774113327264785767e-02
-7.322206348180770874e-02
-4.692545533180236816e-02
-1.925150454044342041e-01
-5.977255851030349731e-02
8.726156502962112427e-02
-1.271735727787017822e-01
9.508857876062393188e-02
6.715037673711776733e-02
-1.222340837121009827e-01
-1.324642002582550049e-01
9.257383644580841064e-02
-2.035065889358520508e-01
-1.156010404229164124e-01
1.367469727993011475e-01
4.675601795315742493e-02
1.829403080046176910e-02
2.002976536750793457e-01
1.666145212948322296e-02
1.377015560865402222e-01
-1.833426505327224731e-01
-5.694021657109260559e-02
1.811964437365531921e-02
-1.202645748853683472e-01
-1.090895980596542358e-01
-5.590956192463636398e-03
-1.403658241033554077e-01
6.374688446521759033e-02
-3.017441928386688232e-02
-1.393933296203613281e-01
1.395780295133590698e-01
-2.670045755803585052e-02
-9.811852872371673584e-02
7.482718676328659058e-02
3.943774104118347168e-02
-2.165847867727279663e-01
1.217281352728605270e-02
5.922671034932136536e-02
-9.143305942416191101e-03
-1.090226173400878906e-01
-2.253889292478561401e-02
-2.328332215547561646e-01
-5.339872464537620544e-02
5.734274629503488541e-03
-9.693565778434276581e-03
-4.441288486123085022e-02
5.048037040978670120e-03
-7.239688932895660400e-02
-2.436933070421218872e-01
9.288395754992961884e-03
9.861698001623153687e-02
-5.210784822702407837e-02
-2.207353152334690094e-02
-1.641143317101523280e-04
-9.782029688358306885e-02
-7.129759341478347778e-02
-7.329072803258895874e-02
5.557712167501449585e-02
-2.582658268511295319e-02
5.769376177340745926e-03
-2.299953401088714600e-01
1.129267551004886627e-02
-1.050054281949996948e-01
-5.265802145004272461e-02
-6.504093855619430542e-02
-1.546825319528579712e-01
-3.384956717491149902e-02
1.106187924742698669e-01
1.065024062991142273e-01
1.663573831319808960e-01
2.213013358414173126e-02
7.429837435483932495e-02
9.566855430603027344e-02
-6.908196955919265747e-02
-5.622289329767227173e-02
6.740472465753555298e-02
-2.229040861129760742e-01
-5.033903568983078003e-02
-8.745087683200836182e-02
1.962486095726490021e-02
9.375970810651779175e-03
2.476465329527854919e-02
-5.431790277361869812e-02
2.007483504712581635e-02
-6.428001914173364639e-03
-5.368400365114212036e-02
4.653716087341308594e-02
1.149650104343891144e-02
-7.411612570285797119e-02
-2.195139080286026001e-01
9.222254157066345215e-02
-3.543044626712799072e-02
3.320947289466857910e-02
-1.355815529823303223e-01
6.163702905178070068e-02
-1.324785649776458740e-01
1.193092018365859985e-02
-3.199607832357287407e-03
6.344953179359436035e-02
-2.504993677139282227e-01
4.981889948248863220e-02
-2.353947795927524567e-02
1.877508610486984253e-01
9.640209376811981201e-02
1.101801618933677673e-01
3.399489913135766983e-03
-2.183579206466674805e-01
6.479261070489883423e-02
-1.081468015909194946e-01
-7.641963660717010498e-02
-1.455340385437011719e-01
-1.468733996152877808e-01
-1.791127324104309082e-01
-9.193456172943115234e-02
-5.274210497736930847e-02
-2.382037974894046783e-02
3.638595342636108398e-02
3.577988967299461365e-02
3.788943216204643250e-02
-6.454632431268692017e-02
-6.413261592388153076e-02
3.264228627085685730e-02
6.627597659826278687e-02
-8.702190220355987549e-02
5.436216667294502258e-02
1.252493560314178467e-01
-4.480528086423873901e-02
-1.373893022537231445e-01
-1.048274859786033630e-01
1.203691884875297546e-01
-7.768191397190093994e-02
1.502417214214801788e-02
7.276822626590728760e-02
-3.151267766952514648e-02
-1.149076297879219055e-01
-8.706557750701904297e-02
-1.012773439288139343e-01
-8.626073598861694336e-02
4.556712508201599121e-02
9.756572544574737549e-02
-1.289687901735305786e-01
-7.696530222892761230e-02
-6.754170358180999756e-02
-5.883453041315078735e-02
-4.461146518588066101e-02
3.791201114654541016e-02
-1.158712133765220642e-01
-9.122254699468612671e-02
1.282247621566057205e-02
-7.005948573350906372e-02
-9.437749162316322327e-03
6.741894781589508057e-02
-2.442744746804237366e-02
-5.574461072683334351e-02
5.381449591368436813e-03
3.580124303698539734e-02
-3.781967610120773315e-02
1.413146108388900757e-01
4.326528683304786682e-02
-1.935178041458129883e-02
9.603480249643325806e-02
-8.145434781908988953e-03
7.034108787775039673e-02
-6.710356473922729492e-02
-3.201523795723915100e-02
-7.625392824411392212e-02
1.780254393815994263e-02
-8.334500342607498169e-02
1.059424411505460739e-02
6.199526041746139526e-02
-1.179131641983985901e-01
-1.096069365739822388e-01
7.112743705511093140e-02
1.185999438166618347e-01
6.894202530384063721e-02
-1.959341950714588165e-02
-3.597288951277732849e-02
5.384153872728347778e-02
-1.328060962259769440e-02
6.763550639152526855e-02
5.246611684560775757e-02
-3.293064609169960022e-02
1.418256163597106934e-01
1.304790526628494263e-01
5.333923548460006714e-02
-6.982801854610443115e-02
-3.642741590738296509e-02
4.216422140598297119e-02
-1.500782091170549393e-02
-1.737228333950042725e-01
3.788054361939430237e-02
-1.208720356225967407e-02
-2.921098656952381134e-02
-2.504860423505306244e-02
6.093380227684974670e-02
-1.682877093553543091e-01
-8.247973769903182983e-02
-2.482771575450897217e-01
-1.534023880958557129e-01
-8.980617672204971313e-02
1.313183158636093140e-01
8.026304841041564941e-02
1.402418315410614014e-02
-1.032504290342330933e-01
-6.716370582580566406e-02
-5.346055328845977783e-02
-8.570750802755355835e-02
5.059672892093658447e-02
-6.341041624546051025e-02
5.776006355881690979e-02
-1.024753004312515259e-01
-1.065087541937828064e-01
3.902368713170289993e-03
1.039126515388488770e-01
-8.349697291851043701e-02
-6.008354201912879944e-02
-4.751414805650711060e-02
6.545882206410169601e-04
-2.767600864171981812e-02
5.149953532963991165e-03
1.544242054224014282e-01
2.949047833681106567e-02
-9.063420444726943970e-02
1.316468268632888794e-01
-8.491745591163635254e-02
-1.189881488680839539e-01
-1.717660129070281982e-01
1.211796998977661133e-01
-1.489983201026916504e-01
9.980110451579093933e-03
-5.842521041631698608e-02
-6.262815743684768677e-02
-5.824592709541320801e-02
3.752592252567410469e-03
-1.483770310878753662e-01
-8.589043281972408295e-03
3.238892182707786560e-02
-3.737781196832656860e-02
-5.855601280927658081e-02
-1.580599811859428883e-03
-6.499034166336059570e-02
-1.186621561646461487e-01
-1.369045954197645187e-02
1.329903006553649902e-01
-2.169315665960311890e-01
9.463180601596832275e-02
-9.340789914131164551e-02
-1.253858804702758789e-01
8.440238982439041138e-02
3.909591585397720337e-02
5.366108380258083344e-03
-9.161390364170074463e-02
-2.958704717457294464e-02
5.656093731522560120e-02
-1.743506193161010742e-01
3.443492203950881958e-02
-1.515632420778274536e-01
-1.474286802113056183e-02
4.678180813789367676e-02
-3.190936893224716187e-02
-6.527564674615859985e-02
-7.362415641546249390e-02
8.887112140655517578e-02
-8.873562514781951904e-02
2.097341604530811310e-02
-9.983142465353012085e-02
-6.795188784599304199e-02
1.174755692481994629e-01
1.187602058053016663e-02
-4.919189494103193283e-03
4.314881935715675354e-02
2.620365470647811890e-02
5.317700281739234924e-02
-1.262829154729843140e-01
-1.546621769666671753e-01
-3.901120647788047791e-02
7.382829487323760986e-02
-1.002449914813041687e-01
6.762854754924774170e-02
1.635705493390560150e-02
-3.579659620299935341e-03
1.456792699173092842e-03
-1.015994921326637268e-01
1.099217981100082397e-01
2.107425965368747711e-02
4.747077822685241699e-03
9.104926884174346924e-02
-5.532436445355415344e-02
-2.777373604476451874e-02
2.750118076801300049e-02
-5.833240970969200134e-02
-5.039262026548385620e-02
-1.241520494222640991e-01
-5.927606485784053802e-03
-1.067268997430801392e-01
3.882744908332824707e-02
1.071239858865737915e-01
1.354415267705917358e-01
-8.356472849845886230e-02
4.979658499360084534e-02
8.699731528759002686e-02
1.076664626598358154e-01
-8.665861189365386963e-02
-1.406612396240234375e-01
8.833657018840312958e-03
-5.256585031747817993e-02
5.641284584999084473e-02
7.371667027473449707e-02
7.017493993043899536e-02
4.436778370290994644e-03
-1.131519582122564316e-02
1.559903770685195923e-01
1.276021301746368408e-01
-1.890948787331581116e-02
8.454952389001846313e-03
-4.593858495354652405e-02
-1.861850321292877197e-01
-1.172654256224632263e-01
-1.847227066755294800e-01
1.036183014512062073e-01
-8.803808689117431641e-02
-1.191495358943939209e-01
-9.502823650836944580e-02
2.179394811391830444e-01
-1.255731433629989624e-01
-3.881339728832244873e-02
-2.051442489027976990e-02
-5.103673040866851807e-02
1.353229135274887085e-01
5.271434411406517029e-02
-2.183690667152404785e-01
-1.151773259043693542e-01
-2.270976752042770386e-01
1.814638227224349976e-01
-1.826175153255462646e-01
-6.811761856079101562e-02
-6.734117120504379272e-02
5.393779370933771133e-03
-3.323087235912680626e-03
1.525087747722864151e-02
-1.042651012539863586e-01
-6.294486671686172485e-02
1.979708075523376465e-01
3.436695784330368042e-02
-1.120826005935668945e-01
-2.019073814153671265e-01
3.827722510322928429e-03
6.569646298885345459e-02
-3.088535740971565247e-02
4.736615717411041260e-02
-1.718508750200271606e-01
2.740540169179439545e-02
1.021575108170509338e-01
5.872736684978008270e-03
-8.086875826120376587e-02
-8.901964873075485229e-02
1.747548133134841919e-01
-2.181948125362396240e-01
-5.958195775747299194e-02
-2.139653414487838745e-01
-6.911145150661468506e-02
-3.857328370213508606e-02
-4.401413351297378540e-02
-2.352011948823928833e-02
-1.167231649160385132e-01
-1.262915581464767456e-01
-1.839704364538192749e-01
-1.363010704517364502e-01
-2.526793181896209717e-01
-2.394595295190811157e-01
-6.634604930877685547e-02
-1.702138222754001617e-02
-1.145916208624839783e-01
-1.262788772583007812e-01
-7.171987742185592651e-02
4.023144766688346863e-02
1.413230597972869873e-01
-1.551297008991241455e-01
-1.895178481936454773e-02
-1.612182110548019409e-01
-1.205859333276748657e-01
-1.762232556939125061e-02
-7.251311838626861572e-02
8.670005202293395996e-02
3.194788098335266113e-02
1.888556219637393951e-02
-1.473997626453638077e-02
-5.844669416546821594e-02
-2.546834945678710938e-01
-9.252371639013290405e-02
-1.686587631702423096e-01
4.598738625645637512e-02
-1.102684065699577332e-01
-7.983318716287612915e-02
5.645281076431274414e-02
-8.955317549407482147e-03
8.074782788753509521e-02
-5.843739584088325500e-02
1.399434953927993774e-01
-7.421451807022094727e-02
-7.356137037277221680e-02
-6.353865563869476318e-02
-6.669381260871887207e-02
-4.689623042941093445e-02
-1.305257081985473633e-01
-9.162045270204544067e-02
-2.272576689720153809e-01
7.828200608491897583e-02
-6.521597504615783691e-02
5.558487400412559509e-02
3.421115688979625702e-03
1.664333976805210114e-02
1.144974902272224426e-01
-6.655161082744598389e-02
-1.146290674805641174e-01
1.516753584146499634e-01
-2.273897677659988403e-01
-6.085044518113136292e-02
-1.233638748526573181e-01
5.005441978573799133e-02
-7.408151030540466309e-02
-9.824690409004688263e-03
-2.037446647882461548e-01
3.468915447592735291e-02
1.162571087479591370e-01
2.676068805158138275e-02
1.218708902597427368e-01
-2.665203213691711426e-01
5.596982315182685852e-02
5.815386772155761719e-02
1.046701818704605103e-01
-1.743497699499130249e-01
2.634478919208049774e-02
-1.107897907495498657e-01
-1.594026237726211548e-01
6.637274473905563354e-02
1.476410031318664551e-01
-2.615966498851776123e-01
-6.870499253273010254e-02
-8.133068680763244629e-02
9.996058791875839233e-02
1.337388008832931519e-01
4.322947561740875244e-02
1.322212219238281250e-01
7.563781691715121269e-04
-9.874997287988662720e-02
-9.214198589324951172e-02
-2.797162532806396484e-02
-9.440444409847259521e-02
3.083263710141181946e-02
-1.443097144365310669e-01
-4.731969162821769714e-02
3.215873241424560547e-02
-1.213171612471342087e-02
-1.006990447640419006e-01
-8.591984212398529053e-02
4.233029112219810486e-02
-1.504186391830444336e-01
4.814992472529411316e-02
5.937368795275688171e-02
1.087388247251510620e-01
7.062974572181701660e-02
7.821509242057800293e-02
4.861439764499664307e-02
8.170296251773834229e-02
-3.419778123497962952e-02
-1.106971353292465210e-01
9.557981044054031372e-02
1.622719615697860718e-01
1.063647195696830750e-01
8.863706886768341064e-02
-2.297843573614954948e-03
1.698455959558486938e-02
-4.093668609857559204e-02
6.525397300720214844e-02
-1.592773385345935822e-02
1.051748543977737427e-01
1.587417423725128174e-01
-1.437672674655914307e-01
3.946084529161453247e-02
-4.308144003152847290e-02
-1.013944670557975769e-01
-6.217102706432342529e-02
2.029546909034252167e-02
-5.743325501680374146e-02
9.958384186029434204e-02
-6.940513849258422852e-02
-2.052047289907932281e-02
-4.474850837141275406e-03
-1.397481374442577362e-02
4.823368042707443237e-02
5.861302837729454041e-02
1.583100110292434692e-01
5.004115030169487000e-02
5.391953513026237488e-02
6.782080233097076416e-02
1.325092464685440063e-01
9.422813355922698975e-02
1.062656417489051819e-01
1.156656071543693542e-01
-8.796431124210357666e-02
1.921383105218410492e-02
7.529272884130477905e-02
8.840240538120269775e-02
1.210794076323509216e-01
-7.021225243806838989e-02
1.204260438680648804e-01
1.009039953351020813e-01
4.025735706090927124e-02
-3.380784019827842712e-02
1.446698307991027832e-01
-3.898472711443901062e-02
-4.906575381755828857e-02
9.802057594060897827e-02
1.439502835273742676e-01
-2.583250999450683594e-01
-5.304454267024993896e-02
-1.298867613077163696e-01
-1.696151494979858398e-02
-1.393105387687683105e-01
5.141462385654449463e-02
6.507367826998233795e-03
-1.521313097327947617e-02
1.058942079544067383e-01
-5.595344118773937225e-03
1.651363633573055267e-02
-1.225499510765075684e-01
-2.873922884464263916e-02
-1.233388334512710571e-01
7.265197113156318665e-03
-1.250951178371906281e-02
-1.242765877395868301e-02
8.238205313682556152e-02
-5.197048559784889221e-02
1.664243936538696289e-01
1.434735674411058426e-02
2.641435898840427399e-02
-3.743471577763557434e-02
-5.624873936176300049e-02
-6.768191605806350708e-02
4.097187146544456482e-02
7.915628701448440552e-02
-1.384780108928680420e-01
2.235554344952106476e-02
-4.276024177670478821e-03
-1.802271977066993713e-02
9.149978309869766235e-02
2.003683336079120636e-02
-1.087120175361633301e-01
-6.359864026308059692e-02
-1.637217104434967041e-01
-3.863834589719772339e-02
-9.933213703334331512e-03
-3.247107192873954773e-02
-1.245096996426582336e-01
7.636137306690216064e-02
7.845701277256011963e-02
6.048901472240686417e-03
2.924854308366775513e-02
-1.163064315915107727e-01
-3.688386641442775726e-03
-2.576274238526821136e-02
-6.815543025732040405e-02
2.823384106159210205e-02
-1.204214468598365784e-01
-5.476145446300506592e-02
1.022212281823158264e-01
-2.981951460242271423e-02
7.330536097288131714e-02
7.699499279260635376e-02
-1.160015016794204712e-01
-4.381180182099342346e-02
2.936063520610332489e-02
-9.436221793293952942e-03
1.662426143884658813e-01
4.131025075912475586e-02
-6.981683522462844849e-02
-1.211897730827331543e-01
-1.804062980227172375e-03
6.353887170553207397e-02
-9.506503492593765259e-02
1.614704169332981110e-02
-1.421787291765213013e-01
-1.000817343592643738e-01
-5.929595232009887695e-02
5.568077042698860168e-02
4.011915251612663269e-02
1.212024837732315063e-01
-1.436821818351745605e-01
-1.306426376104354858e-01
4.575077444314956665e-02
-1.219304203987121582e-01
-1.380248218774795532e-01
1.092268675565719604e-01
-8.893465250730514526e-02
-4.965100809931755066e-02
-1.449954062700271606e-01
8.058256353251636028e-04
1.695363372564315796e-01
-1.515430063009262085e-01
2.153110876679420471e-02
-8.211805671453475952e-02
-1.106009334325790405e-01
-1.785744130611419678e-01
-1.060880497097969055e-01
-1.057300623506307602e-02
-5.244241654872894287e-02
1.917446218430995941e-02
2.402310259640216827e-02
9.081801027059555054e-02
-3.342749178409576416e-02
-1.806781068444252014e-02
-9.555701166391372681e-02
1.025789305567741394e-01
-1.721463352441787720e-02
-9.229273349046707153e-02
4.657802358269691467e-02
3.659516572952270508e-02
-1.253492683172225952e-01
1.060010194778442383e-01
1.319098472595214844e-01
-1.286324262619018555e-01
-5.398041009902954102e-02
-1.040179878473281860e-01
-8.967690169811248779e-02
-2.849014475941658020e-02
3.474621102213859558e-02
9.192941337823867798e-02
9.745980799198150635e-02
1.347240507602691650e-01
9.038627147674560547e-02
-2.777308411896228790e-02
-1.227216050028800964e-01
-1.142655611038208008e-01
-1.073059886693954468e-01
-4.401457309722900391e-02
-9.573609381914138794e-02
6.389175355434417725e-02
1.334565430879592896e-01
-1.082625016570091248e-01
-3.830301016569137573e-02
-2.273521944880485535e-02
8.079487085342407227e-02
-1.286261230707168579e-01
4.606622736901044846e-03
-1.072983667254447937e-01
2.271425165235996246e-02
1.969678513705730438e-02
-6.233626976609230042e-02
-4.046684596687555313e-03
-5.198306217789649963e-02
-1.320742666721343994e-01
4.307236522436141968e-02
-2.243507839739322662e-02
-4.192139953374862671e-02
-1.689250208437442780e-02
-1.715418845415115356e-01
5.910891294479370117e-02
3.774625435471534729e-02
-3.370714187622070312e-02
2.846261486411094666e-02
-7.167481631040573120e-02
1.153775230050086975e-01
2.767936885356903076e-02
-7.564608752727508545e-02
-1.548227271996438503e-03
-1.554982960224151611e-01
7.562975585460662842e-02
5.025645252317190170e-03
-7.664426416158676147e-02
-6.693407148122787476e-02
1.240480542182922363e-01
-1.235520765185356140e-01
7.720145583152770996e-02
-1.803222484886646271e-02
1.162550374865531921e-01
-3.395084664225578308e-02
4.782374203205108643e-02
-1.144969090819358826e-01
-5.514937639236450195e-02
6.263493746519088745e-02
-7.514387369155883789e-02
6.839392334222793579e-02
4.536478966474533081e-02
-1.509918868541717529e-01
-7.978518307209014893e-02
1.439306605607271194e-02
-1.029564514756202698e-01
6.434898823499679565e-02
-1.706094145774841309e-01
1.127611176343634725e-04
-9.693835675716400146e-02
-7.460380345582962036e-02
-2.174430713057518005e-02
-1.022167727351188660e-01
7.838954031467437744e-02
-3.608492761850357056e-02
1.095081716775894165e-01
-3.145812824368476868e-02
-1.166327968239784241e-01
3.024121373891830444e-02
-4.028531908988952637e-02
3.307051956653594971e-02
6.059096008539199829e-02
2.220934331417083740e-01
-3.194592893123626709e-02
-2.684283442795276642e-02
-1.827090829610824585e-01
1.069936081767082214e-01
-1.122075784951448441e-02
-6.237508729100227356e-02
-1.431631390005350113e-02
-6.507720053195953369e-02
-1.174713969230651855e-01
1.010182946920394897e-01
1.251852363348007202e-01
-1.258635520935058594e-01
-1.091626062989234924e-01
2.706117555499076843e-02
2.318718880414962769e-01
-1.178861130028963089e-02
-1.089062318205833435e-01
1.153393369168043137e-02
-1.206185817718505859e-01
-8.417017012834548950e-02
1.025543734431266785e-01
-2.154430933296680450e-02
1.400077790021896362e-01
5.377468094229698181e-02
-7.808299362659454346e-02
-4.502545669674873352e-02
3.288283199071884155e-02
-9.174449741840362549e-02
5.732856690883636475e-02
1.183119639754295349e-01
5.826276168227195740e-02
-1.071302220225334167e-01
1.151069328188896179e-01
-2.295726677402853966e-03
-7.894584536552429199e-02
-1.516551524400711060e-01
6.308884173631668091e-02
9.113065153360366821e-02
-1.107781752943992615e-01
-9.077385067939758301e-02
-8.801377564668655396e-02
-1.082768142223358154e-01
7.665653526782989502e-02
5.389372818171977997e-03
5.258921906352043152e-02
1.737110018730163574e-01
-1.627345453016459942e-03
-3.442369028925895691e-02
1.063747853040695190e-01
-1.317907869815826416e-01
-1.952040195465087891e-02
-2.700335718691349030e-02
-1.101072952151298523e-01
-8.864575996994972229e-03
8.204164355993270874e-02
-1.629443466663360596e-01
1.067357417196035385e-02
8.058902621269226074e-02
-1.239975616335868835e-01
1.013914793729782104e-01
1.999239809811115265e-02
1.947182603180408478e-02
1.068017631769180298e-01
-5.018073320388793945e-02
6.016085296869277954e-02
-4.245872795581817627e-02
-4.019010066986083984e-02
-1.795626990497112274e-02
-2.611939609050750732e-02
-6.102786399424076080e-03
-9.134903550148010254e-02
-1.273951865732669830e-02
2.266306988894939423e-02
-1.391732692718505859e-01
1.653266847133636475e-01
-7.693278789520263672e-02
1.076628267765045166e-01
-5.658559873700141907e-02
2.609713934361934662e-02
3.728741779923439026e-02
7.436759769916534424e-02
-1.167028546333312988e-01
-1.796519756317138672e-01
-1.530738025903701782e-01
-1.576565653085708618e-01
-2.653259038925170898e-02
-5.846457555890083313e-02
5.642082914710044861e-02
-1.411902457475662231e-01
8.899654448032379150e-02
7.495903223752975464e-02
7.699101418256759644e-02
7.348692417144775391e-02
8.453299105167388916e-02
1.915485262870788574e-01
-2.584317699074745178e-02
8.765313029289245605e-02
1.644279509782791138e-01
1.421346962451934814e-01
2.839196845889091492e-02
-1.746556907892227173e-01
1.253827363252639771e-01
-2.553716301918029785e-01
-1.744492352008819580e-01
1.717905104160308838e-01
5.998264998197555542e-02
-7.111246138811111450e-02
-1.511394232511520386e-01
8.401424437761306763e-02
-2.128028720617294312e-01
-4.764120653271675110e-02
-5.617045983672142029e-02
6.327320635318756104e-02
4.760527983307838440e-02
7.765959948301315308e-02
-7.039660960435867310e-02
-6.228271499276161194e-02
2.006013095378875732e-01
9.336205571889877319e-02
1.230888515710830688e-01
-1.694443970918655396e-01
-3.435181081295013428e-02
-5.936737358570098877e-02
3.385631367564201355e-02
-7.320002466440200806e-02
8.412448316812515259e-02
4.314169660210609436e-02
1.397676318883895874e-01
-1.566575169563293457e-01
1.101280525326728821e-01
-2.017521858215332031e-01
-1.568310707807540894e-01
-5.660049989819526672e-02
1.490169465541839600e-01
-1.305830776691436768e-01
1.527892239391803741e-02
-2.305402308702468872e-01
-3.862135484814643860e-02
2.870111167430877686e-02
-7.378754764795303345e-02
-7.327476143836975098e-02
1.999879479408264160e-01
1.170211657881736755e-01
7.983200252056121826e-02
-5.307352542877197266e-02
-4.634374380111694336e-02
-1.115224882960319519e-01
-4.802864789962768555e-02
-7.413509488105773926e-02
-1.411938071250915527e-01
1.605337709188461304e-01
-1.120580732822418213e-02
5.158480629324913025e-02
5.969581753015518188e-02
-8.918279409408569336e-02
-1.530993580818176270e-01
-1.461667567491531372e-01
5.689900368452072144e-02
-2.717217989265918732e-02
-3.376652598381042480e-01
-8.544370532035827637e-02
-7.014648616313934326e-02
1.849255263805389404e-01
-2.055082619190216064e-01
-1.545217782258987427e-01
4.759356752038002014e-02
1.190221682190895081e-01
4.848305881023406982e-02
-7.961652427911758423e-02
-7.241167128086090088e-02
-2.432558238506317139e-01
-6.094617024064064026e-02
-5.920633301138877869e-02
1.245648860931396484e-01
-6.418082863092422485e-02
-1.385153979063034058e-01
-2.883161045610904694e-02
-6.313503533601760864e-02
-1.412191838026046753e-01
-1.890156604349613190e-02
-1.390681862831115723e-01
1.327605545520782471e-02
6.360915303230285645e-02
2.453219518065452576e-02
1.043554320931434631e-01
2.644191682338714600e-02
2.491545397788286209e-03
-7.405386865139007568e-02
1.290077716112136841e-01
-1.745649874210357666e-01
1.291578412055969238e-01
8.812890946865081787e-02
3.765995800495147705e-02
7.408601697534322739e-03
1.667189747095108032e-01
-7.382127642631530762e-02
-5.359286814928054810e-02
-2.059387974441051483e-02
5.723778158426284790e-02
-1.419380456209182739e-01
1.605472862720489502e-01
-8.678095042705535889e-02
1.693699136376380920e-02
1.741366088390350342e-01
-7.044873386621475220e-02
-3.488455340266227722e-02
-7.727601379156112671e-02
7.046727091073989868e-02
-2.613158337771892548e-02
1.132144853472709656e-01
1.421446800231933594e-01
-3.234215080738067627e-02
7.517089694738388062e-02
-8.709964901208877563e-02
1.257207710295915604e-02
-5.186065565794706345e-03
9.475099295377731323e-02
3.259907662868499756e-02
1.493295878171920776e-01
6.074586138129234314e-02
-1.292902678251266479e-01
2.722593955695629120e-02
-8.196596801280975342e-02
6.926019489765167236e-02
-8.216600120067596436e-02
-3.371027484536170959e-02
-1.326797413639724255e-03
1.115416288375854492e-01
7.618744857609272003e-03
-4.812423139810562134e-02
-1.148643493652343750e-01
2.559614740312099457e-02
1.940958388149738312e-02
5.784539505839347839e-02
3.381833434104919434e-02
-2.865766547620296478e-02
1.196586042642593384e-01
-1.495476365089416504e-01
7.387778908014297485e-02
1.025898158550262451e-01
-2.568011358380317688e-02
7.965759187936782837e-02
-9.203473106026649475e-03
3.357608988881111145e-02
-4.056060221046209335e-03
-3.368097916245460510e-02
3.657384589314460754e-02
-2.129580266773700714e-02
-1.716011203825473785e-02
7.824158668518066406e-02
-1.842189580202102661e-01
5.629116669297218323e-02
1.389998942613601685e-01
-9.611954540014266968e-02
2.647331729531288147e-02
7.742517441511154175e-02
6.612441688776016235e-02
1.534021496772766113e-01
1.183778606355190277e-02
-1.547744721174240112e-01
-6.475701928138732910e-02
-6.518801301717758179e-02
3.364608855918049812e-03
2.717512252274900675e-04
3.214965760707855225e-02
-5.383735522627830505e-02
6.162696983665227890e-03
3.224654495716094971e-02
-2.749792486429214478e-02
-1.084622219204902649e-01
-3.603189485147595406e-03
-2.352794073522090912e-02
-8.279385976493358612e-03
-3.130358830094337463e-02
-1.654080599546432495e-01
-1.136715337634086609e-01
-1.165177747607231140e-01
-3.837665170431137085e-02
-3.797803446650505066e-02
-4.505941644310951233e-02
8.915407955646514893e-02
-8.331491798162460327e-02
2.301845513284206390e-02
-1.229088604450225830e-01
-1.453214287757873535e-01
-6.702134758234024048e-02
1.007558330893516541e-01
-3.348330501466989517e-04
-9.009493142366409302e-02
-4.014668520539999008e-03
-3.050979599356651306e-02
1.493891235440969467e-02
-1.131830140948295593e-01
3.553654253482818604e-02
6.566996127367019653e-02
-8.728194981813430786e-02
3.879840672016143799e-02
1.216849759221076965e-01
-2.204804867506027222e-01
4.880651831626892090e-02
-5.664039403200149536e-02
6.248763948678970337e-02
-5.073652788996696472e-02
1.320531219244003296e-01
-5.385367199778556824e-02
-1.380946636199951172e-01
-1.135740652680397034e-01
1.739489100873470306e-02
-1.186604797840118408e-01
-7.247542589902877808e-02
3.380671143531799316e-02
3.599265962839126587e-02
1.784685552120208740e-01
-3.015171922743320465e-02
1.262994483113288879e-02
-1.598166972398757935e-01
-1.513686925172805786e-01
8.618617802858352661e-02
6.461888551712036133e-02
1.231003031134605408e-01
-2.922353744506835938e-01
-7.305898517370223999e-02
-2.675502598285675049e-01
4.548317566514015198e-02
1.784587278962135315e-02
9.340310469269752502e-03
8.074802905321121216e-02
-1.469243764877319336e-01
4.480174276977777481e-03
1.037909314036369324e-01
-7.508360594511032104e-02
5.456602666527032852e-03
-1.348654925823211670e-01
8.882568776607513428e-02
3.173331171274185181e-02
-2.871882915496826172e-02
1.131689250469207764e-01
-1.403112709522247314e-01
-2.276016958057880402e-02
-7.109677046537399292e-02
-1.258654743432998657e-01
-1.330942511558532715e-01
3.081661649048328400e-02
-4.952375963330268860e-02
6.846781075000762939e-02
1.260950975120067596e-02
-1.260099560022354126e-01
6.761045660823583603e-03
1.935974881052970886e-02
-4.205406829714775085e-02
1.195674911141395569e-01
-1.098896265029907227e-01
-8.276511728763580322e-02
1.981132850050926208e-02
1.533360313624143600e-02
-1.879986822605133057e-01
5.373548343777656555e-02
4.932466894388198853e-02
-6.927552819252014160e-02
9.110440313816070557e-02
-1.314646452665328979e-01
-1.255855560302734375e-01
-3.966787829995155334e-02
-1.310646235942840576e-01
-4.442712664604187012e-02
-5.437410995364189148e-02
5.814617872238159180e-02
-1.820187121629714966e-01
-1.321365032345056534e-02
-6.746999919414520264e-03
-1.616590768098831177e-01
2.350077591836452484e-02
-8.439347147941589355e-02
-1.713158786296844482e-01
-7.731039822101593018e-02
-2.215113639831542969e-01
5.418054293841123581e-03
-4.066656157374382019e-02
1.048811990767717361e-02
-6.181708723306655884e-02
-4.174574464559555054e-02
1.952048949897289276e-02
5.940158292651176453e-02
1.460658907890319824e-01
-2.203835397958755493e-01
-8.108457177877426147e-02
-1.711271405220031738e-01
1.994949281215667725e-01
-1.404312532395124435e-02
-6.108025833964347839e-02
1.312533160671591759e-03
8.523840457201004028e-02
-9.216810017824172974e-02
1.299391537904739380e-01
4.397333040833473206e-02
-2.234311401844024658e-02
7.416772097349166870e-02
5.863005667924880981e-02
-4.738539084792137146e-02
-1.052389889955520630e-01
-1.188437938690185547e-01
4.397058486938476562e-02
-1.465097535401582718e-02
8.255748450756072998e-02
-3.975319489836692810e-02
-5.928308516740798950e-02
7.451560348272323608e-02
-2.345051616430282593e-02
3.616825491189956665e-02
6.606867909431457520e-02
-1.227756813168525696e-01
5.354196950793266296e-02
8.353688567876815796e-02
-1.228733062744140625e-01
-1.191598102450370789e-01
-6.703314930200576782e-02
4.008270427584648132e-02
-3.847681358456611633e-02
-1.915306225419044495e-02
-1.058332175016403198e-01
1.902767121791839600e-01
-1.036488711833953857e-01
3.184169903397560120e-02
6.568500399589538574e-02
-1.866397634148597717e-02
-6.575856357812881470e-03
1.153726130723953247e-01
1.159634366631507874e-01
-2.430094871670007706e-03
1.542851445265114307e-03
7.333247363567352295e-02
1.013232953846454620e-02
1.093254163861274719e-01
-8.226891607046127319e-02
-2.117392271757125854e-01
-5.518077313899993896e-02
1.593462228775024414e-01
-6.064580753445625305e-02
-1.474815160036087036e-01
4.616349935531616211e-02
9.034860134124755859e-02
-1.298163682222366333e-01
9.048587828874588013e-02
-4.103097319602966309e-02
-6.091364845633506775e-02
1.401142627000808716e-01
3.362641483545303345e-02
-4.293234273791313171e-02
-6.503348797559738159e-02
1.026154309511184692e-01
-1.383050084114074707e-01
6.279851496219635010e-02
3.816209360957145691e-02
5.427778139710426331e-02
6.915974617004394531e-02
8.260276913642883301e-02
-2.138871997594833374e-01
-7.485539466142654419e-02
3.400569409132003784e-02
-5.722123011946678162e-02
1.119272336363792419e-01
-3.602908458560705185e-03
-9.564470499753952026e-02
-1.509300619363784790e-02
-7.214024662971496582e-03
6.778040528297424316e-02
-1.329135298728942871e-01
-2.104372903704643250e-02
8.633758127689361572e-02
1.630042642354965210e-01
-1.767040044069290161e-02
1.082371082156896591e-02
1.132757812738418579e-01
-1.665866933763027191e-02
-7.652039080858230591e-02
-2.219532430171966553e-02
-9.788256883621215820e-02
1.334554105997085571e-01
1.936994194984436035e-01
-5.447188764810562134e-02
-2.024984359741210938e-02
1.805407255887985229e-01
-3.122811019420623779e-02
-9.571226313710212708e-03
3.658261150121688843e-02
5.984514951705932617e-02
-5.650702118873596191e-02
-8.555344492197036743e-02
-1.020927652716636658e-01
-5.824479740113019943e-03
-4.318618029356002808e-02
-8.718997240066528320e-02
-7.280272245407104492e-02
8.624390512704849243e-02
1.054548695683479309e-01
-1.578674763441085815e-01
-4.245654866099357605e-02
1.138133108615875244e-01
-1.262885481119155884e-01
1.340765599161386490e-02
6.441333144903182983e-02
1.784119904041290283e-01
-9.718303382396697998e-02
-1.673044413328170776e-01
-9.725962579250335693e-02
3.076027333736419678e-02
6.448038667440414429e-02
-6.363008636981248856e-03
-4.383791610598564148e-02
8.700979873538017273e-03
1.001580432057380676e-01
-8.402474224567413330e-03
-2.210285142064094543e-02
-1.368525773286819458e-01
1.332107335329055786e-01
7.575397938489913940e-02
-2.983561530709266663e-02
5.650752782821655273e-02
2.165728062391281128e-01
-1.971293613314628601e-02
2.343622781336307526e-02
-8.727753162384033203e-02
-1.937313005328178406e-02
-2.545194514095783234e-02
-1.072446182370185852e-01
5.865279212594032288e-02
1.394568011164665222e-02
1.010984107851982117e-01
1.995845735073089600e-01
1.526935547590255737e-01
2.141937240958213806e-02
-1.256209164857864380e-01
3.235794976353645325e-02
-9.868109971284866333e-02
1.042639464139938354e-01
-1.118114888668060303e-01
-3.066553268581628799e-03
-1.302962074987590313e-03
-1.570310443639755249e-01
7.044962607324123383e-03
-1.354508697986602783e-01
-8.136948198080062866e-02
1.526125520467758179e-02
3.905660659074783325e-02
-3.341697901487350464e-02
-6.515098363161087036e-02
1.130438894033432007e-01
4.602903127670288086e-02
-1.171022057533264160e-01
-5.902046337723731995e-03
4.170418530702590942e-02
-9.726543910801410675e-03
-1.040431559085845947e-01
-5.913378205150365829e-03
-3.868712484836578369e-02
-1.868012547492980957e-01
4.569838941097259521e-02
2.780224196612834930e-03
6.479582190513610840e-02
4.614047706127166748e-02
-5.240052938461303711e-02
4.999121651053428650e-02
-1.179494932293891907e-01
-1.482225358486175537e-01
9.696324914693832397e-02
4.312232881784439087e-02
-2.417007228359580040e-03
-1.758795976638793945e-01
-3.573897853493690491e-02
-8.468540757894515991e-02
-1.278472244739532471e-01
-1.154474392533302307e-01
1.340471804141998291e-01
2.641344070434570312e-02
-1.488590687513351440e-01
-6.349169462919235229e-02
1.789142042398452759e-01
1.350988149642944336e-01
-1.542024761438369751e-01
-2.592336758971214294e-02
-4.026554897427558899e-02
-9.704011678695678711e-02
1.000822242349386215e-02
-1.165227144956588745e-01
-3.555132076144218445e-02
1.452790293842554092e-02
-3.366391360759735107e-02
-9.678515791893005371e-02
-2.960551902651786804e-02
1.148226484656333923e-02
1.950323954224586487e-02
-1.282842606306076050e-01
4.378509707748889923e-03
-6.315295398235321045e-02
-1.389668136835098267e-01
1.298438608646392822e-01
-4.037849605083465576e-02
-8.815029263496398926e-02
-1.516192704439163208e-01
-3.113539516925811768e-02
6.866393610835075378e-03
5.779041443020105362e-03
9.136031568050384521e-02
-3.554902598261833191e-02
2.922696247696876526e-02
-1.227302849292755127e-01
-8.524323254823684692e-02
-5.415420234203338623e-02
-1.233020704239606857e-02
7.142917253077030182e-03
1.257766932249069214e-01
-6.134015321731567383e-02
-1.279332637786865234e-01
-6.990840286016464233e-02
5.764531344175338745e-02
4.362688958644866943e-02
1.265625804662704468e-01
-2.359528094530105591e-02
-4.262812063097953796e-02
1.175010763108730316e-02
2.428532950580120087e-02
-3.182074055075645447e-02
-1.440445929765701294e-01
6.622259970754384995e-03
1.570556778460741043e-03
-2.032095380127429962e-02
-9.977899491786956787e-03
1.217375621199607849e-01
-3.459196072071790695e-03
-1.964947953820228577e-02
-4.263230785727500916e-02
1.596509069204330444e-01
8.879784494638442993e-03
1.263418979942798615e-02
2.295483089983463287e-02
1.323715131729841232e-02
8.297736942768096924e-02
-1.805310994386672974e-01
1.043652519583702087e-01
-1.046955138444900513e-01
3.633905900642275810e-03
-1.368083897978067398e-02
7.334989309310913086e-02
-4.432009905576705933e-02
7.781171798706054688e-02
-4.751227330416440964e-03
-7.821848988533020020e-02
-1.014187783002853394e-01
5.670375376939773560e-02
-1.058732196688652039e-01
-1.578880697488784790e-01
7.017620652914047241e-02
-9.357345104217529297e-02
-1.068228408694267273e-01
-9.017249569296836853e-03
7.682846486568450928e-02
-5.497891828417778015e-02
-3.900843439623713493e-03
9.425622411072254181e-03
-2.880838513374328613e-02
-2.196560651063919067e-01
-4.381119087338447571e-02
2.868084795773029327e-02
-2.891141362488269806e-02
-1.482564359903335571e-01
-1.967056654393672943e-03
-6.852299440652132034e-03
-9.652130305767059326e-02
-1.836115866899490356e-01
-5.126651749014854431e-02
-1.242662370204925537e-01
-1.342457532882690430e-01
4.256976023316383362e-02
-8.000914752483367920e-02
-1.333501338958740234e-01
1.500581800937652588e-01
-1.546155959367752075e-01
4.019256308674812317e-02
9.743618220090866089e-02
-1.499928832054138184e-01
9.088843315839767456e-02
2.165843360126018524e-02
-2.482794597744941711e-02
-1.216450482606887817e-01
7.225884497165679932e-02
-4.780419915914535522e-02
-9.212046116590499878e-02
-5.222078040242195129e-02
-5.433578789234161377e-02
1.205465104430913925e-02
-3.074860759079456329e-02
-7.662958651781082153e-02
-1.688948571681976318e-01
3.481195075437426567e-03
-9.313679486513137817e-02
5.862434860318899155e-03
-6.804496515542268753e-03
1.762090772390365601e-01
-1.236230973154306412e-02
9.348187595605850220e-02
-9.913038462400436401e-02
-1.213494539260864258e-01
1.129412427544593811e-01
-4.091303050518035889e-02
-7.806143257766962051e-03
8.434606343507766724e-02
-6.138782948255538940e-02
-1.978229545056819916e-02
1.289341412484645844e-02
1.095007583498954773e-01
9.422492980957031250e-02
-3.873013332486152649e-02
8.365629613399505615e-02
1.342856884002685547e-01
2.304489165544509888e-01
-1.412049084901809692e-01
-8.961661159992218018e-02
2.719176746904850006e-02
1.760017722845077515e-01
-7.897070050239562988e-02
-7.093077991157770157e-03
-8.598463237285614014e-02
-4.763156641274690628e-03
-8.580876141786575317e-02
-2.123620361089706421e-02
6.353352218866348267e-02
1.110083907842636108e-01
1.067781746387481689e-01
-6.325862556695938110e-02
-2.603561803698539734e-02
1.643060334026813507e-02
-6.278393417596817017e-02
3.182001411914825439e-02
1.671427786350250244e-01
-1.133440509438514709e-01
-4.372500628232955933e-02
6.539668142795562744e-02
5.263695027679204941e-03
-1.177455335855484009e-01
-8.774781972169876099e-02
1.086106151342391968e-01
7.829159498214721680e-03
1.451415121555328369e-01
-1.048628911375999451e-01
-5.750474333763122559e-02
2.850502543151378632e-02
2.353403344750404358e-02
-6.450443714857101440e-02
-2.863407880067825317e-02
1.178259029984474182e-01
-1.555695571005344391e-02
1.350437849760055542e-02
1.073336899280548096e-01
1.603076606988906860e-01
1.812275499105453491e-01
-1.156238489784300327e-03
-1.175460517406463623e-01
1.110105365514755249e-01
1.216697394847869873e-01
-9.748402982950210571e-02
5.202131811529397964e-03
-1.878118216991424561e-01
8.910314738750457764e-02
1.064323913305997849e-02
-6.698611378669738770e-02
1.075347512960433960e-01
-8.715886622667312622e-02
-1.357092261314392090e-01
3.525497764348983765e-02
-1.112265959382057190e-01
3.371245460584759712e-03
1.755267679691314697e-01
-1.295447945594787598e-01
-3.673886507749557495e-02
-9.880986809730529785e-02
4.017526283860206604e-03
-1.605967804789543152e-02
-1.161209121346473694e-01
-9.000302106142044067e-02
-1.281874030828475952e-01
1.856573224067687988e-01
-1.737904399633407593e-01
-2.606025636196136475e-01
2.809776738286018372e-02
-1.344466954469680786e-01
3.366722539067268372e-02
-1.239732652902603149e-02
-5.651444196701049805e-02
-7.246229797601699829e-02
7.629341632127761841e-02
-1.061113923788070679e-01
6.564027816057205200e-02
-1.055456250905990601e-01
-1.781820654869079590e-01
1.922892779111862183e-02
1.160007864236831665e-01
4.089779779314994812e-02
-2.584395110607147217e-01
-1.294691301882266998e-02
5.555177107453346252e-02
-1.500137597322463989e-01
-9.901628643274307251e-02
-7.650437206029891968e-02
-1.004422008991241455e-01
-5.250296741724014282e-02
-4.987369105219841003e-02
7.503330707550048828e-02
5.103847011923789978e-02
-3.293887153267860413e-02
7.953942567110061646e-02
5.825588107109069824e-02
4.254305362701416016e-02
-1.409720480442047119e-01
3.576885163784027100e-02
-6.535946577787399292e-02
-1.068605780601501465e-01
-1.908131241798400879e-01
1.232073549181222916e-02
7.218209654092788696e-02
-5.463897809386253357e-02
3.263270854949951172e-02
-8.580144494771957397e-02
-1.106839403510093689e-01
1.434562206268310547e-01
-9.604768455028533936e-02
5.816685035824775696e-02
-2.745973691344261169e-02
-6.759465485811233521e-02
2.313492121174931526e-03
-1.598536670207977295e-01
-3.008543886244297028e-02
-1.491476446390151978e-01
1.140406802296638489e-01
-5.247600004076957703e-02
8.365421742200851440e-02
-1.291547566652297974e-01
8.852886408567428589e-02
7.454807311296463013e-02
6.482113152742385864e-02
-9.600437432527542114e-02
7.267171889543533325e-02
-1.198662742972373962e-01
1.807042509317398071e-01
-6.950249080546200275e-04
-7.340697199106216431e-02
-1.545060873031616211e-01
1.633719205856323242e-01
-9.010077267885208130e-02
-4.395298194140195847e-03
3.307012468576431274e-02
-2.033003047108650208e-02
-1.149439513683319092e-01
-1.048677712678909302e-01
-6.881254166364669800e-02
-1.718228682875633240e-02
2.300133109092712402e-01
-6.571657210588455200e-02
3.977970778942108154e-02
2.686741650104522705e-01
6.832521408796310425e-02
-8.210892230272293091e-02
1.312691718339920044e-01
-1.369428932666778564e-01
4.124389495700597763e-03
3.364958986639976501e-02
1.308420114219188690e-02
-8.436841517686843872e-02
-1.045067608356475830e-01
3.502140194177627563e-02
-3.431798517704010010e-02
-7.482744008302688599e-02
-5.338895320892333984e-02
1.531446576118469238e-01
1.649690791964530945e-02
-6.288269907236099243e-02
-4.468377307057380676e-02
-3.612934052944183350e-02
-3.117820061743259430e-02
-6.241945177316665649e-02
-8.211981505155563354e-02
9.061365574598312378e-02
6.416513770818710327e-02
-2.135031670331954956e-02
4.511416703462600708e-02
4.773420467972755432e-02
-3.311864286661148071e-02
6.937105208635330200e-02
1.485028415918350220e-01
-2.737094834446907043e-02
1.582552213221788406e-03
-1.325244158506393433e-01
-1.313642114400863647e-01
2.765789395198225975e-03
1.567792594432830811e-01
-1.480205804109573364e-01
-9.048341959714889526e-02
6.523159146308898926e-02
-2.089442685246467590e-02
-1.728462986648082733e-02
-1.705976761877536774e-02
-7.329075783491134644e-02
-1.108613833785057068e-01
-6.032696738839149475e-02
9.519287943840026855e-02
-3.898504376411437988e-02
4.798631742596626282e-02
6.221840530633926392e-02
-1.029042154550552368e-01
-1.255927830934524536e-01
-1.055515781044960022e-01
-7.888986170291900635e-02
-1.355684362351894379e-02
1.396516859531402588e-01
-9.889857470989227295e-02
4.131254553794860840e-02
-2.066593058407306671e-02
-5.418500676751136780e-02
1.423275284469127655e-02
5.698728188872337341e-02
3.202853351831436157e-02
5.303219705820083618e-02
8.038742095232009888e-02
5.610391125082969666e-02
-6.794837117195129395e-02
7.101026177406311035e-02
4.948533698916435242e-02
6.715435534715652466e-02
-1.872133910655975342e-01
-3.032648563385009766e-02
-1.314774304628372192e-01
-2.935914136469364166e-02
-1.428218632936477661e-01
-1.286526322364807129e-01
1.344529259949922562e-02
-5.759901180863380432e-02
-1.355876773595809937e-01
1.259102486073970795e-02
-1.844526231288909912e-01
1.507687731646001339e-03
-1.422251388430595398e-02
7.496772706508636475e-02
-6.085696816444396973e-02
-7.457836717367172241e-02
-2.141250371932983398e-01
9.879864752292633057e-02
-2.893315814435482025e-02
-4.450524970889091492e-02
-9.464215487241744995e-02
4.823344573378562927e-02
-1.451028883457183838e-01
-7.689812779426574707e-02
-2.240014076232910156e-02
-1.403311789035797119e-01
-9.898059815168380737e-02
-6.226670369505882263e-02
-5.807680264115333557e-02
1.460699439048767090e-01
-2.783501707017421722e-02
-1.491880044341087341e-02
-1.489182375371456146e-02
-3.830272331833839417e-02
-6.627973169088363647e-02
1.018640995025634766e-01
-8.602617308497428894e-03
-9.289800375699996948e-02
-5.077024549245834351e-02
-5.801184475421905518e-02
7.959908992052078247e-02
-1.311142444610595703e-01
-5.399247258901596069e-02
-1.060821190476417542e-01
-1.743117123842239380e-01
1.393030732870101929e-01
-3.842124342918395996e-02
4.096951708197593689e-02
4.632092267274856567e-02
-9.960380941629409790e-02
1.666807010769844055e-02
-1.977798528969287872e-02
-1.585147082805633545e-01
1.060123592615127563e-01
2.736436948180198669e-02
-8.608169108629226685e-02
9.936413168907165527e-02
-2.179322997108101845e-03
-2.185314521193504333e-02
5.917423404753208160e-03
1.228135004639625549e-01
4.458353295922279358e-02
-9.871244430541992188e-02
-2.306245826184749603e-02
2.706580981612205505e-02
5.507418885827064514e-02
2.110531479120254517e-01
-1.828370094299316406e-01
5.339522659778594971e-02
5.212289094924926758e-02
9.132509678602218628e-02
-4.973869770765304565e-02
3.420671075582504272e-02
-7.280175387859344482e-02
-8.773250132799148560e-02
3.518675267696380615e-02
-9.177857637405395508e-02
9.167987853288650513e-03
-2.312492765486240387e-02
-5.655901506543159485e-02
-3.854180127382278442e-02
-7.484899461269378662e-02
-8.794032037258148193e-03
1.537314988672733307e-02
1.592657268047332764e-01
9.221811592578887939e-02
1.268387436866760254e-01
1.128332167863845825e-01
-1.167396157979965210e-01
-1.026337370276451111e-01
-1.343047469854354858e-01
-7.774899899959564209e-02
-6.560839712619781494e-02
-9.155967086553573608e-02
-7.917400449514389038e-03
1.363425850868225098e-01
-1.213538460433483124e-02
6.879696995019912720e-02
-2.552782744169235229e-02
-2.016703225672245026e-02
-7.806369662284851074e-02
9.284663200378417969e-02
1.301915198564529419e-01
2.039644308388233185e-02
-1.086181029677391052e-02
6.496182829141616821e-02
-1.228636726737022400e-01
1.463984251022338867e-01
-2.342411316931247711e-03
-1.404955238103866577e-01
3.733570873737335205e-02
-2.896844781935214996e-02
1.338330805301666260e-01
-7.279027998447418213e-02
1.000820770859718323e-01
-9.237390011548995972e-02
-6.160423532128334045e-02
3.646673634648323059e-02
-4.236156120896339417e-02
3.200742974877357483e-02
5.250739306211471558e-02
-2.081633657217025757e-01
-6.351507268846035004e-03
2.589521743357181549e-02
-1.206305921077728271e-01
-1.884969621896743774e-01
1.202249601483345032e-01
-3.673451766371726990e-02
-2.127320878207683563e-02
-1.210670396685600281e-01
-1.389419734477996826e-01
-1.329644918441772461e-01
1.703415662050247192e-01
-1.539922803640365601e-01
-5.006189271807670593e-02
4.607706889510154724e-02
-9.632518142461776733e-02
2.708253636956214905e-02
-1.295852810144424438e-01
-4.056613519787788391e-02
6.292703002691268921e-02
1.071030795574188232e-01
-5.153935402631759644e-02
1.054184287786483765e-01
-3.780018910765647888e-02
2.766529656946659088e-02
3.892313688993453979e-02
-6.783059239387512207e-02
-9.514757432043552399e-03
6.043180474080145359e-04
6.078050285577774048e-02
3.235158696770668030e-02
1.071765571832656860e-01
-5.403905734419822693e-02
-6.372477114200592041e-02
-1.496042609214782715e-01
8.044763654470443726e-02
-9.131577610969543457e-02
-5.841227248311042786e-02
-7.901620119810104370e-02
1.250101476907730103e-01
-9.888597577810287476e-02
-9.081274620257318020e-04
6.605393439531326294e-02
-1.407268345355987549e-01
1.976897567510604858e-02
-1.509488523006439209e-01
8.866810053586959839e-02
-9.767144918441772461e-02
-1.069689169526100159e-01
-1.787230819463729858e-01
9.855798631906509399e-02
-1.858809441328048706e-01
-8.241052925586700439e-02
5.073422193527221680e-02
5.958802625536918640e-02
-1.344494223594665527e-01
-8.038551360368728638e-02
4.781167022883892059e-03
-2.158002108335494995e-01
-6.309674680233001709e-02
-3.439567983150482178e-02
6.725808233022689819e-02
1.190639063715934753e-01
-1.471753865480422974e-01
-6.167645566165447235e-03
-1.760881245136260986e-01
-4.601581022143363953e-02
-1.033998802304267883e-01
-2.272299230098724365e-01
-5.624211579561233521e-02
3.831294924020767212e-02
-1.763400435447692871e-01
-5.516599863767623901e-02
6.109156459569931030e-02
9.547564387321472168e-02
1.539353281259536743e-02
-1.676915585994720459e-01
6.953455507755279541e-02
-1.105038672685623169e-01
-1.461246609687805176e-01
-3.748810291290283203e-02
-2.213170975446701050e-01
-1.764614284038543701e-01
-1.740275621414184570e-01
-1.024155095219612122e-01
1.130001172423362732e-01
-7.413609325885772705e-02
-2.732871174812316895e-01
-7.387519627809524536e-02
-1.725890934467315674e-01
1.043698191642761230e-01
-1.506782416254281998e-02
-2.083564102649688721e-01
2.497538365423679352e-02
-1.026577353477478027e-01
-1.930710077285766602e-01
-3.386984020471572876e-02
2.093409857479855418e-04
-1.418591886758804321e-01
6.669095158576965332e-02
5.016278009861707687e-03
1.155394017696380615e-01
-1.430375128984451294e-01
1.891842111945152283e-02
-6.948175723664462566e-04
-3.648411482572555542e-02
-1.995052956044673920e-02
-6.800955533981323242e-02
7.172598503530025482e-03
-1.040943711996078491e-01
1.989728957414627075e-02
6.815096735954284668e-02
-3.416168317198753357e-02
6.427400559186935425e-02
2.488980442285537720e-02
-1.593484282493591309e-01
-2.600602209568023682e-01
1.766248196363449097e-01
5.704031512141227722e-02
-7.583379000425338745e-02
1.664872318506240845e-01
-1.547770202159881592e-01
1.675932481884956360e-02
3.974734246730804443e-02
-5.354445427656173706e-02
-1.286865472793579102e-01
7.987606525421142578e-02
1.383915394544601440e-01
4.136804863810539246e-02
2.217251062393188477e-02
-5.636303871870040894e-02
1.517428737133741379e-02
-1.005900725722312927e-01
7.283321768045425415e-02
-9.101744741201400757e-02
-1.897682994604110718e-01
-2.055968642234802246e-01
-1.692685335874557495e-01
1.096403878182172775e-02
-2.282334715127944946e-01
-2.513580257073044777e-03
7.990472367964684963e-04
-1.656640134751796722e-02
9.867506474256515503e-02
-1.306668817996978760e-01
5.527664721012115479e-02
-4.337023198604583740e-02
-8.809528499841690063e-02
-8.390913158655166626e-02
1.410912424325942993e-01
9.243314713239669800e-02
-8.260729163885116577e-02
2.476957812905311584e-02
-5.903281271457672119e-02
1.757252216339111328e-02
1.143150404095649719e-01
2.012432552874088287e-02
-2.094512581825256348e-01
2.094181068241596222e-02
-1.746424287557601929e-01
-5.338045954704284668e-02
5.924640968441963196e-02
-1.405870765447616577e-01
-1.525932829827070236e-02
-1.517902463674545288e-01
2.873004414141178131e-02
1.057389304041862488e-01
-1.434203535318374634e-01
-4.977088421583175659e-02
-1.218599304556846619e-01
7.720573991537094116e-02
7.441594451665878296e-02
9.103160351514816284e-02
-6.700155884027481079e-02
-1.591828763484954834e-01
1.568792574107646942e-02
-1.159025728702545166e-01
5.258097127079963684e-02
-1.154101416468620300e-01
9.415816515684127808e-02
-3.312899917364120483e-02
8.138766139745712280e-02
-7.156629860401153564e-02
-5.995423719286918640e-02
9.109531529247760773e-03
-3.970056027173995972e-02
1.524467170238494873e-01
-4.450635612010955811e-02
-1.843795180320739746e-01
1.118840053677558899e-01
3.786080703139305115e-02
6.204960122704505920e-02
1.335891932249069214e-01
8.512949943542480469e-02
3.068773774430155754e-03
-6.129278987646102905e-02
-1.964212656021118164e-01
-2.952176705002784729e-02
1.778000034391880035e-02
4.370048642158508301e-02
-4.262516647577285767e-02
1.207784414291381836e-01
-1.907000504434108734e-02
1.698280870914459229e-02
-1.545845568180084229e-01
1.182801872491836548e-01
2.981247566640377045e-02
-8.709849417209625244e-02
-4.119085893034934998e-02
1.317695900797843933e-02
2.743018604815006256e-02
-1.543333530426025391e-01
-6.499064713716506958e-02
2.111201174557209015e-02
1.050738245248794556e-01
-2.302217297255992889e-03
-4.686501622200012207e-02
-6.537093967199325562e-02
-1.938553899526596069e-01
-1.100330147892236710e-02
-1.482752114534378052e-01
1.116372793912887573e-01
-8.453533798456192017e-02
-1.218133941292762756e-01
-7.555934786796569824e-02
-1.405830960720777512e-02
4.645177721977233887e-02
2.048387527465820312e-01
1.260232329368591309e-01
-4.008993506431579590e-02
2.369382679462432861e-01
1.498487740755081177e-01
-7.059910148382186890e-02
-1.073075383901596069e-01
8.213333040475845337e-02
1.053544208407402039e-01
9.467706084251403809e-02
-1.367457956075668335e-02
7.604505866765975952e-02
-9.530097246170043945e-02
-5.234921816736459732e-03
1.364909857511520386e-01
1.205014809966087341e-01
8.454686403274536133e-02
5.468962714076042175e-02
8.620385825634002686e-02
1.978305876255035400e-01
1.613685935735702515e-01
1.226812601089477539e-01
-6.044200807809829712e-02
-9.473023563623428345e-02
9.865552186965942383e-02
-1.506048254668712616e-02
-1.226263344287872314e-01
6.516531854867935181e-02
1.446791645139455795e-02
-7.767795026302337646e-02
4.223316535353660583e-02
-1.002090573310852051e-01
-6.638212502002716064e-02
9.913300722837448120e-02
1.496192216873168945e-01
-6.401144713163375854e-02
6.660295650362968445e-03
4.799947515130043030e-02
-5.821762979030609131e-02
-1.226121485233306885e-01
1.047401875257492065e-02
-2.726291865110397339e-02
1.568938940763473511e-01
1.443736404180526733e-01
4.463296756148338318e-02
1.119914725422859192e-01
3.533621132373809814e-02
-9.901149570941925049e-02
1.299453079700469971e-01
4.523222520947456360e-02
9.685540199279785156e-02
7.495009899139404297e-02
1.322716176509857178e-01
-2.591248415410518646e-02
-1.125483494251966476e-02
-6.446566432714462280e-02
1.034658178687095642e-01
-7.385444641113281250e-02
6.717244535684585571e-02
8.768331259489059448e-02
-1.174546033143997192e-02
-7.825495302677154541e-02
-6.844659149646759033e-02
-1.178753674030303955e-01
1.276943683624267578e-01
-4.292186349630355835e-02
7.762389723211526871e-03
-1.226794347167015076e-01
-2.166379272239282727e-04
9.741581976413726807e-02
-3.940704092383384705e-02
7.563241571187973022e-02
-1.182906106114387512e-01
-1.161219999194145203e-01
1.630214042961597443e-02
8.318603038787841797e-02
-9.650602191686630249e-02
-6.756149232387542725e-02
-1.050395220518112183e-01
8.878128230571746826e-02
-1.846086680889129639e-01
-1.093045175075531006e-01
1.175512820482254028e-01
4.021546617150306702e-02
-5.322021991014480591e-02
-8.383540809154510498e-02
-3.533964231610298157e-02
-1.209132373332977295e-02
-3.020172193646430969e-02
9.258802980184555054e-02
-5.656733363866806030e-02
-5.290441587567329407e-02
-7.844066619873046875e-02
-2.068858146667480469e-01
-1.234821751713752747e-01
-4.925782233476638794e-02
-2.362252026796340942e-02
-9.808690100908279419e-02
2.965057082474231720e-02
2.802163944579660892e-04
-8.006230741739273071e-02
-1.112513989210128784e-01
3.457118570804595947e-02
-9.425073117017745972e-02
-1.751654297113418579e-01
-1.253560185432434082e-01
-1.183968409895896912e-01
-8.751420676708221436e-02
-2.445621974766254425e-02
-3.400162979960441589e-02
-1.616312712430953979e-01
2.312018070369958878e-03
-6.332423537969589233e-02
-8.438181132078170776e-02
-1.047834157943725586e-01
1.518891938030719757e-02
-1.129850819706916809e-01
9.835951775312423706e-02
-1.320225093513727188e-02
4.486408084630966187e-02
5.482985079288482666e-02
4.138303454965353012e-03
6.506448239088058472e-02
1.456084549427032471e-01
8.759950101375579834e-02
-8.399552106857299805e-02
-6.014725565910339355e-02
1.335218250751495361e-01
1.466813087463378906e-01
1.014157757163047791e-02
-9.879755228757858276e-02
1.071747392416000366e-01
-2.086438424885272980e-02
-8.377843350172042847e-02
2.318776585161685944e-02
1.641720719635486603e-02
8.474675007164478302e-03
7.379197329282760620e-02
1.109939366579055786e-01
2.357538789510726929e-02
1.004030704498291016e-01
2.869081799872219563e-04
1.072845533490180969e-01
-9.699600934982299805e-02
-1.837672442197799683e-01
1.972737908363342285e-02
-2.773099206387996674e-02
8.936101943254470825e-02
1.718471348285675049e-01
-1.992259323596954346e-01
-3.075536340475082397e-02
-2.720974683761596680e-01
1.296571828424930573e-02
-7.864779978990554810e-02
-1.642986573278903961e-02
4.846816137433052063e-02
-1.337973177433013916e-01
-2.700037555769085884e-03
5.520814657211303711e-02
5.192765593528747559e-02
2.858106605708599091e-02
-1.296575926244258881e-02
-3.294840082526206970e-02
-1.328141242265701294e-01
7.238707691431045532e-02
-1.102334782481193542e-01
-9.409608691930770874e-02
-6.636529415845870972e-02
-3.472961112856864929e-02
1.030022725462913513e-01
1.675733923912048340e-01
-7.413783669471740723e-02
1.810924150049686432e-02
-1.435862574726343155e-02
6.802358478307723999e-02
8.163090050220489502e-02
9.951758384704589844e-02
3.673601895570755005e-02
7.699546962976455688e-02
1.532233357429504395e-01
-4.970619082450866699e-02
-4.154525231570005417e-03
-4.775814339518547058e-02
-1.341528631746768951e-02
2.464674599468708038e-02
6.609175354242324829e-02
-3.393119946122169495e-02
-9.385835379362106323e-02
8.177184499800205231e-03
5.879799649119377136e-02
1.362197007983922958e-02
8.717353641986846924e-02
-1.158648505806922913e-01
7.744127511978149414e-02
5.214583873748779297e-02
6.600748165510594845e-04
3.411075845360755920e-02
7.154220342636108398e-02
-1.614367365837097168e-01
3.804399073123931885e-02
-4.746573790907859802e-02
-1.474207639694213867e-01
-9.184553474187850952e-02
-7.779000699520111084e-02
1.433818135410547256e-02
-7.086087763309478760e-02
1.233773827552795410e-01
1.357778608798980713e-01
-1.829223781824111938e-01
8.958041667938232422e-02
-1.544570550322532654e-02
-2.334319613873958588e-02
-8.040102571249008179e-02
9.736862033605575562e-02
-5.225763097405433655e-02
-1.156301572918891907e-01
-1.244663298130035400e-01
-6.369635462760925293e-02
-1.299138665199279785e-01
-7.019413262605667114e-02
3.705323860049247742e-02
-2.242439985275268555e-01
4.407018423080444336e-02
1.182543635368347168e-01
9.127100557088851929e-02
8.083276450634002686e-02
-4.206217359751462936e-03
2.176656946539878845e-02
5.872709304094314575e-02
3.589243069291114807e-02
-1.251637190580368042e-01
-1.668329238891601562e-01
-2.075373083353042603e-01
8.876039087772369385e-02
-2.818206883966922760e-02
-6.086783483624458313e-02
1.110264360904693604e-01
5.552636086940765381e-02
3.763705492019653320e-02
-4.858399927616119385e-02
-7.568189501762390137e-02
-4.578738287091255188e-02
-8.615496754646301270e-02
-1.238733902573585510e-01
-2.777101285755634308e-02
-4.644574597477912903e-02
4.787717014551162720e-02
-8.014936000108718872e-02
-6.606926769018173218e-02
-6.561562418937683105e-02
-6.827072799205780029e-02
-1.069067791104316711e-01
-1.294725295156240463e-02
6.980458647012710571e-02
1.872424781322479248e-01
7.339371740818023682e-02
1.368339657783508301e-01
-2.524357847869396210e-02
1.640262156724929810e-01
1.229124218225479126e-01
1.089203432202339172e-01
1.394942402839660645e-02
-4.740934073925018311e-02
-4.635445028543472290e-02
-1.114809289574623108e-01
8.088447898626327515e-02
-3.898151218891143799e-02
1.865251213312149048e-01
-9.307917952537536621e-02
-1.194769516587257385e-02
6.068241316825151443e-03
2.832767069339752197e-01
-4.820298869162797928e-03
4.219800978899002075e-02
4.752058163285255432e-02
2.047710716724395752e-01
-6.554194539785385132e-02
2.816960215568542480e-01
-2.362042665481567383e-02
2.303243800997734070e-02
5.177993327379226685e-02
1.086454242467880249e-01
7.495523989200592041e-02
8.421492576599121094e-02
-1.992023549973964691e-02
2.223882526159286499e-01
4.394178465008735657e-02
-2.190930582582950592e-02
1.203513666987419128e-01
1.441156864166259766e-01
1.751814633607864380e-01
4.310951009392738342e-02
1.179307773709297180e-01
-4.436362907290458679e-02
-3.377350792288780212e-02
-4.720691964030265808e-02
-8.139941096305847168e-02
1.361419707536697388e-01
-6.002417951822280884e-02
1.082027927041053772e-01
-7.089502643793821335e-03
4.648758843541145325e-02
6.106288172304630280e-03
-1.222313642501831055e-01
1.646222770214080811e-01
-2.232937701046466827e-02
9.107067435979843140e-02
1.955470889806747437e-01
4.227387905120849609e-02
2.444828599691390991e-01
2.843478918075561523e-01
-2.377059683203697205e-02
3.723354265093803406e-02
9.805466979742050171e-02
1.928551821038126945e-03
-4.260515794157981873e-03
2.230371162295341492e-02
1.297033429145812988e-01
-7.055062800645828247e-02
9.137938916683197021e-02
1.052224189043045044e-01
-1.679564453661441803e-02
-5.896098166704177856e-02
-5.164329428225755692e-03
-7.103150337934494019e-02
-2.276098728179931641e-02
-4.981458932161331177e-02
9.447470307350158691e-02
1.246052160859107971e-01
7.359855342656373978e-03
-7.161419093608856201e-02
5.236247554421424866e-02
1.313010305166244507e-01
1.581513732671737671e-01
1.307680550962686539e-02
1.242184787988662720e-01
-5.533418431878089905e-02
1.411680430173873901e-01
2.331882528960704803e-02
-4.419249296188354492e-02
-1.861706259660422802e-03
-1.653282493352890015e-01
9.591996669769287109e-02
-2.510803639888763428e-01
9.606382809579372406e-03
-7.363822311162948608e-02
3.224373236298561096e-02
-4.952185973525047302e-02
2.330718040466308594e-01
4.412254318594932556e-02
-3.161229193210601807e-02
1.829165369272232056e-01
7.326547801494598389e-02
1.928268969058990479e-01
4.098879545927047729e-02
1.797139877453446388e-03
2.861141599714756012e-02
-8.917209692299365997e-03
8.559223264455795288e-03
-9.667892940342426300e-03
1.019420325756072998e-01
3.113043121993541718e-02
5.941198393702507019e-02
1.286903917789459229e-01
1.149381697177886963e-01
1.393436938524246216e-01
1.414055526256561279e-01
1.138079166412353516e-01
1.935024261474609375e-01
1.802172213792800903e-01
1.230059787631034851e-01
1.274394392967224121e-01
1.713843196630477905e-01
-1.227921023964881897e-01
-4.520132392644882202e-02
4.799483716487884521e-02
1.443628966808319092e-01
6.875705718994140625e-02
6.013351678848266602e-02
7.906565815210342407e-02
1.534646898508071899e-01
-6.878907233476638794e-02
-3.281135857105255127e-02
-8.956161141395568848e-02
4.991198511561378837e-05
-6.951139867305755615e-02
-2.115893065929412842e-01
4.158125445246696472e-02
4.205203801393508911e-02
-1.245073601603507996e-01
-3.819493949413299561e-02
5.363723728805780411e-03
-1.393258273601531982e-01
-2.899085171520709991e-02
1.566241309046745300e-02
-1.117686033248901367e-01
2.422525174915790558e-02
5.436471849679946899e-02
-1.971863768994808197e-02
-1.068738326430320740e-01
-1.624362766742706299e-01
-6.035547703504562378e-02
-8.757368475198745728e-02
1.271152794361114502e-01
-2.942067105323076248e-03
-2.205280065536499023e-01
-3.678721562027931213e-02
-1.688760668039321899e-01
6.065773218870162964e-02
-7.060921192169189453e-02
-3.520356118679046631e-02
2.045592665672302246e-02
-5.473628640174865723e-02
-8.221915364265441895e-02
-1.255175657570362091e-02
7.629177719354629517e-02
-7.256945222616195679e-02
8.432355523109436035e-02
6.876219063997268677e-02
-8.886400610208511353e-02
-2.097337134182453156e-02
-1.049142628908157349e-01
2.313102968037128448e-02
-5.880287662148475647e-02
1.166782155632972717e-02
-7.659596740268170834e-04
2.607522718608379364e-02
-2.930604619905352592e-03
-6.365607678890228271e-02
1.973681449890136719e-01
-4.007805511355400085e-02
6.827583163976669312e-02
-1.064748838543891907e-01
1.611255407333374023e-01
-8.948341757059097290e-02
4.873096197843551636e-02
-1.882036477327346802e-01
-5.052011832594871521e-02
1.159023791551589966e-01
7.616624236106872559e-02
-7.349320501089096069e-02
-3.949163109064102173e-02
9.770672768354415894e-02
-3.528013080358505249e-02
1.080661341547966003e-01
4.332510381937026978e-02
-1.659425795078277588e-01
4.604399204254150391e-02
-2.886793576180934906e-03
-9.063909202814102173e-02
-2.037760987877845764e-02
1.031988020986318588e-02
-5.771498382091522217e-02
7.129183411598205566e-02
3.896309994161128998e-03
7.999652996659278870e-03
-4.971099272370338440e-02
-1.126741990447044373e-01
-5.662797391414642334e-02
-2.598916739225387573e-02
2.302760491147637367e-03
-3.901975229382514954e-02
-7.189806550741195679e-02
8.125249296426773071e-02
5.417736712843179703e-03
-7.618325948715209961e-02
-1.281137168407440186e-01
3.908568178303539753e-04
2.581906504929065704e-02
-2.921422570943832397e-02
-1.642578989267349243e-01
6.815202534198760986e-02
8.998440578579902649e-03
-1.030370518565177917e-01
1.002553477883338928e-01
-9.186571836471557617e-02
-2.954324521124362946e-02
-1.431860327720642090e-01
-4.955617710947990417e-02
1.074910983443260193e-01
-6.337005645036697388e-02
9.834557026624679565e-02
-7.874786853790283203e-02
1.747618764638900757e-01
-8.187852799892425537e-02
1.482675522565841675e-01
1.020823642611503601e-01
3.795513510704040527e-02
-1.661119461059570312e-01
1.106187552213668823e-01
-7.986085116863250732e-02
3.199472650885581970e-02
1.001870781183242798e-01
-2.682220190763473511e-03
-5.951702967286109924e-02
8.662051707506179810e-02
-9.476912766695022583e-02
-8.246999233961105347e-02
-3.938722610473632812e-02
-1.564523875713348389e-01
-2.527527697384357452e-02
-1.197002828121185303e-02
2.935552224516868591e-02
-1.350587755441665649e-01
1.339556574821472168e-01
-8.624546229839324951e-02
-5.937439855188131332e-03
4.418135434389114380e-02
-3.711459413170814514e-02
-6.040612608194351196e-02
1.060412675142288208e-01
3.972361609339714050e-02
-1.357965022325515747e-01
-4.276502877473831177e-02
-1.890027672052383423e-01
-8.501650393009185791e-02
7.803623378276824951e-02
1.603220105171203613e-01
-3.724111244082450867e-02
4.904193431138992310e-02
-4.124755784869194031e-02
5.468769371509552002e-02
9.503733366727828979e-02
-1.367462277412414551e-01
-4.961377009749412537e-02
-1.008221805095672607e-01
7.055819034576416016e-02
-1.158764883875846863e-01
2.634167298674583435e-02
1.578490994870662689e-02
-3.617332875728607178e-02
-6.456955522298812866e-02
3.952933475375175476e-02
4.267951101064682007e-02
-1.494725495576858521e-01
9.552185982465744019e-02
1.469064354896545410e-01
6.620837748050689697e-02
3.059922717511653900e-02
6.258919835090637207e-02
-3.089962899684906006e-02
-2.072513848543167114e-02
-4.163381177932024002e-03
-1.294324249029159546e-01
4.709715954959392548e-03
7.837691903114318848e-02
-1.195215657353401184e-01
-5.258995294570922852e-02
-9.341412782669067383e-02
-9.998231381177902222e-02
-2.240055426955223083e-02
-1.336098015308380127e-01
1.700253970921039581e-02
-6.532784551382064819e-02
-1.706932298839092255e-02
1.393378973007202148e-01
1.252862662076950073e-01
-1.684526726603507996e-02
-6.516625639051198959e-03
-5.306639522314071655e-02
4.260153323411941528e-02
1.344597432762384415e-02
9.733983129262924194e-02
5.253613740205764771e-02
-1.390949189662933350e-01
1.887265220284461975e-02
9.318703413009643555e-02
-8.986631408333778381e-03
8.788250386714935303e-02
-1.533181518316268921e-01
8.423302322626113892e-02
-6.080541014671325684e-02
1.504534631967544556e-01
-1.221547201275825500e-01
-7.318130880594253540e-02
-1.265977919101715088e-01
-3.184144198894500732e-02
-1.477510109543800354e-02
1.639721095561981201e-01
4.339516535401344299e-02
7.455657422542572021e-02
6.767020374536514282e-02
-7.668346166610717773e-02
7.985079288482666016e-02
7.749874889850616455e-02
-8.938528597354888916e-02
-1.074022278189659119e-01
3.004638105630874634e-02
-4.265349823981523514e-03
1.053052917122840881e-01
-1.468192189931869507e-01
2.249605208635330200e-02
-3.412139788269996643e-02
-8.443903177976608276e-02
2.686301741050556302e-05
1.028881147503852844e-01
-6.231556832790374756e-02
1.018717661499977112e-01
-1.215924099087715149e-01
-1.189330033957958221e-02
-9.705173224210739136e-02
3.943675011396408081e-02
4.376738518476486206e-02
6.136686727404594421e-02
6.449057161808013916e-02
-2.483181841671466827e-02
4.511283338069915771e-02
-1.794210374355316162e-01
5.160891637206077576e-02
-1.222955510020256042e-01
1.246736049652099609e-01
1.442143172025680542e-01
-3.247984126210212708e-02
2.081756889820098877e-01
1.894682049751281738e-01
-1.896950006484985352e-01
4.523535817861557007e-02
1.062761917710304260e-01
5.204458907246589661e-02
-1.301526725292205811e-01
8.572059124708175659e-02
-1.405682712793350220e-01
-7.756474614143371582e-02
1.580126024782657623e-02
4.981596022844314575e-02
1.875020377337932587e-02
-6.763371173292398453e-03
-8.741584420204162598e-02
-1.086811274290084839e-01
4.573974013328552246e-02
-4.923948273062705994e-02
-1.045093387365341187e-01
5.941835045814514160e-02
5.920091643929481506e-02
1.407884508371353149e-01
-1.005388423800468445e-01
6.254716217517852783e-02
-7.857657037675380707e-03
-2.892391383647918701e-02
4.862067848443984985e-02
2.644780836999416351e-02
5.302256718277931213e-02
-1.343028396368026733e-01
-1.339277774095535278e-01
-4.731493443250656128e-02
-4.388747911434620619e-04
-9.499814361333847046e-02
2.323314547538757324e-02
-7.843004167079925537e-02
-1.440445631742477417e-01
6.362362205982208252e-02
-1.721252948045730591e-01
-8.053030073642730713e-02
5.915385112166404724e-02
7.758387923240661621e-02
-4.202736914157867432e-02
-1.456092745065689087e-01
8.723624050617218018e-02
7.634429633617401123e-02
3.775938600301742554e-02
4.284469410777091980e-02
-1.172189116477966309e-01
-1.772449165582656860e-01
-1.077166795730590820e-01
9.586565941572189331e-02
-1.107089444994926453e-01
6.239203736186027527e-02
6.159639731049537659e-02
9.654361009597778320e-02
1.514547620899975300e-03
2.192519791424274445e-02
-1.289507746696472168e-01
-5.679209902882575989e-02
-7.814759761095046997e-02
-8.361553400754928589e-02
4.415621981024742126e-02
3.556217625737190247e-02
1.293614599853754044e-02
-1.344609707593917847e-01
5.300371907651424408e-03
9.231376647949218750e-02
-4.212921485304832458e-03
-4.032887890934944153e-02
2.048030644655227661e-01
-6.994801107794046402e-03
-1.471093203872442245e-02
-1.036995202302932739e-01
7.202671468257904053e-02
-6.336164474487304688e-02
3.828443959355354309e-02
9.804416447877883911e-02
-9.473967552185058594e-02
-7.934227585792541504e-02
-5.123700574040412903e-02
-1.067668572068214417e-01
1.097910702228546143e-01
-1.106934174895286560e-01
-7.513707131147384644e-02
-9.166523814201354980e-02
1.487279981374740601e-01
1.708363145589828491e-01
-8.522141724824905396e-02
-1.091278195381164551e-01
-1.102615967392921448e-01
-2.346794120967388153e-02
-9.612751752138137817e-02
9.210823103785514832e-03
-3.895495459437370300e-02
-1.204247474670410156e-01
-4.913780838251113892e-02
-5.826536566019058228e-02
2.168618738651275635e-01
-1.021981537342071533e-01
-1.686324328184127808e-01
1.759542152285575867e-02
1.618978232145309448e-01
5.655516684055328369e-02
9.832111001014709473e-02
-1.720728427171707153e-01
-9.775286167860031128e-02
-1.371111720800399780e-01
2.222173474729061127e-02
-7.971642166376113892e-02
-5.394345521926879883e-02
-5.999523773789405823e-02
4.888492822647094727e-02
-1.291858125478029251e-02
-2.160400748252868652e-01
-1.266405731439590454e-01
-1.432976722717285156e-01
1.963325217366218567e-02
-5.491054803133010864e-02
-6.495019793510437012e-02
-2.827942185103893280e-02
2.659520599991083145e-03
-7.229837356135249138e-04
1.414009630680084229e-01
-6.153693795204162598e-02
-6.556230783462524414e-02
-9.525314904749393463e-03
-4.858112335205078125e-02
-7.316444069147109985e-02
5.411485582590103149e-02
9.834039211273193359e-02
1.152767613530158997e-01
-1.210538819432258606e-01
7.560838479548692703e-03
-1.807682961225509644e-01
-1.135834679007530212e-01
7.263767719268798828e-02
-7.164683192968368530e-02
-1.245390623807907104e-01
-1.313590109348297119e-01
7.038797438144683838e-02
-1.391952037811279297e-01
-9.834638983011245728e-02
3.912491351366043091e-02
-1.410494446754455566e-01
-1.084934398531913757e-01
1.108063012361526489e-01
-3.447205573320388794e-02
-1.378384828567504883e-01
1.448421329259872437e-01
5.787822231650352478e-02
-3.971241042017936707e-02
-1.275910884141921997e-01
1.272235214710235596e-01
-5.162200704216957092e-02
-1.843172009103000164e-03
-1.025457382202148438e-01
9.619744122028350830e-02
-1.342047005891799927e-01
-8.521342277526855469e-02
1.011975407600402832e-01
1.216158345341682434e-01
-2.643251419067382812e-01
-6.958761811256408691e-02
-1.967786550521850586e-01
-5.619799345731735229e-02
-1.182854408398270607e-03
1.160797923803329468e-01
4.786841943860054016e-02
-2.297627925872802734e-01
-1.342767626047134399e-01
-2.200602889060974121e-01
-2.045627869665622711e-02
-4.797393456101417542e-02
1.610618643462657928e-02
1.195628866553306580e-01
-7.187372446060180664e-02
-1.074883118271827698e-01
3.213248029351234436e-02
1.213216260075569153e-01
-2.141534835100173950e-01
2.139081433415412903e-02
-2.575920149683952332e-02
1.707780510187149048e-01
7.958514615893363953e-03
9.022805094718933105e-02
-5.992851778864860535e-02
-7.454196020262315869e-05
-3.998433798551559448e-02
-7.422007183777168393e-05
2.149770408868789673e-01
-2.716799378395080566e-01
3.015147522091865540e-02
-1.238496676087379456e-01
1.313163787126541138e-01
-7.978157699108123779e-02
-2.198750674724578857e-01
-4.231119528412818909e-02
-1.452334597706794739e-02
-2.218155860900878906e-01
1.580400615930557251e-01
-2.738454937934875488e-02
-2.546843290328979492e-01
-1.967248469591140747e-01
1.893884502351284027e-03
-3.509993851184844971e-02
1.420296728610992432e-01
-2.978031290695071220e-03
1.319519579410552979e-01
-6.963194813579320908e-03
1.547656673938035965e-02
-1.437330618500709534e-02
-2.026541978120803833e-01
-2.098220735788345337e-01
-3.630263358354568481e-02
6.274694949388504028e-02
-1.894273310899734497e-01
4.041616246104240417e-02
5.445246770977973938e-02
7.798005640506744385e-02
-1.682426780462265015e-01
7.837220281362533569e-02
1.533958874642848969e-02
1.341277658939361572e-01
2.788485027849674225e-03
-1.166146397590637207e-01
1.325200684368610382e-02
1.510308682918548584e-01
-3.063197655137628317e-04
8.452694863080978394e-02
-2.484599128365516663e-02
-1.369911730289459229e-01
1.252973526716232300e-01
5.505687370896339417e-02
-1.539857983589172363e-01
1.281892955303192139e-01
-1.418442875146865845e-01
-9.021984040737152100e-02
1.984194368124008179e-01
3.064992278814315796e-02
4.160135239362716675e-02
-6.670016795396804810e-02
3.693897277116775513e-02
2.512074261903762817e-02
8.768907934427261353e-02
-1.133222877979278564e-01
3.838999429717659950e-03
-5.948643665760755539e-03
8.516959846019744873e-02
1.371646821498870850e-01
9.856002032756805420e-02
-6.114102900028228760e-02
-3.822873160243034363e-02
1.647374220192432404e-02
-1.613127253949642181e-02
-1.208710595965385437e-01
-4.251232743263244629e-02
-1.644349992275238037e-01
-1.748066395521163940e-02
4.081947728991508484e-02
-6.415802240371704102e-02
1.503367573022842407e-01
1.737728342413902283e-02
1.581064015626907349e-01
4.115258529782295227e-02
6.400118023157119751e-02
-4.587681964039802551e-02
1.076431572437286377e-01
5.330762360244989395e-03
1.307232379913330078e-01
8.820896036922931671e-03
-1.468061935156583786e-02
-6.767839193344116211e-02
-8.590205758810043335e-02
-1.807736009359359741e-01
-1.073628515005111694e-01
5.793748795986175537e-02
-1.486216485500335693e-01
-1.459670066833496094e-01
-7.400974631309509277e-02
9.111262112855911255e-02
-6.101766973733901978e-02
-7.285699993371963501e-02
-4.779227450489997864e-02
-1.482525914907455444e-01
-6.786672025918960571e-02
-1.614404097199440002e-02
1.145596951246261597e-01
1.054681837558746338e-01
-1.324201971292495728e-01
9.008756279945373535e-02
-1.687264442443847656e-02
-1.378989368677139282e-01
-1.205469593405723572e-01
-7.326447963714599609e-02
-1.119299754500389099e-01
-1.734801754355430603e-02
-1.092368811368942261e-01
-1.014280542731285095e-01
-7.641496509313583374e-02
-2.273178100585937500e-01
2.218147665262222290e-01
-1.505553126335144043e-01
9.536916762590408325e-02
3.580379486083984375e-02
2.669611945748329163e-02
-1.540436223149299622e-02
-5.631985142827033997e-02
1.487542092800140381e-01
-6.394122540950775146e-02
9.226460754871368408e-02
-1.532192230224609375e-01
4.197311401367187500e-02
-1.166991963982582092e-01
-1.406765729188919067e-01
-1.358974874019622803e-01
-1.681671142578125000e-01
-1.969620436429977417e-01
-1.739834100008010864e-01
-2.023193985223770142e-01
-1.536845564842224121e-01
-1.218728944659233093e-01
-1.040963456034660339e-01
9.127821773290634155e-03
6.574217975139617920e-02
-1.358748078346252441e-01
6.550742685794830322e-02
-5.317469686269760132e-02
-1.134493574500083923e-01
-5.330634117126464844e-02
-1.339062601327896118e-01
-3.358023241162300110e-02
2.117431536316871643e-02
2.100363075733184814e-01
1.000584475696086884e-02
-2.464155852794647217e-01
-3.195077925920486450e-02
-1.440641134977340698e-01
-1.200823262333869934e-01
5.751635134220123291e-02
-8.539111912250518799e-02
-8.956728130578994751e-02
1.090979352593421936e-01
3.262741118669509888e-02
-3.363791480660438538e-02
-2.678215801715850830e-01
-1.004433631896972656e-01
3.549301251769065857e-02
-3.171663731336593628e-02
8.177785575389862061e-02
2.563309371471405029e-01
1.480522900819778442e-01
7.171527296304702759e-02
-8.158949762582778931e-02
4.479015246033668518e-02
-7.982975989580154419e-02
1.194770187139511108e-01
3.482424467802047729e-02
1.252780556678771973e-01
2.229655161499977112e-02
9.146738797426223755e-03
1.100122369825839996e-02
1.439657509326934814e-01
2.784811146557331085e-02
-1.409261673688888550e-01
8.234847337007522583e-02
-1.490265130996704102e-01
2.002853006124496460e-01
2.200510166585445404e-02
5.945881456136703491e-02
-1.863575428724288940e-01
-1.354350126348435879e-03
9.444355219602584839e-02
-8.534254133701324463e-02
3.717504069209098816e-02
-2.449369058012962341e-02
-6.277225911617279053e-02
-1.949395537376403809e-01
-1.094532683491706848e-01
-9.183114022016525269e-02
3.060347400605678558e-02
4.732059687376022339e-02
-1.502078622579574585e-01
-9.083599597215652466e-02
8.000072091817855835e-02
-2.055556513369083405e-02
-5.141964554786682129e-02
6.193405389785766602e-02
-1.564005389809608459e-02
2.085947245359420776e-01
5.544731393456459045e-02
-1.227902099490165710e-01
-2.464636415243148804e-01
7.300919294357299805e-02
7.708374410867691040e-03
-1.250119507312774658e-01
8.973454684019088745e-02
8.489811420440673828e-02
2.155555337667465210e-01
-1.285580992698669434e-01
6.680598109960556030e-02
9.658392518758773804e-02
1.537139564752578735e-01
7.734602689743041992e-02
-1.090445742011070251e-01
2.526338584721088409e-02
3.247805312275886536e-02
-1.179919168353080750e-01
1.389956325292587280e-01
1.133471652865409851e-01
2.776500396430492401e-02
6.150148436427116394e-02
-2.938839234411716461e-02
-7.585585862398147583e-02
1.003532931208610535e-01
-6.529026478528976440e-02
-8.481667935848236084e-02
-2.484937384724617004e-02
8.106401562690734863e-02
1.996338600292801857e-03
4.631537571549415588e-02
3.822611644864082336e-02
-5.870349239557981491e-03
-7.243078202009201050e-02
1.878359541296958923e-02
-3.989953547716140747e-02
-2.217734754085540771e-01
-1.237141937017440796e-01
-2.519012987613677979e-01
-5.377129092812538147e-02
5.200145021080970764e-02
-6.923095323145389557e-03
-2.397777326405048370e-02
7.236167043447494507e-02
1.792271807789802551e-02
-3.920909762382507324e-02
-1.643573492765426636e-01
-1.782400310039520264e-01
1.502213533967733383e-02
-1.216170415282249451e-01
4.036981984972953796e-02
5.183919519186019897e-02
-6.680466700345277786e-03
-2.024451345205307007e-01
-3.951089829206466675e-02
-6.413145363330841064e-02
-8.344260603189468384e-02
-1.296202689409255981e-01
-9.530328214168548584e-02
-1.727253384888172150e-02
-1.399072706699371338e-01
6.211163848638534546e-02
-1.057463288307189941e-01
1.628563553094863892e-02
-5.219997838139533997e-02
-7.228677161037921906e-03
-1.409971266984939575e-01
-9.769149124622344971e-02
-7.378743588924407959e-02
-1.801080107688903809e-01
-9.627973288297653198e-02
-4.332714527845382690e-02
-6.711719185113906860e-02
-1.401811093091964722e-01
2.993571013212203979e-02
-3.411941602826118469e-02
-1.310157477855682373e-01
7.894166558980941772e-02
-1.955161243677139282e-01
-6.266430765390396118e-02
8.068458735942840576e-02
3.764736698940396309e-03
-1.640635356307029724e-02
