1.130906939506530762e-01
-6.064324826002120972e-02
-1.994017697870731354e-02
-6.001304090023040771e-02
-4.267954453825950623e-02
-1.066887974739074707e-01
-1.352773308753967285e-01
-4.499615356326103210e-02
5.763968825340270996e-02
-1.004107818007469177e-01
-7.177084684371948242e-02
4.050265252590179443e-02
-8.164208382368087769e-02
-1.261229719966650009e-02
9.858551621437072754e-02
-1.459741294384002686e-01
-1.219900045543909073e-02
-1.083223428577184677e-02
8.509128540754318237e-02
2.697885781526565552e-02
2.203787118196487427e-02
6.457053124904632568e-03
1.407345980405807495e-01
4.099455103278160095e-02
2.910397015511989594e-02
-1.296985298395156860e-01
3.796816244721412659e-02
1.070924103260040283e-02
1.145934611558914185e-01
-1.251879483461380005e-01
-5.921745300292968750e-02
-5.783720687031745911e-02
-1.468647718429565430e-01
-1.551539748907089233e-01
-9.852918237447738647e-02
1.230517029762268066e-01
-7.270643115043640137e-02
1.407988220453262329e-01
-3.246591240167617798e-02
3.792936727404594421e-02
-8.000295609235763550e-02
7.045914232730865479e-02
-1.005131602287292480e-01
-6.052334979176521301e-02
1.371719390153884888e-01
7.259526848793029785e-02
2.842124365270137787e-02
-1.063385307788848877e-01
4.451879486441612244e-02
1.259078234434127808e-01
-2.748438157141208649e-02
8.160791546106338501e-02
1.666770130395889282e-01
3.464688360691070557e-02
4.550812393426895142e-02
-1.081681549549102783e-01
-4.262100532650947571e-02
-2.319870144128799438e-02
-1.017699837684631348e-01
7.297955453395843506e-02
4.564591497182846069e-02
-7.320204377174377441e-02
3.746105125173926353e-03
2.284613996744155884e-02
-1.288323700428009033e-01
-3.932442516088485718e-02
1.302471477538347244e-02
-1.026296988129615784e-01
2.179969567805528641e-03
4.610818997025489807e-02
-2.764711389318108559e-03
1.414221823215484619e-01
-8.253383636474609375e-02
6.959123909473419189e-02
-6.454982794821262360e-04
-4.734954331070184708e-03
-9.837249666452407837e-02
2.478623948991298676e-02
-3.853371366858482361e-02
-8.890698105096817017e-02
7.333092391490936279e-02
-8.518779277801513672e-02
-1.495044212788343430e-02
1.470820233225822449e-02
-1.331858485937118530e-01
-1.606137752532958984e-01
1.158097945153713226e-02
-6.660676002502441406e-02
-1.206353455781936646e-01
-1.053638383746147156e-01
-6.760451942682266235e-02
3.487518802285194397e-02
-1.517359516583383083e-03
-8.488675951957702637e-02
5.233901739120483398e-02
-1.372900903224945068e-01
-3.552275896072387695e-02
9.007598459720611572e-02
1.887647248804569244e-02
-4.280934575945138931e-03
8.024287223815917969e-02
6.132128834724426270e-02
-1.289864629507064819e-01
-9.268169850111007690e-02
8.292909711599349976e-02
-7.504022121429443359e-02
-7.474546879529953003e-02
-9.713970869779586792e-02
-1.107997149229049683e-01
6.068897992372512817e-02
-8.234702795743942261e-02
1.333228126168251038e-02
-7.680591940879821777e-02
5.331096425652503967e-02
1.844587624073028564e-01
7.486827671527862549e-02
7.259343564510345459e-02
2.531410893425345421e-03
2.724612690508365631e-02
5.404024943709373474e-02
-8.041310310363769531e-02
1.735371351242065430e-02
1.329989582300186157e-01
1.018058359622955322e-01
9.359543770551681519e-02
-3.773507103323936462e-02
8.429152518510818481e-02
1.053070724010467529e-01
9.199312329292297363e-02
7.566116750240325928e-02
-1.424008160829544067e-01
3.386262059211730957e-02
-7.300710678100585938e-02
4.789692908525466919e-02
1.912067271769046783e-02
1.371158659458160400e-01
-1.237673163414001465e-01
1.856805570423603058e-02
1.150991022586822510e-01
-3.376907110214233398e-02
-7.417931407690048218e-02
-2.427706122398376465e-02
1.326891332864761353e-01
3.533495590090751648e-02
6.275586038827896118e-02
9.504238516092300415e-02
4.938847199082374573e-02
-1.027293801307678223e-01
-1.522903442382812500e-01
-5.008453875780105591e-02
8.692742884159088135e-02
-1.165741309523582458e-01
4.054129496216773987e-02
-9.617643803358078003e-02
5.346750840544700623e-03
1.037768423557281494e-01
-4.093443974852561951e-02
-6.200463697314262390e-02
-1.350552886724472046e-01
-3.321434929966926575e-02
9.277290850877761841e-02
3.057513758540153503e-02
-6.522846966981887817e-02
1.367416381835937500e-01
9.959489107131958008e-02
1.436362862586975098e-01
-1.242872420698404312e-02
1.759625785052776337e-02
-1.476497799158096313e-01
1.139811500906944275e-01
-2.122408244758844376e-03
1.165094301104545593e-01
-1.737513393163681030e-02
1.047179624438285828e-01
-1.204901039600372314e-01
-3.406769828870892525e-03
1.488596349954605103e-01
2.989834547042846680e-02
8.795627206563949585e-02
1.091347411274909973e-01
1.296267062425613403e-01
2.927894517779350281e-02
-4.887649416923522949e-02
2.758015692234039307e-02
-8.494616486132144928e-03
-4.626023024320602417e-02
9.538024663925170898e-02
5.707985907793045044e-02
7.711999863386154175e-02
1.731080859899520874e-01
-1.202537417411804199e-01
1.672528311610221863e-02
5.209518969058990479e-02
7.189822383224964142e-03
-8.042143285274505615e-02
-1.157402917742729187e-01
3.595799207687377930e-02
-1.052514240145683289e-01
-3.127054497599601746e-02
1.686480827629566193e-02
7.157646864652633667e-02
-7.335035502910614014e-02
-7.303806394338607788e-02
7.435446977615356445e-02
1.633116416633129120e-02
7.977316156029701233e-03
-7.567424792796373367e-03
-1.020175591111183167e-01
-1.180092468857765198e-01
6.237536296248435974e-02
-5.768539384007453918e-02
1.265082061290740967e-01
-2.962813153862953186e-02
6.634202599525451660e-02
1.557719111442565918e-01
3.164413571357727051e-02
-3.915066644549369812e-02
5.948019400238990784e-02
-8.156777173280715942e-02
6.064982339739799500e-02
-9.006359032355248928e-04
-1.402313709259033203e-01
-7.965030521154403687e-02
7.172849774360656738e-02
2.237571589648723602e-02
6.126723811030387878e-02
-4.092717543244361877e-02
-1.212479844689369202e-01
5.171497166156768799e-02
-8.848434686660766602e-02
-1.357235312461853027e-01
-1.768351532518863678e-02
-2.740795258432626724e-03
-1.180377975106239319e-01
8.921246230602264404e-02
-2.985584433190524578e-04
3.471260890364646912e-02
-1.656929403543472290e-02
-3.863707184791564941e-02
-1.291532516479492188e-01
5.641004815697669983e-02
-1.217810809612274170e-01
-7.235608249902725220e-02
3.120864182710647583e-02
-1.206172183156013489e-01
4.933999106287956238e-02
-5.894033610820770264e-02
-6.527384370565414429e-02
1.333303749561309814e-01
-4.794637486338615417e-02
-7.448574993759393692e-03
1.822497509419918060e-02
-5.433847755193710327e-02
2.912417985498905182e-02
-6.565476208925247192e-02
1.191112622618675232e-01
-8.585147559642791748e-02
4.027168080210685730e-02
-1.135944128036499023e-01
-5.439885333180427551e-02
-1.179711818695068359e-01
5.634297430515289307e-02
4.073971882462501526e-02
4.977900907397270203e-02
-6.571540236473083496e-02
-7.767188549041748047e-02
2.045976929366588593e-02
-1.738080941140651703e-02
1.170598436146974564e-02
1.165406480431556702e-01
6.637372542172670364e-03
3.234782069921493530e-02
2.136159501969814301e-02
1.001246552914381027e-02
2.163533354178071022e-03
9.437346458435058594e-02
-1.771761476993560791e-01
2.795148175209760666e-03
-1.510157343000173569e-02
7.635813206434249878e-02
-3.409007191658020020e-02
5.568970739841461182e-02
-6.317780911922454834e-02
4.596644639968872070e-02
-1.186698824167251587e-01
-1.550033688545227051e-01
1.168138682842254639e-01
5.877677351236343384e-02
6.521721929311752319e-02
1.026032119989395142e-01
-4.894746840000152588e-02
9.500674903392791748e-02
1.047649160027503967e-01
-1.706046760082244873e-01
-8.399091660976409912e-02
-1.493740710429847240e-03
1.183800026774406433e-01
3.582924371585249901e-03
2.508731186389923096e-02
1.075509376823902130e-02
-1.179127469658851624e-01
6.313785444945096970e-03
5.549899116158485413e-02
1.434808969497680664e-01
1.225058883428573608e-01
7.122695446014404297e-02
-9.857621043920516968e-02
-1.589568890631198883e-02
-2.427380904555320740e-02
3.121877275407314301e-02
-1.277181226760149002e-02
3.060632012784481049e-02
1.426505595445632935e-01
1.098145619034767151e-01
-1.337641626596450806e-01
-2.964190393686294556e-02
-9.928046911954879761e-02
-7.003224641084671021e-02
9.698715806007385254e-02
-4.850452765822410583e-02
-9.824593365192413330e-02
1.469240039587020874e-01
-1.225310489535331726e-01
2.201000303030014038e-01
-3.403405100107192993e-02
-1.024553701281547546e-01
1.418777257204055786e-01
8.463167399168014526e-02
-9.761406481266021729e-02
1.696774363517761230e-01
-2.012650854885578156e-02
-5.442603677511215210e-02
-1.655481010675430298e-01
2.935085073113441467e-02
-7.940650731325149536e-02
4.774908348917961121e-02
2.157902717590332031e-01
5.860308557748794556e-02
1.855584606528282166e-02
-5.667906627058982849e-02
4.598892293870449066e-03
6.589713692665100098e-02
1.235452964901924133e-01
-3.101829253137111664e-02
2.924550697207450867e-02
-8.073353767395019531e-02
2.209231071174144745e-02
1.202487349510192871e-01
1.343895792961120605e-01
-5.030281469225883484e-02
1.256088633090257645e-02
-2.664207294583320618e-02
6.237111985683441162e-02
7.628378272056579590e-02
7.696085423231124878e-02
-5.979258939623832703e-02
-2.361382916569709778e-02
-4.669476673007011414e-02
-4.379329830408096313e-02
-1.130870059132575989e-01
-1.492211874574422836e-02
6.542692333459854126e-02
1.108846217393875122e-01
-4.470455273985862732e-02
-1.250706017017364502e-01
1.008012294769287109e-01
3.274914622306823730e-02
4.533971846103668213e-02
1.875388175249099731e-01
-1.285906583070755005e-01
1.100441962480545044e-01
2.936101704835891724e-02
-1.440049707889556885e-01
-6.040974706411361694e-02
6.970770657062530518e-02
1.746503449976444244e-02
-1.318386048078536987e-01
2.665252238512039185e-02
1.037687212228775024e-01
3.984561562538146973e-02
2.884471416473388672e-02
-3.040947392582893372e-02
-1.376766245812177658e-02
-6.920655723661184311e-03
5.473616719245910645e-02
4.994261637330055237e-02
8.909506350755691528e-02
9.346556663513183594e-02
-7.678939402103424072e-02
2.909461036324501038e-02
-6.676236540079116821e-02
-2.669538371264934540e-02
9.627161920070648193e-02
-1.052078083157539368e-01
3.327045217156410217e-02
-1.237097829580307007e-01
3.639494627714157104e-02
-9.263022243976593018e-02
3.967594355344772339e-02
1.286753118038177490e-01
8.160068839788436890e-02
-1.443466916680335999e-02
1.864992640912532806e-02
-1.804448477923870087e-02
-5.243729054927825928e-02
5.869198963046073914e-02
3.140228986740112305e-02
5.293230712413787842e-02
-7.228745147585868835e-03
-8.305434882640838623e-02
2.486873418092727661e-02
-6.902986019849777222e-02
-9.855954349040985107e-02
-2.631980739533901215e-02
-9.250151365995407104e-02
4.764159023761749268e-02
1.131722852587699890e-01
-8.032654970884323120e-02
-1.073349863290786743e-01
-5.703908950090408325e-02
-9.363597631454467773e-02
1.388750970363616943e-01
-1.371288448572158813e-01
4.802434123121201992e-04
-1.225589141249656677e-01
-7.966742664575576782e-02
-1.052650213241577148e-01
-4.978314973413944244e-03
-1.211542785167694092e-01
-9.385473281145095825e-02
3.854327276349067688e-02
-2.615384990349411964e-03
-1.123982518911361694e-01
4.849606752395629883e-02
-2.264050766825675964e-02
9.799214452505111694e-02
-2.126114070415496826e-02
1.244795322418212891e-01
-3.593525290489196777e-02
1.164607182145118713e-01
-1.387564241886138916e-01
-4.666677489876747131e-02
-1.244537681341171265e-01
8.068793267011642456e-02
6.053857505321502686e-03
-2.598086139187216759e-03
1.070354040712118149e-02
-1.088960170745849609e-01
-1.668311953544616699e-01
-3.482855111360549927e-02
6.211750954389572144e-02
7.849097996950149536e-02
-1.157424300909042358e-01
5.474941059947013855e-02
-1.377592533826828003e-01
6.893097609281539917e-02
9.587520360946655273e-02
5.898450687527656555e-02
-1.044452786445617676e-01
-1.048911511898040771e-01
-2.909690514206886292e-02
1.322645246982574463e-01
5.406980216503143311e-02
-5.642770230770111084e-02
1.583053357899188995e-02
1.008576303720474243e-01
1.445168107748031616e-01
1.040688063949346542e-02
-6.228787079453468323e-02
-1.248761340975761414e-01
7.738423347473144531e-02
-1.329525262117385864e-01
-9.265080839395523071e-02
-9.366388618946075439e-02
1.015650033950805664e-01
-1.001679804176092148e-02
-4.168609157204627991e-02
-2.100763656198978424e-02
-1.988932192325592041e-01
2.920529618859291077e-02
-6.227870658040046692e-02
-1.749571561813354492e-01
8.238794654607772827e-02
-6.265219300985336304e-02
1.729909926652908325e-01
7.410617917776107788e-02
1.011189296841621399e-01
1.918022707104682922e-02
1.339056529104709625e-02
3.726356476545333862e-02
-7.869231700897216797e-02
-4.569036886096000671e-02
-6.439296063035726547e-03
6.147795915603637695e-02
-8.794870227575302124e-02
-4.275075718760490417e-02
-8.230041712522506714e-02
1.651457883417606354e-02
1.330935657024383545e-01
3.981345891952514648e-02
-9.008005261421203613e-02
1.351357549428939819e-01
2.767560444772243500e-02
1.323380228132009506e-02
-4.888255521655082703e-02
1.256425082683563232e-01
7.131996005773544312e-02
-3.820112347602844238e-02
9.033410251140594482e-02
-7.890430092811584473e-02
9.643149375915527344e-02
-1.120502054691314697e-01
-1.044904515147209167e-01
-1.192246228456497192e-01
-3.421464934945106506e-02
1.089595556259155273e-01
-9.667219966650009155e-02
2.918657287955284119e-02
-2.451408468186855316e-02
2.511357329785823822e-02
-4.447303712368011475e-02
2.362189814448356628e-03
-6.186657398939132690e-02
-1.721100322902202606e-02
1.645802408456802368e-01
-2.248941548168659210e-02
-1.612426526844501495e-02
-7.817946374416351318e-02
-1.833026111125946045e-01
2.602354437112808228e-02
1.607464998960494995e-01
6.833947449922561646e-02
7.060816138982772827e-02
-3.442961722612380981e-02
-7.897874712944030762e-02
-9.168439358472824097e-02
-7.974897325038909912e-02
-1.151992082595825195e-01
1.397650688886642456e-01
1.076908782124519348e-01
-1.981082372367382050e-02
-8.936467766761779785e-02
1.290055364370346069e-01
2.451696991920471191e-02
-2.034759707748889923e-02
8.008224517107009888e-02
9.444276243448257446e-02
2.170019969344139099e-02
-1.025304943323135376e-01
-1.656818576157093048e-02
-8.053533732891082764e-02
9.324485063552856445e-02
-1.790303364396095276e-02
2.495804615318775177e-02
-7.162281125783920288e-02
1.035609096288681030e-01
1.041816771030426025e-01
-4.282486066222190857e-02
4.536509141325950623e-02
-1.355821033939719200e-03
-6.925328075885772705e-02
1.500055193901062012e-02
1.209294945001602173e-01
-1.163566578179597855e-02
-3.459801524877548218e-02
1.138981580734252930e-01
4.602438583970069885e-02
1.087811589241027832e-01
-2.109139226377010345e-03
-1.140866894274950027e-03
-8.305716514587402344e-02
7.262506335973739624e-02
1.067439988255500793e-01
8.673442900180816650e-02
-1.311050802469253540e-01
-6.459159194491803646e-04
4.254718311131000519e-03
1.021067649126052856e-01
8.935913443565368652e-02
5.306184291839599609e-02
4.143971577286720276e-02
-5.449191108345985413e-02
2.315786294639110565e-02
-1.621099263429641724e-01
1.192993447184562683e-01
-6.310112774372100830e-02
1.732869595289230347e-01
2.941765822470188141e-02
5.295500159263610840e-02
7.351166009902954102e-02
-8.330413699150085449e-02
5.441237241029739380e-02
2.275805920362472534e-02
-3.529096394777297974e-02
-1.588373817503452301e-02
-4.932796955108642578e-02
-2.451369352638721466e-02
-9.917099773883819580e-02
-4.011977463960647583e-02
-5.063283070921897888e-02
7.537091523408889771e-02
-1.523017883300781250e-03
-9.496500343084335327e-02
7.085971534252166748e-02
-3.196709975600242615e-02
9.531328082084655762e-02
-8.646382391452789307e-02
9.976232051849365234e-02
-6.448036432266235352e-02
-9.537795931100845337e-02
1.005058828741312027e-02
1.393568515777587891e-02
-9.483911097049713135e-02
1.314833313226699829e-01
7.474482804536819458e-02
-5.624298751354217529e-02
-2.072417363524436951e-02
7.705663889646530151e-02
3.046087361872196198e-02
1.850911825895309448e-01
-3.003861382603645325e-02
3.484758734703063965e-02
-8.721640706062316895e-02
1.601177640259265900e-02
6.449390202760696411e-02
8.096825331449508667e-02
-1.632988899946212769e-01
3.655553981661796570e-02
7.831931859254837036e-02
-4.314098134636878967e-02
1.065753772854804993e-01
6.293062120676040649e-02
-4.862813279032707214e-02
-4.034351557493209839e-02
1.363586541265249252e-02
-8.701264858245849609e-02
8.101359754800796509e-02
-1.555280876345932484e-03
-7.828188687562942505e-02
-8.301660418510437012e-02
1.069112643599510193e-01
-6.967791169881820679e-02
-2.059721201658248901e-02
-3.540341556072235107e-02
1.351312845945358276e-01
-2.260684967041015625e-02
-9.249004535377025604e-03
1.250151842832565308e-01
7.418160326778888702e-03
-1.533679217100143433e-01
-5.571628734469413757e-02
4.127667844295501709e-02
1.868076026439666748e-01
-7.484595477581024170e-02
3.868572786450386047e-02
7.158473134040832520e-02
-1.851212116889655590e-03
8.802317082881927490e-02
4.207304492592811584e-02
-7.079081237316131592e-02
1.301359534263610840e-01
1.914377138018608093e-02
-1.043188124895095825e-01
1.294182538986206055e-01
1.046405136585235596e-01
5.737172439694404602e-02
5.481044203042984009e-02
-1.277123987674713135e-01
-1.541993767023086548e-01
-1.581585966050624847e-02
1.616266369819641113e-02
-7.850281149148941040e-02
4.780574142932891846e-02
-7.793368399143218994e-02
-2.131725288927555084e-02
2.729223109781742096e-02
-9.121846407651901245e-02
7.874088734388351440e-02
-8.081246167421340942e-02
-2.795885130763053894e-02
-7.375524938106536865e-02
8.686044067144393921e-02
1.175591349601745605e-01
1.159488484263420105e-01
7.027664221823215485e-03
-6.476690620183944702e-02
1.130529493093490601e-02
7.725217938423156738e-02
-6.317724008113145828e-03
-1.015408057719469070e-02
-4.372207820415496826e-02
-1.174895241856575012e-01
1.351075023412704468e-01
7.579472661018371582e-02
-6.832253932952880859e-02
-7.371318340301513672e-02
-6.633631139993667603e-02
1.183654181659221649e-02
-4.068492352962493896e-02
-1.519793570041656494e-01
9.393393062055110931e-03
8.702634274959564209e-02
5.478356406092643738e-02
-5.475339293479919434e-02
-1.482000946998596191e-01
1.280444264411926270e-01
-5.939239170402288437e-03
7.145924121141433716e-02
-3.251162171363830566e-02
-6.722410768270492554e-02
-8.632272481918334961e-03
-1.110478341579437256e-01
1.726827397942543030e-02
-8.139680721797049046e-04
9.074673056602478027e-02
7.431799173355102539e-02
-1.438516974449157715e-01
7.252492755651473999e-02
-8.729358762502670288e-02
-8.763666264712810516e-03
1.428410708904266357e-01
1.505836993455886841e-01
9.402593970298767090e-02
6.953933089971542358e-02
-4.130038246512413025e-02
5.595280975103378296e-02
-3.946255519986152649e-02
-8.596179634332656860e-02
1.041844636201858521e-01
1.644543707370758057e-01
-1.362201385200023651e-02
1.206658780574798584e-01
1.976234912872314453e-01
9.529267251491546631e-02
-9.123709052801132202e-02
-1.048010680824518204e-02
-1.418076604604721069e-01
-7.094370573759078979e-02
-2.881071902811527252e-02
3.372942656278610229e-02
1.115138605237007141e-01
9.760477393865585327e-02
-8.575217425823211670e-02
-8.017458021640777588e-02
-1.940275542438030243e-02
7.061333954334259033e-02
3.723930194973945618e-02
-7.458657026290893555e-02
-7.708633691072463989e-02
7.511291652917861938e-02
-6.143495067954063416e-02
1.748162806034088135e-01
1.754648238420486450e-01
-9.431748092174530029e-02
3.010282851755619049e-02
2.756646648049354553e-02
1.175302919000387192e-02
1.769328303635120392e-02
1.665493845939636230e-01
-4.542347416281700134e-02
2.976321242749691010e-02
1.551761105656623840e-02
1.173122748732566833e-01
1.158504858613014221e-01
1.522103250026702881e-01
2.775855129584670067e-03
-7.102634757757186890e-03
8.878863602876663208e-02
2.299150638282299042e-02
1.408071517944335938e-01
-9.783335030078887939e-02
1.478787511587142944e-01
-7.103574275970458984e-02
1.256966143846511841e-01
-3.410281380638480186e-03
2.516518346965312958e-02
-1.014581471681594849e-01
4.945154860615730286e-02
1.536302715539932251e-01
6.734634935855865479e-02
-6.185519695281982422e-02
3.799633681774139404e-02
-1.176949962973594666e-01
1.082320958375930786e-01
-9.285254031419754028e-02
-1.908227987587451935e-02
-6.104463338851928711e-02
-1.991872861981391907e-02
-7.359650731086730957e-02
4.958759993314743042e-02
6.669227033853530884e-02
-9.441474080085754395e-02
1.432841718196868896e-01
1.373508870601654053e-01
6.115725263953208923e-02
1.153623983263969421e-01
1.468083560466766357e-01
1.034086793661117554e-01
-1.141883507370948792e-01
-1.254754513502120972e-01
-1.110835094004869461e-02
9.428817033767700195e-02
-8.787748962640762329e-02
-4.884526133537292480e-03
-1.652020774781703949e-02
5.736834183335304260e-02
5.157573521137237549e-02
6.168105453252792358e-02
-6.740234047174453735e-02
3.487581759691238403e-02
-4.459943994879722595e-02
-3.789879381656646729e-02
-1.197237074375152588e-01
2.466519922018051147e-02
-9.637836366891860962e-02
1.254214644432067871e-01
-1.053075492382049561e-01
-1.214847806841135025e-02
9.090207517147064209e-02
8.513311296701431274e-02
-3.002309054136276245e-02
2.420780993998050690e-02
-6.767195463180541992e-02
-1.192841380834579468e-01
6.353061646223068237e-02
4.522658139467239380e-02
1.017611250281333923e-01
-1.340944916009902954e-01
8.582242578268051147e-02
-7.421873509883880615e-03
3.590055182576179504e-02
-3.955382853746414185e-02
-6.752172857522964478e-02
6.211174279451370239e-02
2.515958622097969055e-03
2.460007369518280029e-02
-4.150745272636413574e-02
-1.130905225872993469e-01
-7.539207488298416138e-02
1.250052750110626221e-01
-2.174130640923976898e-02
-2.393214590847492218e-02
1.405156701803207397e-01
-4.568438231945037842e-02
-1.256688535213470459e-01
-2.199067175388336182e-02
1.635629087686538696e-01
7.254988700151443481e-02
-4.399403557181358337e-02
-1.446730643510818481e-01
-4.930527135729789734e-02
-1.352291852235794067e-01
-7.664076983928680420e-02
2.444745227694511414e-02
-4.412033781409263611e-02
5.451116710901260376e-02
5.052119120955467224e-02
-4.840607196092605591e-02
1.300526857376098633e-01
-1.018615625798702240e-02
7.221835851669311523e-02
-7.406032830476760864e-02
9.562839753925800323e-03
6.717661861330270767e-03
-5.163910333067178726e-03
1.477295607328414917e-01
1.712504178285598755e-01
-3.456928580999374390e-02
1.813140697777271271e-02
2.361351549625396729e-01
-1.188411861658096313e-01
5.451811850070953369e-02
-1.124866828322410583e-01
-8.354485780000686646e-02
3.612134233117103577e-02
6.589695112779736519e-04
-2.769040130078792572e-02
-6.486307084560394287e-02
-3.128871694207191467e-02
-1.027220487594604492e-02
3.826179355382919312e-02
-8.278293907642364502e-02
2.358540520071983337e-02
-6.357058882713317871e-02
4.401924833655357361e-02
-8.986863493919372559e-02
-1.472299546003341675e-01
-4.850619286298751831e-02
6.589254364371299744e-03
-8.704594522714614868e-02
-7.355453073978424072e-02
1.045176014304161072e-01
1.482168585062026978e-01
-7.059121131896972656e-02
3.546893969178199768e-02
-1.294578146189451218e-02
-9.776460379362106323e-02
2.271515130996704102e-02
1.209237612783908844e-02
-1.198651790618896484e-01
-8.270549029111862183e-02
9.985531121492385864e-02
3.321325033903121948e-02
-5.306449532508850098e-02
-2.346495352685451508e-02
6.868669390678405762e-02
4.641753062605857849e-02
1.223484799265861511e-01
-2.619098499417304993e-02
-7.490402460098266602e-02
-8.821955882012844086e-03
-4.523743316531181335e-02
-6.206953898072242737e-02
5.398546531796455383e-02
-1.358061283826828003e-01
-8.635204285383224487e-02
4.769685678184032440e-03
4.708741232752799988e-02
-5.957114696502685547e-02
-1.392428879626095295e-03
2.405024692416191101e-02
-1.352904886007308960e-01
-4.898120090365409851e-02
3.533134236931800842e-02
-6.591654848307371140e-03
-2.475245110690593719e-02
3.259626403450965881e-02
1.047871112823486328e-01
-3.697619214653968811e-02
3.464467078447341919e-02
6.676079332828521729e-02
-8.222292363643646240e-02
5.211251229047775269e-02
1.736398488283157349e-01
-1.274066865444183350e-01
-8.760105073451995850e-02
-1.313532441854476929e-01
-6.290568411350250244e-02
-1.222814768552780151e-01
-3.274822235107421875e-02
-8.789044618606567383e-02
-4.580892994999885559e-02
5.426100268959999084e-02
-8.541306108236312866e-02
-9.751830250024795532e-02
-1.076442375779151917e-01
1.572704762220382690e-01
-5.612299218773841858e-02
-6.212228909134864807e-02
-9.986804425716400146e-02
7.907339930534362793e-02
-1.060073226690292358e-01
-7.328020036220550537e-02
-1.316789388656616211e-01
2.480068616569042206e-02
2.320688776671886444e-02
1.761447638273239136e-01
1.277243793010711670e-01
4.551439359784126282e-02
1.511343866586685181e-01
-5.106060579419136047e-02
3.825974836945533752e-02
6.006814539432525635e-02
-7.098377216607332230e-03
7.274953275918960571e-02
-4.105473309755325317e-02
-2.503483369946479797e-02
-4.430932179093360901e-02
-7.479069381952285767e-02
-1.419174224138259888e-01
-1.000747159123420715e-01
-8.933889865875244141e-02
-4.154433310031890869e-02
-1.232187915593385696e-02
7.422191649675369263e-02
4.433758091181516647e-03
-1.014897450804710388e-01
-1.096280217170715332e-01
-1.316672116518020630e-01
-3.992987051606178284e-02
3.105740435421466827e-02
5.809598416090011597e-02
-4.736523702740669250e-02
4.586697742342948914e-02
1.103062406182289124e-01
7.271618396043777466e-02
-3.374481201171875000e-02
-4.424288496375083923e-02
-8.436372876167297363e-02
-8.924491703510284424e-02
8.496458828449249268e-02
1.101473569869995117e-01
9.764626622200012207e-02
-1.458029169589281082e-02
1.186453700065612793e-01
2.047658199444413185e-03
-1.154329627752304077e-01
7.221046835184097290e-02
-8.149687200784683228e-02
1.014026477932929993e-01
-1.063909754157066345e-01
-2.390679344534873962e-02
-7.922889292240142822e-02
1.557888090610504150e-01
1.523022055625915527e-01
1.203609108924865723e-01
-3.097389824688434601e-03
-6.183028221130371094e-02
-5.414730682969093323e-02
-1.292597800493240356e-01
1.241416856646537781e-01
-1.017472594976425171e-01
-1.578222662210464478e-01
-6.936156004667282104e-02
4.949047788977622986e-02
5.955261737108230591e-02
-1.972167566418647766e-02
-1.744499616324901581e-02
-1.009605303406715393e-01
-4.433081299066543579e-02
8.632447570562362671e-02
1.138233579695224762e-02
-5.685205012559890747e-02
1.243416517972946167e-01
-7.937745004892349243e-02
-8.378157019615173340e-02
-6.478954851627349854e-02
2.384719997644424438e-02
8.368227630853652954e-02
-2.901916950941085815e-02
-1.257831752300262451e-01
-6.968727707862854004e-02
1.437017507851123810e-02
1.453115022741258144e-03
-5.060490220785140991e-03
9.190098196268081665e-02
7.216842472553253174e-02
1.064870879054069519e-01
-8.164284378290176392e-02
-9.513992071151733398e-02
-4.472866281867027283e-02
5.664912983775138855e-02
-2.006361819803714752e-02
9.198303520679473877e-02
7.710901647806167603e-02
1.046570688486099243e-01
3.877934068441390991e-02
1.062016114592552185e-01
1.557517517358064651e-02
9.121236391365528107e-03
1.834421791136264801e-02
1.541604474186897278e-02
-3.888209164142608643e-02
1.228170394897460938e-01
1.258371174335479736e-01
-5.329790711402893066e-02
1.330260038375854492e-01
-1.035407409071922302e-01
-1.345161497592926025e-01
-5.584559589624404907e-02
-1.196056604385375977e-01
2.368762902915477753e-02
5.225677043199539185e-02
-7.526506483554840088e-02
8.847050368785858154e-02
7.347701489925384521e-02
-3.641593083739280701e-02
1.888320222496986389e-02
-7.154395431280136108e-02
9.718969464302062988e-02
-4.896878078579902649e-02
5.556982010602951050e-02
-1.654560267925262451e-01
-7.029699534177780151e-02
-5.812117084860801697e-02
-9.534243494272232056e-02
-1.590046733617782593e-01
-1.482157688587903976e-02
-4.011255223304033279e-03
-1.317717134952545166e-02
-1.259798109531402588e-01
-8.166000247001647949e-02
-1.971216686069965363e-02
8.309068158268928528e-03
1.835159771144390106e-02
-8.380455523729324341e-02
8.349665254354476929e-02
2.687882632017135620e-02
9.836681932210922241e-02
3.905972838401794434e-02
3.079675324261188507e-02
9.102312475442886353e-02
-2.765921317040920258e-02
1.064770575612783432e-02
1.137333959341049194e-01
-8.445566520094871521e-03
-7.819375395774841309e-02
1.612229831516742706e-02
-7.360433042049407959e-02
-1.372571382671594620e-02
-1.723448932170867920e-01
-6.517783552408218384e-02
-6.624167412519454956e-02
-1.228147838264703751e-02
-1.244522724300622940e-02
1.753195226192474365e-01
-1.953618787229061127e-02
1.148247048258781433e-01
-9.265881031751632690e-02
9.883899241685867310e-02
-4.752580821514129639e-02
1.074620801955461502e-02
-1.159761175513267517e-01
-6.251519173383712769e-02
1.792808435857295990e-02
4.056070372462272644e-02
-1.911240629851818085e-02
-1.443105638027191162e-01
7.901417464017868042e-02
-9.005447477102279663e-02
9.963676566258072853e-04
1.340969204902648926e-01
1.186536774039268494e-01
-1.396977994590997696e-02
1.197837889194488525e-01
-5.560787767171859741e-02
1.378664970397949219e-01
-5.422864854335784912e-02
-1.275531798601150513e-01
4.852759465575218201e-02
9.112419188022613525e-02
7.187990844249725342e-02
9.628005325794219971e-02
1.601951867341995239e-01
7.025195658206939697e-02
8.202853798866271973e-02
2.071578204631805420e-01
-3.727316111326217651e-02
1.517843604087829590e-01
1.588035672903060913e-01
8.353868126869201660e-02
1.334568411111831665e-01
4.255366697907447815e-02
4.015604779124259949e-02
-8.006769418716430664e-02
-5.175149440765380859e-02
7.648134976625442505e-02
8.606082946062088013e-02
-5.363374575972557068e-02
1.815622299909591675e-02
1.262674778699874878e-01
-3.156270831823348999e-02
8.190264552831649780e-02
-5.569363012909889221e-02
1.417785882949829102e-02
-5.718952417373657227e-02
5.050446465611457825e-02
9.085332602262496948e-02
-2.755634672939777374e-02
-5.281655862927436829e-02
1.050874963402748108e-01
-3.676198795437812805e-02
5.846552550792694092e-03
-5.312042310833930969e-02
3.183651715517044067e-02
-2.135011926293373108e-02
1.265364736318588257e-01
2.673901617527008057e-02
-1.260353177785873413e-01
1.673694849014282227e-01
1.160528585314750671e-01
4.877178370952606201e-02
-1.607341915369033813e-01
-7.560168951749801636e-02
-5.477892979979515076e-02
1.595712453126907349e-01
4.956309124827384949e-02
-2.337902598083019257e-02
9.026620537042617798e-02
-1.369111537933349609e-01
-4.442394152283668518e-02
-1.603730320930480957e-01
-5.585564672946929932e-02
5.645924434065818787e-02
1.318990439176559448e-02
4.716090392321348190e-03
1.688552051782608032e-01
4.479574039578437805e-02
2.269128523766994476e-02
9.337949752807617188e-02
-3.199971094727516174e-02
1.281808018684387207e-01
-9.533821791410446167e-02
1.185975447297096252e-01
5.416788533329963684e-02
5.297010391950607300e-02
-1.183902993798255920e-01
-1.093592122197151184e-01
-1.698332466185092926e-02
-2.160140685737133026e-02
8.234628476202487946e-03
2.232789434492588043e-02
-7.281557470560073853e-02
-5.737382918596267700e-02
-1.315836980938911438e-02
-4.668572917580604553e-03
-9.960032999515533447e-02
-4.146916046738624573e-02
-9.254739433526992798e-02
7.265708595514297485e-02
8.765964955091476440e-02
-2.075883187353610992e-02
9.579685330390930176e-02
1.601611226797103882e-01
-1.089502684772014618e-02
1.459180004894733429e-02
-2.129414677619934082e-02
-7.335852831602096558e-02
-1.074667870998382568e-01
1.874667126685380936e-03
-2.139721624553203583e-02
9.053825400769710541e-03
6.126239523291587830e-02
-2.622049674391746521e-02
8.850476145744323730e-02
7.597091048955917358e-02
1.324227079749107361e-02
-7.053712010383605957e-02
6.544303148984909058e-02
-4.202450159937143326e-03
1.682552248239517212e-01
1.571015864610671997e-01
1.276753544807434082e-01
1.226717159152030945e-01
1.072958633303642273e-01
1.155513972043991089e-01
-8.281888067722320557e-02
3.874537348747253418e-02
-1.184969693422317505e-01
1.305710524320602417e-01
1.152368113398551941e-01
9.928333573043346405e-03
-5.413357168436050415e-02
-1.202082559466362000e-01
8.074942231178283691e-02
-7.767789810895919800e-02
1.051271408796310425e-01
6.028756033629179001e-03
-2.032953687012195587e-02
6.325035821646451950e-03
8.229427039623260498e-02
4.801377281546592712e-02
1.260410249233245850e-01
-1.328564882278442383e-01
-2.701925858855247498e-02
-6.751697044819593430e-03
3.717814758419990540e-02
1.473297476768493652e-01
4.226321727037429810e-02
2.710608020424842834e-02
-8.993882685899734497e-02
2.142257057130336761e-02
1.670074462890625000e-01
1.058213040232658386e-01
1.285402774810791016e-01
5.198278650641441345e-02
-3.295797389000654221e-03
1.051858589053153992e-01
7.278644293546676636e-02
6.476099044084548950e-02
-7.129992544651031494e-02
3.536207601428031921e-02
5.570627003908157349e-02
4.378909990191459656e-02
8.325952291488647461e-02
-1.384531240910291672e-02
2.785419486463069916e-02
-1.433310937136411667e-02
-5.488243699073791504e-02
-5.686520040035247803e-02
-5.213984102010726929e-02
9.690347313880920410e-02
7.472555339336395264e-02
1.102856546640396118e-01
1.074168011546134949e-01
3.925804048776626587e-03
-2.464691363275051117e-02
5.122952163219451904e-02
-2.282154932618141174e-02
4.924437496811151505e-03
-3.923324868083000183e-02
1.046927496790885925e-01
1.248305514454841614e-01
4.028389602899551392e-02
-1.096809804439544678e-01
-8.404166996479034424e-02
-8.714467287063598633e-02
9.443391859531402588e-02
1.963130943477153778e-02
2.420519851148128510e-02
8.680567890405654907e-02
3.507950529456138611e-02
-9.519104659557342529e-02
-1.446250593289732933e-03
-3.793101012706756592e-02
-1.651820726692676544e-02
4.500702023506164551e-02
1.648037284612655640e-01
-9.888013452291488647e-02
-1.203651800751686096e-01
1.348905414342880249e-01
4.151194542646408081e-02
8.806923776865005493e-02
8.294275030493736267e-03
1.096158027648925781e-01
1.277057230472564697e-01
-1.088010221719741821e-01
4.833225905895233154e-02
1.180312596261501312e-02
3.964243456721305847e-02
-1.249917596578598022e-01
-7.588922977447509766e-02
1.104413494467735291e-01
-1.145850270986557007e-01
-8.369597047567367554e-02
1.263775378465652466e-01
-1.231448948383331299e-01
7.912425696849822998e-02
-5.617927759885787964e-02
5.240567028522491455e-02
1.010966524481773376e-01
7.551236078143119812e-03
-5.503454431891441345e-02
1.516436189413070679e-01
-8.688234537839889526e-02
-9.235718101263046265e-02
-1.296295672655105591e-01
-1.020674686878919601e-02
5.095201358199119568e-02
1.273945420980453491e-01
-8.833517879247665405e-02
-3.339882194995880127e-02
4.519793763756752014e-02
1.107753515243530273e-01
-4.016104713082313538e-02
-4.465685039758682251e-02
9.593706578016281128e-03
9.740919619798660278e-02
1.357007175683975220e-01
-3.054201416671276093e-02
-2.520644105970859528e-02
-1.123279612511396408e-02
1.306853592395782471e-01
9.368547238409519196e-03
1.014938279986381531e-01
-9.622706472873687744e-02
4.475305974483489990e-02
-1.057257130742073059e-01
-9.073109924793243408e-02
6.397600471973419189e-02
-9.335803240537643433e-02
9.214387834072113037e-02
1.135704014450311661e-02
9.430740028619766235e-03
6.779898703098297119e-02
1.921309530735015869e-02
1.074224635958671570e-01
-7.758275419473648071e-02
-1.901793642900884151e-03
1.169769763946533203e-01
-1.361444890499114990e-01
1.273968443274497986e-02
-4.576297104358673096e-02
1.449433863162994385e-01
-1.255286186933517456e-01
-4.150234907865524292e-02
4.042307659983634949e-02
2.397829294204711914e-02
-1.300871968269348145e-01
-1.078415066003799438e-01
7.963924854993820190e-02
-1.389399170875549316e-01
6.882323324680328369e-02
3.813978284597396851e-02
1.272477060556411743e-01
-2.036473900079727173e-02
2.621395513415336609e-02
3.712423203978687525e-04
-3.132895007729530334e-02
-1.545889228582382202e-01
1.790259592235088348e-02
-8.979613333940505981e-02
6.517433375120162964e-02
5.198079720139503479e-02
5.965363606810569763e-02
4.661404527723789215e-03
3.943473473191261292e-02
-3.741963580250740051e-02
9.272918850183486938e-02
4.037159308791160583e-02
2.680284902453422546e-02
4.540926218032836914e-02
-1.203655228018760681e-01
-9.831804782152175903e-02
1.324324458837509155e-01
7.503417879343032837e-02
1.252726763486862183e-01
4.675462469458580017e-02
-2.591380849480628967e-02
1.192673225887119770e-03
8.391490578651428223e-02
-1.213478576391935349e-02
-9.389919787645339966e-02
4.787107184529304504e-02
1.142075983807444572e-03
-1.457277685403823853e-01
1.041261758655309677e-02
-1.030956283211708069e-01
5.762532353401184082e-03
3.618361428380012512e-02
-2.837098902091383934e-03
8.823830634355545044e-02
-9.034092538058757782e-03
1.236151084303855896e-01
1.355485767126083374e-01
6.010066345334053040e-02
1.172548308968544006e-01
-2.844169177114963531e-02
-8.840682916343212128e-03
2.870615758001804352e-02
-3.319632029160857201e-03
9.938839077949523926e-02
-1.053779497742652893e-01
5.382597818970680237e-02
-3.558415547013282776e-02
2.335214056074619293e-02
-2.377937175333499908e-02
-9.379580616950988770e-02
6.408102810382843018e-02
-9.395585954189300537e-02
-1.218028441071510315e-01
-1.808827370405197144e-01
-1.588562577962875366e-01
-1.331037580966949463e-01
1.343396157026290894e-01
-2.488388912752270699e-03
7.011353969573974609e-02
-1.228775084018707275e-01
1.287050396203994751e-01
1.768371015787124634e-01
3.331997245550155640e-02
6.836434453725814819e-02
4.092071205377578735e-02
-7.991104573011398315e-02
-1.245157886296510696e-02
3.615801036357879639e-02
-2.190552093088626862e-02
8.172087371349334717e-02
9.716656059026718140e-02
-1.076813600957393646e-02
-5.471177399158477783e-02
-1.563239395618438721e-01
-9.196404367685317993e-03
1.631460040807723999e-01
1.155917719006538391e-01
1.028640121221542358e-01
-5.937814339995384216e-02
5.872604995965957642e-02
6.475380063056945801e-02
4.193190112709999084e-02
-4.055687412619590759e-02
4.184976592659950256e-02
4.675284400582313538e-02
-8.205928839743137360e-03
9.229043871164321899e-02
1.041576042771339417e-01
-1.377939879894256592e-01
-5.908241728320717812e-04
-9.657558798789978027e-02
1.860695779323577881e-01
1.075524911284446716e-01
-9.496751427650451660e-02
6.993771996349096298e-03
1.333477199077606201e-01
-2.596413716673851013e-03
2.817528508603572845e-02
1.994703114032745361e-01
-4.672021791338920593e-02
4.225590452551841736e-02
8.130808174610137939e-02
-8.405582606792449951e-02
-7.042094320058822632e-02
-9.574791789054870605e-02
3.236886486411094666e-02
-9.801249951124191284e-03
9.010447561740875244e-02
7.303019613027572632e-02
1.353694591671228409e-02
-1.250777840614318848e-01
-1.810569316148757935e-01
-5.904835090041160583e-02
-2.012754827737808228e-01
9.026392549276351929e-02
-6.363113224506378174e-02
1.397444158792495728e-01
1.494559198617935181e-01
1.769079826772212982e-02
-5.414975434541702271e-02
2.645233087241649628e-02
2.538624405860900879e-02
-5.084497481584548950e-02
3.400425985455513000e-02
9.788688272237777710e-02
6.630143523216247559e-02
-9.479991346597671509e-02
7.895950973033905029e-02
-2.732111699879169464e-02
1.271311379969120026e-02
4.672682657837867737e-02
7.644907385110855103e-02
8.288364857435226440e-02
8.288889378309249878e-02
-4.134660586714744568e-02
-9.559983760118484497e-02
6.066529825329780579e-02
9.748621284961700439e-02
-1.393987797200679779e-02
-4.271313920617103577e-02
1.788260415196418762e-02
1.349018663167953491e-01
1.459142658859491348e-02
1.532490849494934082e-01
6.822140514850616455e-02
-7.413180172443389893e-02
2.426337450742721558e-03
-9.592854976654052734e-02
-8.740396797657012939e-02
-8.246486634016036987e-02
1.154458299279212952e-01
-4.534930735826492310e-02
9.782326966524124146e-02
-7.544315606355667114e-02
-9.303587675094604492e-02
-1.394697278738021851e-01
-2.997102774679660797e-02
-1.102508082985877991e-01
9.999376721680164337e-03
-1.264761239290237427e-01
9.760701656341552734e-02
-7.006830722093582153e-02
-1.171452775597572327e-01
-4.785745218396186829e-02
-4.009628668427467346e-02
8.544859290122985840e-02
-1.058286130428314209e-01
-7.667696103453636169e-03
-1.553218662738800049e-01
-4.422444477677345276e-02
6.251060962677001953e-02
2.218646742403507233e-02
9.368896484375000000e-02
-1.168599203228950500e-01
-6.312999874353408813e-02
-1.466315053403377533e-02
-2.976717241108417511e-02
-1.030016019940376282e-01
5.104619264602661133e-02
1.496368087828159332e-02
2.360965497791767120e-02
-1.281109750270843506e-01
-1.460350453853607178e-01
6.996922940015792847e-02
1.449859887361526489e-01
1.114018484950065613e-01
1.704078018665313721e-01
-4.157519340515136719e-02
3.036951646208763123e-02
1.205135956406593323e-01
-8.262755721807479858e-02
-3.728768974542617798e-02
-1.196970120072364807e-01
2.510964870452880859e-02
1.023016944527626038e-01
3.519751504063606262e-02
3.317995741963386536e-02
-8.799248188734054565e-02
-6.787196546792984009e-02
1.050559729337692261e-01
5.314718559384346008e-02
-5.586583912372589111e-02
-8.345052599906921387e-02
1.468363851308822632e-01
-7.233127206563949585e-02
-1.915547437965869904e-02
-1.257288549095392227e-02
4.055194184184074402e-02
1.281497329473495483e-01
3.649051859974861145e-02
2.911978587508201599e-02
-4.704747721552848816e-02
9.888456761837005615e-02
2.373112365603446960e-02
9.283001534640789032e-03
-7.282581180334091187e-02
7.476609945297241211e-02
1.612558811902999878e-01
5.735858902335166931e-02
4.008106887340545654e-02
-9.169520437717437744e-02
-4.392332583665847778e-02
1.430350542068481445e-01
-6.458398699760437012e-02
8.896054700016975403e-03
5.043048411607742310e-03
-1.314327307045459747e-02
-1.247253119945526123e-01
4.022648930549621582e-02
7.247145473957061768e-02
4.879868403077125549e-02
-7.311557233333587646e-02
9.498609602451324463e-02
-5.869870632886886597e-02
-6.831475347280502319e-02
1.160526927560567856e-02
1.351166516542434692e-01
-1.489776745438575745e-02
-3.909133002161979675e-02
1.214480772614479065e-01
-3.990091383457183838e-02
9.378115832805633545e-02
-1.457333005964756012e-02
3.942134231328964233e-02
6.085874978452920914e-03
-9.839615225791931152e-02
-9.533984214067459106e-02
-1.309408843517303467e-01
-5.038983747363090515e-02
8.520926535129547119e-02
7.009802013635635376e-02
4.580174107104539871e-03
-9.803392924368381500e-03
-1.328649073839187622e-01
-9.340114891529083252e-02
4.843056574463844299e-02
-6.580507755279541016e-02
1.192687898874282837e-01
-1.276828795671463013e-01
-5.963730439543724060e-02
-6.768068671226501465e-02
9.934110939502716064e-02
-2.726153656840324402e-02
-4.873438924551010132e-02
-3.676299005746841431e-02
1.732958704233169556e-01
5.877234414219856262e-02
4.588751122355461121e-02
6.478454172611236572e-02
-4.476764705032110214e-03
-1.040122285485267639e-01
1.752015016973018646e-02
1.047640815377235413e-01
9.619913250207901001e-02
-2.551407087594270706e-03
-9.417111426591873169e-02
8.928330987691879272e-02
-1.375482380390167236e-01
1.088976413011550903e-01
-2.894080802798271179e-02
-1.453853696584701538e-01
8.252155780792236328e-02
-1.243843957781791687e-01
5.396214872598648071e-02
5.697398632764816284e-02
7.265911996364593506e-02
-1.988757252693176270e-01
4.439282044768333435e-02
-5.411404743790626526e-02
1.236773505806922913e-01
3.013884089887142181e-02
8.689211681485176086e-04
1.344596892595291138e-01
-1.176100894808769226e-01
9.821258485317230225e-02
1.223864331841468811e-01
-2.468412928283214569e-02
8.055571466684341431e-02
3.422372275963425636e-03
-3.878080472350120544e-02
-1.462233215570449829e-01
1.554418541491031647e-02
-6.933169066905975342e-02
-2.758783400058746338e-01
-1.508634090423583984e-01
-1.809789054095745087e-02
6.789011508226394653e-02
7.797262072563171387e-02
-8.681612089276313782e-03
3.790047019720077515e-02
9.876999258995056152e-02
3.594808652997016907e-02
5.067054182291030884e-02
6.329196691513061523e-02
-7.315188646316528320e-02
6.203392893075942993e-02
9.758219867944717407e-02
1.373648364096879959e-02
6.366082467138767242e-03
-3.600584343075752258e-02
1.575141586363315582e-02
-1.302703171968460083e-01
1.032030954957008362e-01
1.119663938879966736e-01
3.641434013843536377e-03
8.908171206712722778e-02
5.234516691416501999e-03
-3.530460968613624573e-02
-7.726436853408813477e-02
2.908878214657306671e-02
3.043761849403381348e-02
3.001563809812068939e-02
3.112545527983456850e-04
-8.929543942213058472e-02
-1.110101267695426941e-01
7.076380401849746704e-02
7.382728159427642822e-02
9.304613340646028519e-04
-1.615811698138713837e-02
4.630262404680252075e-02
-2.738840319216251373e-02
-1.135964468121528625e-01
-1.477673202753067017e-01
-9.402189403772354126e-02
5.207613110542297363e-02
-2.148495428264141083e-02
-8.773215115070343018e-02
4.021316021680831909e-02
9.028647094964981079e-02
7.319483160972595215e-02
3.845583647489547729e-02
2.269622124731540680e-02
-3.726550191640853882e-02
-8.076406084001064301e-03
1.050251424312591553e-01
-7.054357975721359253e-02
-1.510298848152160645e-01
-4.565542936325073242e-02
-6.926184892654418945e-02
1.203547567129135132e-01
3.133578598499298096e-02
1.039037629961967468e-01
-3.906792774796485901e-02
1.144863590598106384e-01
2.947923727333545685e-02
1.771190762519836426e-02
-1.045959591865539551e-01
-5.248796939849853516e-02
1.146819889545440674e-01
1.387055311352014542e-02
1.419350784271955490e-02
1.547961073811165988e-05
-6.657168269157409668e-02
-1.408915128558874130e-02
1.038714796304702759e-01
-4.160859063267707825e-02
6.358283571898937225e-03
-7.401806302368640900e-03
4.371814057230949402e-02
8.214041590690612793e-02
2.479077549651265144e-03
-1.203385069966316223e-01
-8.904034644365310669e-02
1.681244745850563049e-02
1.189748868346214294e-01
-5.973289534449577332e-02
-7.715050131082534790e-02
1.194664090871810913e-02
-1.501890271902084351e-01
8.036965876817703247e-02
6.616348028182983398e-02
1.365009248256683350e-01
2.726157940924167633e-02
-3.815686702728271484e-02
6.164906546473503113e-02
3.886652365326881409e-02
-9.833313524723052979e-02
1.194649115204811096e-01
-1.295003592967987061e-01
1.168817747384309769e-02
-3.472643345594406128e-02
-1.851556263864040375e-02
1.172220334410667419e-02
7.642620801925659180e-02
9.368559718132019043e-02
5.072519928216934204e-02
4.347652569413185120e-02
-6.182461511343717575e-03
-1.089963167905807495e-01
6.973176728934049606e-03
1.864904165267944336e-01
7.553462684154510498e-02
-4.649383947253227234e-02
1.311677396297454834e-01
-5.938214808702468872e-02
-7.771066576242446899e-02
-1.842518746852874756e-01
1.378896385431289673e-01
4.065519198775291443e-02
2.721685357391834259e-02
7.867707870900630951e-03
-5.757605284452438354e-02
-1.341368556022644043e-01
-1.585909128189086914e-01
-1.717688590288162231e-01
8.252405375242233276e-02
-8.133665472269058228e-02
8.415235579013824463e-02
-6.803211569786071777e-02
8.121346682310104370e-02
-5.058635771274566650e-02
-1.076577007770538330e-01
4.999335855245590210e-02
5.468045547604560852e-02
-2.523951791226863861e-02
3.759480267763137817e-02
-8.095203340053558350e-02
1.947814226150512695e-01
6.557322293519973755e-02
1.161903217434883118e-01
1.107292249798774719e-01
1.114823594689369202e-01
1.204402446746826172e-01
2.335981465876102448e-02
1.224854663014411926e-01
1.449990123510360718e-01
2.680403925478458405e-02
-6.120083481073379517e-02
-5.192453786730766296e-02
1.281970441341400146e-01
-5.301833152770996094e-02
-2.314885705709457397e-02
3.216943144798278809e-02
-4.602478817105293274e-02
1.847893372178077698e-02
-4.462861269712448120e-02
1.275300383567810059e-01
-1.233405619859695435e-01
-7.180503755807876587e-02
-5.226285755634307861e-02
1.183996498584747314e-01
8.301521837711334229e-02
-3.868991881608963013e-02
8.339523524045944214e-02
-9.257226437330245972e-02
3.055448271334171295e-02
-1.334054768085479736e-01
-1.361875887960195541e-02
-1.433709710836410522e-01
-1.565700396895408630e-02
-8.416449278593063354e-02
9.196308255195617676e-02
-8.732137084007263184e-02
6.228675320744514465e-02
1.263254880905151367e-01
3.046974539756774902e-02
5.717805400490760803e-02
-5.572474002838134766e-02
1.481101065874099731e-01
-8.142451755702495575e-03
9.443526715040206909e-02
6.980518251657485962e-02
2.116732858121395111e-02
5.694154277443885803e-02
-5.731511116027832031e-02
-2.223053947091102600e-02
-8.370254188776016235e-02
-1.224043071269989014e-01
-3.648813581094145775e-03
-1.170058101415634155e-01
-1.442267931997776031e-02
-1.054264046251773834e-02
1.462472230195999146e-01
-4.042229056358337402e-02
-4.223067779093980789e-03
3.543554618954658508e-02
3.581095114350318909e-02
3.975167870521545410e-02
1.280234158039093018e-01
-6.691903620958328247e-02
4.384886939078569412e-03
-9.339208900928497314e-02
1.866921633481979370e-01
-1.516208201646804810e-01
-3.393951058387756348e-02
1.608468890190124512e-01
-2.942179515957832336e-02
-7.487329095602035522e-02
-1.711180806159973145e-01
-4.113881289958953857e-02
-1.092624850571155548e-02
7.522527873516082764e-02
6.883332040160894394e-03
7.994221895933151245e-02
-1.014467924833297729e-01
3.127435222268104553e-02
1.730538159608840942e-02
-6.090802326798439026e-02
1.750122904777526855e-01
8.911706507205963135e-02
-7.372216135263442993e-02
-1.157325133681297302e-01
4.885493591427803040e-02
1.095236614346504211e-01
5.630841106176376343e-02
-6.957511603832244873e-02
-1.055705919861793518e-02
8.884914219379425049e-02
7.431054115295410156e-02
5.879892036318778992e-02
-4.155474249273538589e-03
-1.457227976061403751e-03
1.051851361989974976e-01
-1.098260059952735901e-01
5.420655012130737305e-02
-1.420148611068725586e-01
-2.345004864037036896e-02
6.469861418008804321e-02
-5.892284587025642395e-02
9.011918306350708008e-02
3.139646723866462708e-02
-1.093776822090148926e-01
5.280900374054908752e-02
8.081992715597152710e-02
6.089079007506370544e-02
8.019801974296569824e-02
1.171448081731796265e-01
6.130184978246688843e-02
4.030065611004829407e-02
-6.266243755817413330e-02
-2.565638278611004353e-04
1.687627285718917847e-01
-5.648642778396606445e-02
-6.803669035434722900e-02
-8.595374971628189087e-02
-1.334034744650125504e-02
-9.123162925243377686e-02
-1.275770068168640137e-01
-8.610589802265167236e-02
5.394235998392105103e-02
5.067756026983261108e-02
-1.994993984699249268e-01
-2.638117596507072449e-02
-5.226916167885065079e-03
-1.904763979837298393e-03
8.458087593317031860e-02
6.405744701623916626e-02
-3.233179077506065369e-02
2.865714207291603088e-02
3.541796654462814331e-02
-5.668439716100692749e-02
-6.775502115488052368e-02
-2.739257179200649261e-03
-4.027745500206947327e-02
-6.887647509574890137e-02
5.552074313163757324e-02
-7.511091977357864380e-02
8.640152402222156525e-03
-5.849334597587585449e-02
-1.215113177895545959e-01
-4.171551764011383057e-02
1.072133630514144897e-01
6.864202674478292465e-03
-1.805097423493862152e-02
-1.055062264204025269e-01
-3.810337185859680176e-02
-3.177797421813011169e-02
-1.163419038057327271e-01
6.610394269227981567e-02
2.320079505443572998e-02
-1.358559727668762207e-01
1.019105389714241028e-01
-7.348789274692535400e-02
2.919216174632310867e-03
5.447408929467201233e-02
5.461250245571136475e-02
1.023193076252937317e-01
-6.147103756666183472e-02
-4.939946532249450684e-02
3.752917423844337463e-02
1.382431294769048691e-02
-9.476250410079956055e-02
-9.497034549713134766e-02
-1.377267669886350632e-02
-1.858975365757942200e-02
-5.501373112201690674e-02
-1.038544438779354095e-02
-1.010085418820381165e-01
1.116900146007537842e-01
-3.849647566676139832e-02
5.803947150707244873e-02
6.808440387248992920e-02
-5.121773853898048401e-02
1.266381889581680298e-01
1.272873878479003906e-01
1.151996403932571411e-01
-1.820830442011356354e-02
-1.012574210762977600e-01
-4.239847511053085327e-02
-7.561265677213668823e-02
-8.050532080233097076e-03
1.214716434478759766e-01
-1.336255818605422974e-01
-1.133192777633666992e-01
3.720600903034210205e-02
-7.736154645681381226e-02
-4.031391069293022156e-02
-5.626053363084793091e-02
-5.006061121821403503e-02
-1.238152012228965759e-01
1.149064078927040100e-01
-3.922718018293380737e-02
1.398129165172576904e-01
1.574568077921867371e-02
-1.370230019092559814e-01
6.623948365449905396e-02
4.674439877271652222e-02
4.596650972962379456e-02
2.051891013979911804e-02
-1.337757557630538940e-01
7.326059788465499878e-02
-2.741545252501964569e-02
-7.764425594359636307e-03
-1.014987975358963013e-01
-2.706881426274776459e-02
4.167175665497779846e-02
-1.118939295411109924e-01
-6.315486133098602295e-02
1.112649291753768921e-01
3.272456675767898560e-02
-9.123443067073822021e-02
-3.812637180089950562e-02
-3.018494136631488800e-02
7.004120200872421265e-02
-6.554558128118515015e-02
-1.144531443715095520e-01
-3.128395602107048035e-02
-3.378616273403167725e-02
7.763025909662246704e-02
7.678235322237014771e-02
5.735456943511962891e-02
-8.483733981847763062e-02
-1.657056622207164764e-03
-1.141708865761756897e-01
-2.253465354442596436e-02
1.260703057050704956e-01
6.392216682434082031e-02
2.827951917424798012e-03
-9.698799997568130493e-02
6.167381629347801208e-02
1.765056252479553223e-01
2.337952703237533569e-02
6.619350053369998932e-03
-2.830645814538002014e-02
-1.437319349497556686e-02
-7.829469442367553711e-02
6.711802631616592407e-02
6.383880227804183960e-02
-1.289539188146591187e-01
-1.084245517849922180e-01
8.337727189064025879e-02
6.252570450305938721e-02
-5.861523374915122986e-02
-8.931363373994827271e-02
5.970713123679161072e-02
5.639157816767692566e-02
1.670423522591590881e-02
1.964282430708408356e-02
7.024141494184732437e-03
5.121224373579025269e-02
6.105963140726089478e-02
-4.335823003202676773e-03
-1.347852405160665512e-02
-1.112281605601310730e-01
-5.273834988474845886e-02
-1.528644263744354248e-01
-3.110274113714694977e-02
1.118608340620994568e-01
-9.858638979494571686e-03
7.723326236009597778e-02
6.191234663128852844e-02
-1.110027953982353210e-01
1.012978330254554749e-01
1.187235936522483826e-01
4.154247790575027466e-02
-9.968674182891845703e-02
1.669535040855407715e-02
5.826073884963989258e-02
-1.326813846826553345e-01
-1.190154626965522766e-01
6.091788411140441895e-02
-2.266185730695724487e-02
3.632520511746406555e-02
-6.860695779323577881e-02
1.930832676589488983e-02
1.124638095498085022e-01
-9.493303298950195312e-02
-1.165980324149131775e-01
4.575349390506744385e-02
1.120088435709476471e-02
1.481768935918807983e-01
8.527074009180068970e-02
-8.201561868190765381e-02
8.345846086740493774e-02
-4.505227878689765930e-02
-1.079497952014207840e-02
-1.171343326568603516e-01
-8.563469350337982178e-02
2.382740378379821777e-02
-1.263453811407089233e-01
-1.511534899473190308e-01
7.613986730575561523e-03
1.140158995985984802e-01
-1.520333588123321533e-01
-1.620211303234100342e-01
-8.417366445064544678e-02
-7.074932754039764404e-02
8.335296064615249634e-02
1.171792373061180115e-01
2.013885229825973511e-02
-6.966514885425567627e-02
1.070885732769966125e-02
2.224891334772109985e-01
1.040129140019416809e-01
1.265781000256538391e-02
2.833764068782329559e-02
9.088351577520370483e-02
8.306701667606830597e-03
-7.525870203971862793e-02
1.008999347686767578e-01
-4.133834689855575562e-02
-1.200153306126594543e-01
6.755432114005088806e-03
-1.367791742086410522e-01
-6.160398945212364197e-02
-8.318334817886352539e-02
1.439538318663835526e-02
-8.355966955423355103e-02
-4.189176857471466064e-02
-3.721235319972038269e-03
9.263407438993453979e-02
-1.231582611799240112e-01
2.687441010493785143e-04
-5.432804673910140991e-02
1.724587939679622650e-02
-2.719617448747158051e-02
2.285599336028099060e-02
-9.682007879018783569e-02
1.016165316104888916e-01
2.344961836934089661e-02
3.835641313344240189e-03
-5.997133627533912659e-02
1.066595166921615601e-01
6.156751420348882675e-03
8.803918026387691498e-03
8.749035745859146118e-02
-7.568314205855131149e-03
-1.745857670903205872e-02
-8.528257906436920166e-02
2.020887099206447601e-02
3.795428201556205750e-02
-6.248025596141815186e-02
-2.410195767879486084e-02
3.473002463579177856e-02
-3.350085020065307617e-02
-5.409935489296913147e-02
-8.757479488849639893e-02
7.597795873880386353e-02
-2.445190958678722382e-02
-9.759123623371124268e-02
-6.770355999469757080e-02
1.454672403633594513e-02
-1.219117790460586548e-01
-5.726909637451171875e-02
-3.408836945891380310e-02
8.403836190700531006e-02
-3.657286241650581360e-02
-1.286896169185638428e-01
-1.587117761373519897e-01
-1.331605575978755951e-02
-4.448876157402992249e-02
1.349402815103530884e-01
-3.149075433611869812e-02
1.266108900308609009e-01
-1.431076526641845703e-01
9.006530791521072388e-02
2.645174972712993622e-02
1.334685385227203369e-01
-8.658901602029800415e-02
-3.683808818459510803e-02
1.068982034921646118e-01
8.496303856372833252e-02
-1.318024247884750366e-01
1.862714588642120361e-01
8.182635903358459473e-02
4.853869602084159851e-02
-4.738586489111185074e-03
-7.639092206954956055e-02
-8.814545581117272377e-04
1.280096918344497681e-02
3.616815060377120972e-02
1.103728637099266052e-01
2.278852276504039764e-02
-1.617306284606456757e-02
7.153681665658950806e-02
8.397361636161804199e-02
-1.081607118248939514e-01
-5.981444939970970154e-02
2.121152542531490326e-02
-1.206641197204589844e-01
1.836762949824333191e-02
1.405419595539569855e-02
8.997548371553421021e-03
7.350106537342071533e-02
9.475377202033996582e-02
-9.884547442197799683e-02
-2.756500802934169769e-02
-1.423911564052104950e-02
-3.126710653305053711e-02
-1.121562644839286804e-01
-7.108968496322631836e-02
3.824738785624504089e-02
5.812776461243629456e-02
-2.293196134269237518e-02
8.050777763128280640e-02
6.063333898782730103e-02
1.861150749027729034e-02
-1.560821756720542908e-02
-1.483992952853441238e-02
-1.004507914185523987e-01
-8.856361359357833862e-02
1.720796525478363037e-02
8.400657027959823608e-02
4.695789422839879990e-03
-1.174202188849449158e-01
-2.647570520639419556e-02
1.045173853635787964e-01
1.379440873861312866e-01
-2.838359796442091465e-04
4.452423378825187683e-02
4.575290903449058533e-02
1.136041991412639618e-02
-5.873760208487510681e-02
1.421559602022171021e-01
9.069133549928665161e-02
-4.140722751617431641e-02
5.391756072640419006e-02
-1.464986708015203476e-02
-4.361621395219117403e-04
-1.443489044904708862e-01
5.081264674663543701e-02
2.001195251941680908e-01
-1.252910345792770386e-01
-7.612924277782440186e-02
2.488270867615938187e-03
1.220563873648643494e-01
9.695030748844146729e-02
1.943091303110122681e-02
-1.416668593883514404e-01
-3.374332562088966370e-02
-2.793274447321891785e-02
-1.348634716123342514e-02
9.144316613674163818e-02
-1.080940812826156616e-01
4.041116684675216675e-02
-2.746849786490201950e-03
9.162068367004394531e-02
-1.048553287982940674e-01
8.526458591222763062e-02
8.555813692510128021e-03
-9.470499306917190552e-02
8.099088072776794434e-02
-3.250955790281295776e-02
-1.140783950686454773e-01
8.414956927299499512e-02
-4.667293652892112732e-02
6.260386854410171509e-02
-1.581599935889244080e-02
-7.597603648900985718e-02
1.386305689811706543e-01
-9.103588014841079712e-02
-9.769501537084579468e-02
-1.582614183425903320e-01
-4.869801923632621765e-02
-3.121748939156532288e-02
4.816748946905136108e-02
8.940905332565307617e-02
-1.543004363775253296e-01
-5.664817988872528076e-02
-6.414411589503288269e-03
2.719528507441282272e-03
9.847661107778549194e-02
7.819013297557830811e-02
-1.530955359339714050e-02
-4.982317239046096802e-02
-4.687091708183288574e-02
-4.642154648900032043e-02
-8.346067368984222412e-02
1.491556968539953232e-02
1.128250584006309509e-01
-5.765671655535697937e-02
-8.880737423896789551e-02
3.012128872796893120e-03
4.689075425267219543e-02
6.601548194885253906e-02
1.019992530345916748e-01
3.957601636648178101e-02
-3.541637957096099854e-02
-4.934116080403327942e-02
-8.369217067956924438e-02
1.024585887789726257e-01
-1.241133809089660645e-01
-1.010529026389122009e-01
-6.733299791812896729e-02
3.765376657247543335e-02
-1.153962593525648117e-02
-8.970779366791248322e-03
2.449068054556846619e-02
-1.075164973735809326e-02
-1.046363115310668945e-01
1.883839629590511322e-02
4.156902432441711426e-03
6.494005769491195679e-02
9.782877564430236816e-02
-2.407329715788364410e-02
-7.199346274137496948e-02
-5.135958269238471985e-02
-4.888516664505004883e-02
-6.586814671754837036e-02
2.779850177466869354e-02
1.206522062420845032e-01
1.303298175334930420e-01
-3.541318699717521667e-02
2.783536352217197418e-02
-1.212496757507324219e-01
1.181657016277313232e-01
-3.510431200265884399e-02
-1.061943769454956055e-01
-4.497608914971351624e-02
-5.152028985321521759e-03
5.297689512372016907e-02
1.349378824234008789e-01
-1.363245993852615356e-01
-1.107378825545310974e-01
8.284407854080200195e-02
7.433719467371702194e-03
7.957506924867630005e-02
-3.647265210747718811e-02
1.296189427375793457e-01
-2.147758379578590393e-03
3.999302536249160767e-02
-1.447937339544296265e-01
1.222857534885406494e-01
-9.390652924776077271e-02
-1.431211363524198532e-02
-7.274283468723297119e-02
7.532285898923873901e-02
-5.088711623102426529e-03
-9.002667665481567383e-02
8.657804876565933228e-02
-5.924741551280021667e-02
7.076165825128555298e-02
-1.079453453421592712e-01
1.911282911896705627e-02
1.294485665857791901e-02
4.646078869700431824e-02
-1.113963872194290161e-01
1.552863419055938721e-01
-6.496397405862808228e-02
3.492784127593040466e-02
1.309041585773229599e-02
1.546380966901779175e-01
2.049377374351024628e-02
-9.425323456525802612e-03
1.386613398790359497e-01
-1.169602796435356140e-01
-6.886001676321029663e-02
-9.099199622869491577e-02
-6.859839707612991333e-02
-2.178540453314781189e-02
6.101290509104728699e-02
-1.591024547815322876e-01
-8.376337587833404541e-02
6.894279271364212036e-03
2.214514464139938354e-02
-1.455489397048950195e-01
5.520349368453025818e-02
-1.644395440816879272e-01
-8.594587445259094238e-03
2.033670432865619659e-02
-1.448527723550796509e-01
8.311884850263595581e-02
1.449605971574783325e-01
1.801213920116424561e-01
1.413874328136444092e-01
1.318480074405670166e-01
-1.755443774163722992e-02
8.729808777570724487e-02
-8.948231488466262817e-02
-4.987909272313117981e-02
-6.640362087637186050e-03
1.160952448844909668e-02
2.435884252190589905e-02
-7.966285198926925659e-02
-7.532328367233276367e-02
-7.317383587360382080e-02
-1.193743869662284851e-01
-7.306004315614700317e-02
1.937449127435684204e-01
-2.014357596635818481e-02
1.668005809187889099e-02
-2.603441476821899414e-02
-7.352035492658615112e-02
-9.707712382078170776e-02
2.118201740086078644e-02
9.355758083984255791e-04
-8.665762096643447876e-02
1.416495144367218018e-01
5.205463990569114685e-02
-7.593718916177749634e-02
-1.105397343635559082e-01
2.814086899161338806e-02
5.155944079160690308e-02
-4.180342331528663635e-02
5.181562528014183044e-02
1.119402498006820679e-01
-1.708170399069786072e-02
1.765681058168411255e-01
-1.516779214143753052e-01
-1.329700201749801636e-01
-6.742468476295471191e-02
1.465885341167449951e-01
1.232268512248992920e-01
4.398744925856590271e-02
7.023838907480239868e-02
-6.347696483135223389e-02
-9.440988302230834961e-02
1.416404098272323608e-01
-3.651618259027600288e-03
-6.128865107893943787e-02
1.894749104976654053e-01
3.086354024708271027e-02
1.653455384075641632e-02
-6.205394864082336426e-02
-7.596872746944427490e-02
-1.448270380496978760e-01
-1.176890283823013306e-01
-9.340448677539825439e-02
-9.691136330366134644e-02
1.113613024353981018e-01
6.170247495174407959e-02
4.308210313320159912e-02
1.237359195947647095e-01
1.005169451236724854e-01
-1.069687455892562866e-01
4.058681055903434753e-02
8.897864818572998047e-02
1.783498227596282959e-01
8.247274160385131836e-02
1.643999069929122925e-01
-4.389185458421707153e-02
8.181857876479625702e-03
1.127789914608001709e-01
1.119180582463741302e-02
1.914453133940696716e-02
1.160465553402900696e-01
1.197797432541847229e-01
-6.796281784772872925e-02
-1.684150248765945435e-01
3.992834594100713730e-03
-6.608008593320846558e-02
6.758283078670501709e-02
1.059709489345550537e-01
-5.746841430664062500e-03
7.871951907873153687e-02
-5.846590548753738403e-02
8.508852683007717133e-03
1.239873468875885010e-01
2.191585116088390350e-02
1.714734546840190887e-02
-3.543063625693321228e-02
1.198908761143684387e-01
7.473197579383850098e-02
4.326705262064933777e-02
-8.845584839582443237e-02
-7.989154756069183350e-02
-8.677183836698532104e-02
-1.797855794429779053e-01
4.038858413696289062e-02
1.686223782598972321e-02
-6.642367690801620483e-02
-1.032926812767982483e-01
5.069280788302421570e-02
4.150771535933017731e-03
-5.067189037799835205e-02
-9.266840666532516479e-02
-1.765087363310158253e-03
2.945657260715961456e-02
-3.068737685680389404e-03
8.320198208093643188e-02
8.080218732357025146e-02
-6.520567089319229126e-02
1.241694577038288116e-02
1.180557087063789368e-01
7.759188115596771240e-02
-1.067607700824737549e-01
-2.430236153304576874e-02
-7.131060119718313217e-03
-3.725600615143775940e-02
9.991660714149475098e-02
3.726309165358543396e-02
1.485923379659652710e-01
9.055426716804504395e-02
-4.210501909255981445e-02
1.426413357257843018e-01
5.340835079550743103e-02
4.228364676237106323e-02
3.067108988761901855e-02
1.080669388175010681e-01
-2.220013737678527832e-02
-1.584346219897270203e-02
-4.819928482174873352e-02
-9.246570616960525513e-02
-3.272667154669761658e-02
-1.499910354614257812e-01
5.934118852019309998e-02
-1.224270612001419067e-01
9.477102756500244141e-02
-6.975410133600234985e-02
7.145410031080245972e-02
-8.507280796766281128e-02
1.264151334762573242e-01
-3.824981674551963806e-02
3.882892802357673645e-02
-5.916584283113479614e-02
4.383394122123718262e-02
-1.364829093217849731e-01
-9.278833121061325073e-02
-6.816022843122482300e-02
-2.830712869763374329e-02
-9.922882914543151855e-02
-6.966028362512588501e-02
-6.250870972871780396e-02
9.974782168865203857e-02
-2.120600268244743347e-02
1.017781347036361694e-01
-6.003386527299880981e-02
1.446236521005630493e-01
-2.516759745776653290e-02
9.479727596044540405e-02
-8.395191282033920288e-02
3.990220651030540466e-02
3.084387816488742828e-02
2.727695181965827942e-02
-2.609892375767230988e-02
-5.177823361009359360e-03
-1.292494237422943115e-01
5.013537779450416565e-02
8.546009659767150879e-02
1.916929185390472412e-01
-7.299536466598510742e-02
6.832290440797805786e-02
-1.049236729741096497e-01
9.172947704792022705e-02
-4.255186021327972412e-02
-4.079365730285644531e-02
9.825654327869415283e-02
-1.576368324458599091e-02
7.220201194286346436e-02
-5.741602927446365356e-02
-1.313946954905986786e-02
-4.154435545206069946e-02
-2.511869929730892181e-02
-6.191479042172431946e-02
-8.051364123821258545e-02
-7.397428900003433228e-02
6.157202646136283875e-03
-2.434153342619538307e-03
9.607083350419998169e-02
-1.221036165952682495e-01
1.726767271757125854e-01
1.766151376068592072e-02
4.766823258250951767e-03
-5.908989533782005310e-02
1.083093043416738510e-02
6.319794058799743652e-02
-6.707855034619569778e-03
1.115176454186439514e-01
4.964381456375122070e-02
-5.739041790366172791e-02
6.227958947420120239e-02
1.098944395780563354e-01
4.235745593905448914e-02
5.431006848812103271e-02
7.272572070360183716e-02
-3.550599142909049988e-02
1.191956028342247009e-01
8.743686228990554810e-02
6.973862648010253906e-02
1.380405426025390625e-01
1.760213524103164673e-01
2.789305895566940308e-02
8.891829848289489746e-02
-1.681336015462875366e-02
6.617782264947891235e-02
3.722263127565383911e-02
1.182673722505569458e-01
1.316676884889602661e-01
-8.801370114088058472e-02
1.100573092699050903e-01
1.748952455818653107e-02
1.538917124271392822e-01
-1.089551299810409546e-02
1.417776346206665039e-01
-1.093695908784866333e-01
1.434564124792814255e-02
-5.779579654335975647e-02
1.242796257138252258e-01
-3.084432892501354218e-02
1.265582535415887833e-02
1.010209769010543823e-01
9.376011788845062256e-02
3.107487224042415619e-03
-4.868740960955619812e-02
4.455311968922615051e-02
2.453130437061190605e-03
1.138973683118820190e-01
3.171152900904417038e-03
1.234264969825744629e-01
1.000861916691064835e-02
6.002428708598017693e-04
-4.692601785063743591e-02
1.369608100503683090e-02
2.231501787900924683e-02
5.285970494151115417e-02
-8.252023719251155853e-03
1.870670020580291748e-01
-1.734464429318904877e-02
1.046047545969486237e-02
-7.415700703859329224e-02
1.620946079492568970e-01
9.218150377273559570e-02
1.033590883016586304e-01
4.366067238152027130e-03
9.025324881076812744e-02
3.497650846838951111e-02
1.007923781871795654e-01
3.773800283670425415e-02
9.469681233167648315e-02
4.408429563045501709e-02
7.140101492404937744e-02
-8.359432220458984375e-02
-1.768243163824081421e-01
4.822738468647003174e-02
-2.669178880751132965e-03
-3.621606156229972839e-02
-6.265460699796676636e-02
-1.242227032780647278e-01
-1.326903700828552246e-01
-5.942369624972343445e-02
9.104961529374122620e-03
-7.858370244503021240e-02
1.075252220034599304e-01
-3.413023799657821655e-02
-1.236442998051643372e-01
9.648649953305721283e-03
3.394465520977973938e-02
5.817357078194618225e-02
-9.959619492292404175e-02
1.134319826960563660e-01
-3.184004500508308411e-02
8.278207480907440186e-02
6.497042626142501831e-02
6.939373910427093506e-02
3.940420970320701599e-02
-3.784926608204841614e-02
4.015056043863296509e-02
-1.150575205683708191e-01
-8.499558269977569580e-02
-1.088089719414710999e-01
6.693635880947113037e-02
3.325468674302101135e-02
2.693385072052478790e-02
-8.558288961648941040e-02
7.198856025934219360e-02
8.545194566249847412e-02
1.066034957766532898e-01
-1.163318157196044922e-01
3.088648058474063873e-02
5.411830917000770569e-02
5.592795088887214661e-02
-4.670842550694942474e-03
1.179792955517768860e-01
1.160250976681709290e-02
-1.422928366810083389e-02
4.284606501460075378e-02
-2.930338121950626373e-02
-1.791597343981266022e-02
-1.594315320253372192e-01
-8.947456628084182739e-02
6.217909976840019226e-02
-4.758305102586746216e-02
-1.211986597627401352e-02
3.253217786550521851e-02
2.944419533014297485e-02
-1.483954042196273804e-01
-2.529674209654331207e-02
4.020762816071510315e-02
-6.291259080171585083e-02
-9.916139394044876099e-02
6.272018700838088989e-02
7.312860339879989624e-02
5.750718712806701660e-02
1.062724143266677856e-01
1.284705102443695068e-01
4.004179686307907104e-02
-1.395525783300399780e-01
1.285851448774337769e-01
-8.258015662431716919e-02
-1.037285476922988892e-01
-9.588851034641265869e-02
5.097329244017601013e-02
-7.863171398639678955e-02
-1.613476872444152832e-02
2.203734219074249268e-02
1.157326027750968933e-01
9.925096295773983002e-03
-6.407631561160087585e-03
-1.835341006517410278e-01
-1.494573950767517090e-01
2.467303536832332611e-02
5.528662586584687233e-04
-1.104342341423034668e-01
-7.515487819910049438e-02
-1.994366049766540527e-01
7.406813651323318481e-02
1.031922027468681335e-01
-1.017256304621696472e-01
-1.069468259811401367e-01
8.967149257659912109e-02
7.500779628753662109e-02
1.827389746904373169e-02
2.814028784632682800e-02
1.313789635896682739e-01
-5.295902490615844727e-03
7.907027751207351685e-02
-1.580162718892097473e-02
-1.442166864871978760e-01
-2.537748776376247406e-02
-9.639042615890502930e-02
1.008225139230489731e-02
7.452642917633056641e-02
-6.334233283996582031e-02
-7.784829288721084595e-02
7.448267936706542969e-02
-1.584654003381729126e-01
4.463486745953559875e-02
8.115699142217636108e-02
3.911960124969482422e-02
-5.906999483704566956e-02
-4.867130145430564880e-02
-2.781609632074832916e-02
-9.999329596757888794e-02
9.739761240780353546e-03
3.501062840223312378e-02
-4.628225788474082947e-02
-1.240188106894493103e-01
-1.197425499558448792e-01
1.586640179157257080e-01
-9.137036651372909546e-02
-1.228086184710264206e-02
-4.135259427130222321e-03
-7.942781597375869751e-02
-5.372821912169456482e-02
-2.585346437990665436e-02
1.743382811546325684e-01
1.112104728817939758e-01
-1.142704039812088013e-01
1.595669239759445190e-01
-3.523772582411766052e-02
1.527604758739471436e-01
1.398564428091049194e-01
7.668009400367736816e-02
-3.404160961508750916e-02
6.989859044551849365e-03
1.702371239662170410e-02
1.217523068189620972e-01
3.699389845132827759e-02
6.712298095226287842e-02
2.828094176948070526e-02
-1.130594238638877869e-01
-9.304753690958023071e-02
-1.137728989124298096e-01
-9.257284551858901978e-02
-4.612570628523826599e-02
9.592513740062713623e-02
1.031011715531349182e-01
9.365764260292053223e-02
-1.681389659643173218e-01
-9.895087778568267822e-02
-2.864046581089496613e-02
-6.780607998371124268e-02
3.916304185986518860e-02
-2.774855867028236389e-02
-6.582411378622055054e-02
9.621749073266983032e-02
-1.193597689270973206e-01
2.197542414069175720e-02
-1.139003224670886993e-02
-1.346929520368576050e-01
2.184273675084114075e-02
-1.470745354890823364e-01
-1.836540177464485168e-02
1.058810651302337646e-01
4.799837991595268250e-02
4.089306294918060303e-02
-3.659596666693687439e-02
3.661124780774116516e-02
-9.237866103649139404e-02
3.931909427046775818e-02
3.183849330525845289e-04
-1.236874982714653015e-02
8.823263645172119141e-02
9.455098956823348999e-02
1.889561302959918976e-02
8.486039936542510986e-02
1.707583516836166382e-01
1.750163547694683075e-02
6.932655815035104752e-03
-9.937764704227447510e-02
8.622671663761138916e-02
-2.753246203064918518e-02
-1.294100880622863770e-01
-1.832837052643299103e-02
1.280536055564880371e-01
2.610314823687076569e-02
-6.750975549221038818e-02
8.970331400632858276e-02
1.041255518794059753e-01
8.423554152250289917e-02
-4.685919266194105148e-03
3.255594149231910706e-02
1.592788845300674438e-02
-4.242846742272377014e-02
8.324101567268371582e-02
6.267584115266799927e-02
-7.238348573446273804e-02
7.779639214277267456e-02
-1.171008870005607605e-02
8.093556761741638184e-02
-8.346062153577804565e-02
3.787405043840408325e-02
1.508377045392990112e-01
-3.598675876855850220e-02
6.246853247284889221e-02
-1.025155261158943176e-01
-1.335227489471435547e-01
9.073036909103393555e-02
-1.235456988215446472e-01
1.559063978493213654e-02
-1.476027667522430420e-01
1.187772210687398911e-02
2.951534232124686241e-03
1.512960195541381836e-01
-4.116922616958618164e-02
-2.685501473024487495e-03
-7.407743483781814575e-02
-1.013660207390785217e-01
1.354773063212633133e-02
-3.365803882479667664e-02
-1.498170103877782822e-02
9.721137583255767822e-02
-2.618140541017055511e-02
1.768449135124683380e-02
-2.775317989289760590e-02
9.477338753640651703e-03
4.581380262970924377e-02
7.672733813524246216e-02
2.128171361982822418e-02
1.378145068883895874e-01
-1.006109118461608887e-01
-4.259761795401573181e-02
-3.642116859555244446e-02
6.908546388149261475e-02
1.024426594376564026e-01
7.198939472436904907e-02
3.324904292821884155e-02
-6.719145178794860840e-02
-1.596652269363403320e-01
1.353999823331832886e-01
-4.481121152639389038e-02
-9.470368921756744385e-02
9.110275655984878540e-02
-1.157173141837120056e-02
-1.435051113367080688e-01
-5.843164399266242981e-02
-3.181721642613410950e-02
9.553436934947967529e-02
-1.396203339099884033e-01
-9.596076793968677521e-03
-1.080322451889514923e-02
-2.696813456714153290e-02
3.306479007005691528e-02
6.339270621538162231e-02
-5.219580605626106262e-02
-2.629549056291580200e-02
-8.256765455007553101e-02
-7.906375452876091003e-03
-1.173447892069816589e-01
-9.000039659440517426e-03
-3.210559487342834473e-02
1.062471941113471985e-01
4.086158797144889832e-02
-1.004156991839408875e-01
-9.655840694904327393e-02
-1.120084300637245178e-01
1.350640058517456055e-01
8.633385598659515381e-02
-1.229977086186408997e-01
-5.651683360338211060e-02
-2.617470547556877136e-02
1.290942281484603882e-01
7.562410831451416016e-02
-9.839092940092086792e-02
7.658930867910385132e-02
-3.443885361775755882e-03
1.685544103384017944e-02
-3.994999825954437256e-02
6.839566677808761597e-02
1.501909047365188599e-01
-6.314086169004440308e-02
-1.224348843097686768e-01
-8.200001902878284454e-03
1.006009243428707123e-02
-2.290800772607326508e-02
7.841730117797851562e-02
8.367826044559478760e-02
-7.146720588207244873e-02
1.599142141640186310e-02
7.951697707176208496e-02
1.004166081547737122e-01
1.250024698674678802e-02
4.281715676188468933e-02
-3.745642304420471191e-02
4.351558163762092590e-02
4.359776154160499573e-02
8.400969952344894409e-02
-6.105262413620948792e-02
-1.815745420753955841e-02
3.974075615406036377e-02
-6.843689084053039551e-02
-6.814699620008468628e-02
1.849118620157241821e-01
-1.092046499252319336e-01
5.592946335673332214e-02
-2.928411960601806641e-02
1.255768984556198120e-01
8.594046346843242645e-03
-1.289219558238983154e-01
-9.283895045518875122e-02
-1.336742043495178223e-01
-6.968890875577926636e-02
-5.915069207549095154e-02
4.379282891750335693e-02
-7.896836102008819580e-02
1.312141120433807373e-01
1.038299873471260071e-01
-8.945611864328384399e-02
-8.402186632156372070e-02
-1.564791947603225708e-01
-2.524713613092899323e-02
4.365046322345733643e-02
-7.312815636396408081e-02
-2.632960490882396698e-02
-5.852903053164482117e-02
7.926300168037414551e-03
-4.328381270170211792e-02
1.380721181631088257e-01
-5.133772641420364380e-02
5.168714374303817749e-02
2.007431536912918091e-02
3.897239640355110168e-02
1.490487903356552124e-01
6.487769633531570435e-02
-2.463878877460956573e-02
8.194495737552642822e-02
-7.055056095123291016e-02
-1.449705101549625397e-02
8.723954856395721436e-02
3.888767585158348083e-02
8.979780972003936768e-02
1.928712055087089539e-02
-1.104721873998641968e-01
2.714199759066104889e-02
-7.374006509780883789e-02
-9.909370541572570801e-02
4.654429480433464050e-02
-9.929820895195007324e-02
7.201176136732101440e-02
-1.013035997748374939e-01
-6.202862411737442017e-02
1.075846608728170395e-02
-1.329260319471359253e-01
5.493071675300598145e-02
-6.477995216846466064e-02
1.095607876777648926e-01
1.469526141881942749e-01
4.224391654133796692e-02
2.036058343946933746e-02
-9.046444296836853027e-02
-6.197515875101089478e-02
-9.911343455314636230e-02
1.234369650483131409e-01
6.031922250986099243e-02
-2.134911529719829559e-02
6.380210816860198975e-02
-9.128385782241821289e-02
3.911392390727996826e-02
-1.243020147085189819e-01
5.152295157313346863e-02
5.245225504040718079e-03
1.373702287673950195e-01
6.748067215085029602e-03
-6.847450882196426392e-02
1.074995324015617371e-01
-5.079349130392074585e-02
-7.437769323587417603e-02
1.396090686321258545e-01
6.044720299541950226e-03
1.338024437427520752e-01
9.172132238745689392e-03
8.678002655506134033e-02
3.365184366703033447e-02
-2.290551364421844482e-02
-1.579792611300945282e-02
-1.019291728734970093e-01
-1.040617525577545166e-01
-3.984722867608070374e-02
-3.448632732033729553e-02
1.066473647952079773e-01
1.031097490340471268e-02
-3.521364554762840271e-02
3.561013191938400269e-02
2.641118690371513367e-02
7.234358787536621094e-02
7.727638632059097290e-02
2.781263785436749458e-03
-7.241550367325544357e-03
-1.504062116146087646e-01
5.703180655837059021e-02
4.898011311888694763e-02
-6.675657350569963455e-03
-5.155482515692710876e-02
4.263775888830423355e-03
-6.252087652683258057e-02
7.764008641242980957e-02
-8.524233847856521606e-02
-2.898329868912696838e-02
-1.215594410896301270e-01
-4.164100438356399536e-02
1.041314154863357544e-01
1.015179790556430817e-02
-5.764273554086685181e-02
-2.705939486622810364e-02
-3.078590892255306244e-02
-4.304977878928184509e-02
9.364011138677597046e-02
7.597152143716812134e-02
4.678906127810478210e-02
4.486273229122161865e-02
7.280882447957992554e-02
-8.311252295970916748e-02
-6.732592731714248657e-02
-6.884257495403289795e-02
5.787302926182746887e-02
4.696328938007354736e-02
1.619894355535507202e-01
7.325192540884017944e-02
-1.063582524657249451e-01
1.272341609001159668e-01
5.944827198982238770e-02
-2.083833888173103333e-02
-1.631717681884765625e-01
5.935931205749511719e-02
1.116524562239646912e-01
1.787055283784866333e-01
8.895119652152061462e-03
1.325520426034927368e-01
-5.636844038963317871e-02
-1.352122798562049866e-02
-3.572518378496170044e-02
8.640162646770477295e-02
6.573337316513061523e-02
5.972895026206970215e-02
-2.263377606868743896e-02
1.070590317249298096e-01
-8.081511408090591431e-02
1.862022653222084045e-02
-8.696066588163375854e-02
-6.066769361495971680e-03
-8.809439092874526978e-02
8.624374866485595703e-03
-4.733308404684066772e-02
-7.742906361818313599e-02
-1.244721114635467529e-01
-1.550674624741077423e-02
8.010203391313552856e-02
6.555283907800912857e-03
-1.992927398532629013e-03
6.357053667306900024e-02
-2.348092012107372284e-02
-2.944212965667247772e-02
-8.127503097057342529e-02
-5.793364346027374268e-02
-9.621354192495346069e-02
2.226763032376766205e-02
-1.342927813529968262e-01
-3.406953439116477966e-02
-1.331187039613723755e-01
-2.219112776219844818e-02
-1.089683845639228821e-01
-1.805334724485874176e-02
-8.436374366283416748e-02
-8.247868716716766357e-02
-2.857166156172752380e-02
2.863239869475364685e-02
1.063966453075408936e-01
7.574471831321716309e-02
4.784636572003364563e-02
1.098461747169494629e-01
1.428638845682144165e-01
-1.104454398155212402e-01
4.910436645150184631e-02
8.363407850265502930e-02
-7.245029509067535400e-02
-8.644919097423553467e-02
9.840199351310729980e-02
-1.005059182643890381e-01
5.118799582123756409e-02
8.896830491721630096e-03
-4.804782941937446594e-02
-1.553284227848052979e-01
-2.121150866150856018e-02
-1.087879016995429993e-01
7.020086795091629028e-02
1.900729350745677948e-02
-4.936865717172622681e-02
-2.013940177857875824e-02
1.328614652156829834e-01
-1.800637990236282349e-01
3.611160069704055786e-02
5.716808140277862549e-03
-9.508021920919418335e-02
-1.525985449552536011e-01
4.816716536879539490e-03
-4.147155210375785828e-02
-9.610700607299804688e-02
-9.799345582723617554e-02
6.663791090250015259e-02
5.147436633706092834e-02
-1.322213411331176758e-01
-9.967964142560958862e-02
-6.337372958660125732e-02
-4.614073783159255981e-02
7.799281924962997437e-02
1.820483990013599396e-02
5.320191849023103714e-03
-2.030652016401290894e-02
-1.283163088373839855e-03
-4.050295054912567139e-02
1.150392070412635803e-01
-9.384133666753768921e-02
9.757770597934722900e-02
-9.920407086610794067e-02
2.584135346114635468e-02
-1.133162751793861389e-01
-5.224963277578353882e-02
-1.103277057409286499e-01
-9.621591866016387939e-02
4.906174913048744202e-02
1.336174365133047104e-02
3.808091860264539719e-03
8.575928211212158203e-02
1.008159816265106201e-01
-6.983668357133865356e-02
7.633494585752487183e-02
8.141294866800308228e-02
1.775596849620342255e-02
7.899598777294158936e-02
-8.902394771575927734e-02
-4.002233594655990601e-02
-1.635325849056243896e-01
1.103198528289794922e-01
1.608806848526000977e-02
-9.201023727655410767e-03
2.710333652794361115e-02
-8.508974313735961914e-02
-5.612003058195114136e-02
2.850277908146381378e-02
-2.886036643758416176e-03
1.706366688013076782e-01
-7.655338384211063385e-03
1.004214584827423096e-01
2.289710193872451782e-02
2.915722504258155823e-02
2.786492370069026947e-02
-8.875896781682968140e-02
1.403461843729019165e-01
1.728912442922592163e-01
4.402665048837661743e-02
-1.372307240962982178e-01
-5.618331581354141235e-02
-5.309983715415000916e-02
8.929868228733539581e-03
-1.580608636140823364e-01
-9.565758518874645233e-03
1.108108740299940109e-02
1.282921731472015381e-01
1.218200922012329102e-01
-1.863576658070087433e-02
-1.014451906085014343e-01
-9.939758479595184326e-02
1.143169850111007690e-01
-1.482850639149546623e-03
5.314352735877037048e-02
-6.089863553643226624e-02
-1.632419079542160034e-01
-4.399489611387252808e-03
1.022215709090232849e-01
-7.549241930246353149e-02
5.374229699373245239e-02
1.188676208257675171e-01
1.086007282137870789e-01
1.322429329156875610e-01
9.355720132589340210e-02
-8.489274978637695312e-02
-4.448489472270011902e-02
-3.118451684713363647e-02
-2.204897254705429077e-02
1.662866622209548950e-01
7.699948549270629883e-02
-9.313502162694931030e-02
-4.363811761140823364e-02
-8.481781184673309326e-02
4.964817687869071960e-02
3.626218065619468689e-02
1.021358519792556763e-01
5.768197774887084961e-02
-1.547957360744476318e-01
-6.777261197566986084e-02
6.279490422457456589e-03
9.117726236581802368e-03
4.286656156182289124e-02
-9.731185436248779297e-02
1.177195012569427490e-01
-4.890307411551475525e-02
2.817719243466854095e-02
-1.374292522668838501e-01
-1.564788073301315308e-02
-1.134473979473114014e-01
4.098645877093076706e-03
1.242969632148742676e-01
-6.632918119430541992e-02
-1.045125201344490051e-01
-1.792035810649394989e-02
1.987207494676113129e-02
-4.875646531581878662e-02
-3.856443241238594055e-02
1.605352014303207397e-01
-7.458619028329849243e-02
8.749277330935001373e-03
7.152379490435123444e-03
9.334412962198257446e-02
7.590556889772415161e-02
-7.147225737571716309e-02
6.600291281938552856e-02
1.467428505420684814e-01
1.289109438657760620e-01
8.622170239686965942e-02
-6.693825125694274902e-02
-6.106547266244888306e-02
-1.475184857845306396e-01
-7.096321880817413330e-02
1.301397085189819336e-01
5.691202357411384583e-02
1.077635660767555237e-01
5.506476387381553650e-03
-3.071195259690284729e-02
7.467111200094223022e-02
-8.075810968875885010e-02
-3.385308757424354553e-02
-7.622496038675308228e-02
6.785681098699569702e-02
2.090426906943321228e-02
-6.046437472105026245e-02
1.324954777956008911e-01
-8.218238502740859985e-02
-1.013680640608072281e-02
-1.528937369585037231e-01
2.879638411104679108e-02
9.431828558444976807e-02
-3.732940554618835449e-02
6.773646175861358643e-02
-5.505587439984083176e-03
-9.971687570214271545e-03
-5.424395948648452759e-02
6.277038902044296265e-02
-9.936278313398361206e-02
-1.143487021327018738e-01
5.008446797728538513e-02
-6.786182522773742676e-02
6.884325295686721802e-02
2.741786092519760132e-02
1.040942072868347168e-01
1.252304911613464355e-01
1.401531882584095001e-02
-8.792494237422943115e-02
-8.984962850809097290e-02
-6.071138754487037659e-02
-6.600912660360336304e-02
1.217085774987936020e-02
-1.379451006650924683e-01
-1.104613244533538818e-01
9.462005645036697388e-02
1.172408536076545715e-01
-7.860375568270683289e-03
5.594119429588317871e-02
-9.211139380931854248e-02
-9.326344728469848633e-02
9.806169569492340088e-02
-8.293288759887218475e-03
-1.066504642367362976e-01
-6.703639402985572815e-03
2.305447682738304138e-02
8.958082646131515503e-03
3.984374552965164185e-02
-2.787392772734165192e-02
5.572509053308749571e-06
-3.544399514794349670e-02
9.875864535570144653e-02
8.733189851045608521e-02
8.948812261223793030e-03
1.282057017087936401e-01
5.602278932929039001e-02
1.114704608917236328e-01
4.570271074771881104e-02
1.901889406144618988e-02
7.404399663209915161e-02
1.263732742518186569e-02
-1.010423973202705383e-01
4.494640976190567017e-02
1.418214291334152222e-01
-2.805668301880359650e-02
-5.509379878640174866e-02
-2.285950118675827980e-03
3.932118415832519531e-02
-5.422595143318176270e-02
-6.346271932125091553e-02
-7.659608870744705200e-02
1.122274920344352722e-01
-1.204354688525199890e-01
7.306211441755294800e-02
-1.087398603558540344e-01
-5.611949041485786438e-02
8.836519718170166016e-02
4.384664818644523621e-02
6.616397947072982788e-02
-6.814190745353698730e-02
-2.448924817144870758e-02
2.007578313350677490e-02
-1.068092286586761475e-01
-5.377556383609771729e-02
-5.954473093152046204e-02
-3.237497061491012573e-02
-9.011852741241455078e-02
-6.717514246702194214e-02
-1.287503242492675781e-01
-2.029168047010898590e-02
-5.459358170628547668e-02
-1.218109354376792908e-01
-4.738311097025871277e-02
2.979054674506187439e-02
1.093484163284301758e-01
5.168115720152854919e-02
-3.802077099680900574e-02
-3.222055360674858093e-02
-1.118975058197975159e-01
1.407207250595092773e-01
1.055577471852302551e-01
1.764105111360549927e-01
3.286734223365783691e-02
-1.614772900938987732e-02
-1.968263462185859680e-02
-5.156217142939567566e-02
1.306448429822921753e-01
1.047408133745193481e-01
2.345181442797183990e-02
-1.507747918367385864e-01
-8.318550884723663330e-02
-1.152494996786117554e-01
2.513780631124973297e-02
-1.346343457698822021e-01
-6.898565590381622314e-02
2.603437192738056183e-02
1.641868203878402710e-01
-7.739282399415969849e-02
3.833428397774696350e-02
9.338822960853576660e-02
1.822987385094165802e-02
1.712462119758129120e-02
-6.171464174985885620e-02
1.260994523763656616e-01
-2.194959670305252075e-02
-3.069613315165042877e-02
-3.411065787076950073e-02
-6.204279884696006775e-02
-3.096068743616342545e-03
-7.750382274389266968e-02
8.127363026142120361e-02
-6.081807240843772888e-02
-9.310531616210937500e-02
3.651329874992370605e-02
-8.778514713048934937e-02
5.786856263875961304e-02
-9.795086085796356201e-02
-1.765499413013458252e-01
-2.442269027233123779e-02
-7.815569639205932617e-02
2.813411410897970200e-03
4.927599057555198669e-02
-9.304152429103851318e-02
3.252646327018737793e-02
-1.208819448947906494e-01
4.811145365238189697e-03
-6.080972030758857727e-02
-6.600678432732820511e-03
-8.513842523097991943e-02
-7.352572679519653320e-02
-1.372437179088592529e-01
6.491902470588684082e-02
1.236377060413360596e-01
6.423375010490417480e-02
-5.010124668478965759e-02
-1.161242052912712097e-01
1.053348034620285034e-01
-7.280315458774566650e-02
-9.435296058654785156e-02
-1.192700788378715515e-01
-5.720141902565956116e-02
-7.429572194814682007e-02
-7.896015048027038574e-02
-3.071518987417221069e-02
-7.838838547468185425e-02
7.624831050634384155e-02
3.464892134070396423e-02
-1.266338396817445755e-02
-3.441485168877989054e-04
-6.115389987826347351e-02
6.722806394100189209e-02
-6.906481832265853882e-02
-1.348060835152864456e-02
1.074136700481176376e-02
2.524044550955295563e-02
9.817869402468204498e-03
-1.378741711378097534e-01
5.725233629345893860e-02
1.112361922860145569e-01
9.156503528356552124e-02
-7.990552484989166260e-02
-1.151789575815200806e-01
1.606726497411727905e-01
5.517319217324256897e-02
6.179409101605415344e-03
-8.645513653755187988e-02
-1.471071504056453705e-02
-2.772850543260574341e-02
-1.150062214583158493e-02
-1.370364576578140259e-01
-7.187183201313018799e-02
4.397510737180709839e-02
9.895434230566024780e-02
-1.051891893148422241e-01
7.860198616981506348e-02
6.120608374476432800e-02
-7.514795288443565369e-03
1.367604434490203857e-01
-4.116557538509368896e-02
9.399854391813278198e-02
-1.437263637781143188e-01
-1.087128445506095886e-01
-1.156423799693584442e-02
1.850124746561050415e-01
5.299212038516998291e-02
1.524199247360229492e-01
-3.889545425772666931e-02
4.291003942489624023e-02
-1.036587283015251160e-01
-5.517225340008735657e-02
-2.408354729413986206e-02
8.257133513689041138e-02
4.827507585287094116e-02
1.484280675649642944e-01
-7.867142558097839355e-02
-6.334479898214340210e-02
-2.676166035234928131e-02
8.433963172137737274e-03
-3.503122553229331970e-02
1.864383555948734283e-02
6.575305759906768799e-02
1.887502819299697876e-01
-4.713903740048408508e-02
-5.618990585207939148e-02
8.106758445501327515e-02
-3.080485016107559204e-02
1.221989002078771591e-02
-1.035855263471603394e-01
8.807295560836791992e-02
8.928728848695755005e-02
1.350009441375732422e-01
-1.368611305952072144e-01
1.520902849733829498e-02
1.698687486350536346e-02
1.053289696574211121e-01
-3.851774334907531738e-02
6.299973279237747192e-02
1.462346017360687256e-01
-1.397527903318405151e-01
5.844718217849731445e-02
6.058386713266372681e-02
-8.846695721149444580e-02
-2.456931211054325104e-02
5.258831381797790527e-02
-7.349120080471038818e-02
2.086369991302490234e-01
5.102466046810150146e-02
1.226988956332206726e-01
-9.021569043397903442e-02
-1.781847514212131500e-02
-2.450927905738353729e-02
6.046240683645009995e-03
-4.542118683457374573e-02
-6.544177979230880737e-02
-6.969533115625381470e-02
-1.439445093274116516e-02
1.029589250683784485e-01
-5.238649435341358185e-03
-1.152926012873649597e-01
5.726596713066101074e-02
5.856886506080627441e-02
-7.987631857395172119e-02
9.873189777135848999e-02
1.201455518603324890e-01
1.307475380599498749e-02
-4.071274399757385254e-02
1.315665151923894882e-02
1.221385225653648376e-01
-2.682864852249622345e-02
5.669103935360908508e-02
-1.015090122818946838e-01
-5.355503037571907043e-02
-1.040265187621116638e-01
1.241056844592094421e-01
-4.029626026749610901e-02
1.849118620157241821e-02
-5.938185751438140869e-02
2.181124500930309296e-02
8.576934039592742920e-02
1.264742463827133179e-01
2.790181711316108704e-02
4.375847801566123962e-02
6.225832924246788025e-02
3.341750800609588623e-02
-9.878638386726379395e-02
-8.752580732107162476e-02
1.045471578836441040e-01
1.086804550141096115e-02
1.038058921694755554e-01
-1.623649895191192627e-01
-1.024949178099632263e-01
-2.082935906946659088e-02
1.044783741235733032e-01
1.113059222698211670e-01
8.055035769939422607e-02
1.439564973115921021e-01
-6.119012460112571716e-02
1.358783454634249210e-03
1.053270176053047180e-01
-1.215859651565551758e-01
-8.901866525411605835e-02
5.013326182961463928e-02
9.098466485738754272e-02
-8.568012714385986328e-02
-1.625929325819015503e-01
-3.518696874380111694e-02
1.317368596792221069e-01
-2.253123384434729815e-04
2.257261425256729126e-02
-9.806720912456512451e-02
-1.095038577914237976e-01
4.247395694255828857e-02
4.946756735444068909e-02
8.650207519531250000e-02
-2.828415250405669212e-03
-1.117175295948982239e-01
-9.438906610012054443e-02
4.070925712585449219e-02
1.203841194510459900e-01
7.040771842002868652e-02
6.601332128047943115e-02
-1.105392798781394958e-01
1.388404369354248047e-01
-5.962412804365158081e-02
-4.106225073337554932e-02
1.332025080919265747e-01
-7.040211558341979980e-02
9.762700647115707397e-02
5.896132066845893860e-02
1.736284233629703522e-02
-9.144615381956100464e-02
-6.584200263023376465e-02
4.918575286865234375e-02
8.490248769521713257e-02
5.765289440751075745e-02
3.065381571650505066e-02
-5.779180210083723068e-04
1.352640390396118164e-01
1.468227710574865341e-03
-1.496029794216156006e-01
1.921241134405136108e-01
-1.283247396349906921e-02
-1.567055135965347290e-01
-4.618064686655998230e-02
-3.831265866756439209e-02
-2.114316821098327637e-02
3.427258506417274475e-02
8.814988285303115845e-02
5.566333606839179993e-02
1.027868166565895081e-01
-1.592749543488025665e-02
-6.865335255861282349e-02
3.425639495253562927e-02
-1.331831961870193481e-01
9.233520925045013428e-02
5.918210372328758240e-02
-1.151960566639900208e-01
-1.336116064339876175e-02
-1.332983672618865967e-01
8.358695544302463531e-03
3.970502689480781555e-02
1.244425766344647855e-05
2.739659883081912994e-02
1.086342409253120422e-01
-6.145531684160232544e-02
1.188242435455322266e-01
6.250692903995513916e-02
3.191329166293144226e-02
-1.072621718049049377e-01
-5.494166631251573563e-03
1.347195953130722046e-01
2.784364856779575348e-02
-4.821409657597541809e-02
-1.067315936088562012e-01
2.145704254508018494e-02
1.393107920885086060e-01
-1.248751487582921982e-02
1.284100562334060669e-01
-8.745090663433074951e-02
-4.708904772996902466e-02
-1.533771157264709473e-01
-8.177146315574645996e-02
7.769552618265151978e-02
9.556888788938522339e-02
-1.425402425229549408e-02
3.124652430415153503e-02
4.391608759760856628e-02
-7.696469128131866455e-02
1.698342412710189819e-01
-1.314402818679809570e-01
8.732762932777404785e-02
1.466681212186813354e-01
6.145491823554039001e-02
3.364255279302597046e-02
5.857144668698310852e-02
-5.676261708140373230e-02
-9.207847714424133301e-02
4.648114740848541260e-02
1.455123722553253174e-01
-5.305722355842590332e-02
-7.723906636238098145e-02
2.153600938618183136e-02
-6.957212090492248535e-02
1.187999024987220764e-01
-5.913149192929267883e-02
8.161996304988861084e-02
9.137748181819915771e-02
8.826949633657932281e-03
9.106690436601638794e-02
-1.295967251062393188e-01
5.685425177216529846e-02
2.828650549054145813e-02
-1.011126413941383362e-01
5.102883093059062958e-03
5.566293001174926758e-02
1.183258593082427979e-01
-8.267138898372650146e-02
-9.502756595611572266e-02
-4.415313154458999634e-02
2.206060336902737617e-03
-9.058237820863723755e-02
-4.946294799447059631e-02
9.013187140226364136e-03
7.077265763655304909e-04
4.112795740365982056e-02
1.373680215328931808e-02
-9.580894559621810913e-02
7.964253425598144531e-02
-1.412378698587417603e-01
1.264074444770812988e-01
-5.628483742475509644e-02
7.836261391639709473e-02
1.027796119451522827e-01
-1.414825022220611572e-01
2.325912937521934509e-02
2.003812491893768311e-01
6.528383493423461914e-02
6.257540732622146606e-02
2.507803775370121002e-02
9.186106920242309570e-02
-3.332446212880313396e-04
8.013179898262023926e-02
4.631026834249496460e-02
-1.684621870517730713e-01
-3.789865598082542419e-02
-1.553592830896377563e-01
1.187505666166543961e-02
5.965247284621000290e-03
1.226690486073493958e-01
6.059295684099197388e-02
1.637462377548217773e-01
9.883692860603332520e-02
2.578289434313774109e-02
-1.692088693380355835e-01
2.432530932128429413e-02
-4.135195910930633545e-02
1.466694567352533340e-02
8.222420513629913330e-02
1.021722033619880676e-01
1.048285439610481262e-01
-5.568012222647666931e-02
1.217687129974365234e-02
1.448715627193450928e-01
1.276317089796066284e-01
7.123930752277374268e-02
1.334338337182998657e-01
1.122473031282424927e-01
1.152243837714195251e-01
2.089176885783672333e-02
-3.617634251713752747e-02
-2.048898860812187195e-02
-9.586230665445327759e-02
9.032075107097625732e-02
-3.076923266053199768e-02
-4.585866816341876984e-03
1.631739139556884766e-01
-1.187698468565940857e-01
1.269299685955047607e-01
1.307325065135955811e-01
-4.816889390349388123e-02
-1.092652529478073120e-01
3.582451865077018738e-02
-3.610618412494659424e-02
6.477894634008407593e-02
1.186072304844856262e-01
1.193033307790756226e-01
-1.106191724538803101e-01
1.231648698449134827e-01
-4.597858339548110962e-02
-1.082424297928810120e-01
-2.723121643066406250e-02
5.062125995755195618e-02
-1.813816465437412262e-02
-4.842809215188026428e-02
-8.056782186031341553e-02
-2.822451107203960419e-02
-1.003523543477058411e-01
1.278823986649513245e-02
-5.282122641801834106e-02
-5.243217200040817261e-02
2.562884241342544556e-02
9.035144001245498657e-02
-5.689585581421852112e-02
-6.007804721593856812e-02
1.043945774435997009e-01
-8.688697963953018188e-02
-7.177824527025222778e-02
1.490946561098098755e-01
-2.315101027488708496e-02
-1.221663579344749451e-01
1.325673162937164307e-01
-3.285047831013798714e-03
-2.289910428225994110e-02
-3.481255471706390381e-02
1.308729052543640137e-01
5.468482524156570435e-02
-4.673999175429344177e-02
-1.037507802248001099e-01
-5.585731938481330872e-02
-7.837518304586410522e-02
6.310333311557769775e-02
-1.106100305914878845e-01
-1.492182314395904541e-01
-2.542596496641635895e-02
8.715221285820007324e-02
-3.162867855280637741e-03
7.605493068695068359e-02
-1.691031008958816528e-01
-1.387708038091659546e-01
8.307763189077377319e-02
5.250003933906555176e-02
1.329052168875932693e-02
5.955774709582328796e-02
-9.621404856443405151e-02
-5.153446458280086517e-03
3.586497902870178223e-02
-6.871406733989715576e-02
1.181521341204643250e-01
-7.854600250720977783e-02
8.265135809779167175e-03
6.340832263231277466e-02
-8.782337605953216553e-02
-4.958989098668098450e-02
5.294377729296684265e-02
8.109144121408462524e-02
-1.062734238803386688e-02
2.892272919416427612e-02
6.044029444456100464e-02
-1.533325910568237305e-01
5.644934996962547302e-02
-1.390944272279739380e-01
-1.132882833480834961e-01
4.163881391286849976e-02
-6.000326573848724365e-02
-1.223894488066434860e-02
-6.965420395135879517e-02
-7.441994547843933105e-02
5.598421022295951843e-02
1.471524685621261597e-01
-2.825717069208621979e-02
1.340276151895523071e-01
2.901755459606647491e-02
-8.703897893428802490e-02
-9.962963871657848358e-03
-7.543824613094329834e-02
-8.678872883319854736e-02
-1.206861529499292374e-02
1.655305624008178711e-01
-6.951247900724411011e-02
1.076970174908638000e-01
4.582222178578376770e-02
-1.276080906391143799e-01
-1.059929579496383667e-01
-1.621863692998886108e-01
-6.807239353656768799e-02
4.851939529180526733e-02
1.307263523340225220e-01
-2.928189188241958618e-02
-2.093043923377990723e-02
9.032581001520156860e-02
-3.685809299349784851e-02
5.847183614969253540e-02
6.414803862571716309e-02
7.080572098493576050e-02
3.686240687966346741e-02
5.884928256273269653e-02
1.365604996681213379e-01
8.045429736375808716e-02
2.644352801144123077e-02
2.121166884899139404e-02
-1.033124513924121857e-02
5.525476112961769104e-02
1.211692988872528076e-01
-9.518151171505451202e-03
-3.130932152271270752e-02
6.503767520189285278e-02
9.747868031263351440e-02
1.067792847752571106e-01
-1.057033687829971313e-01
-3.804424777626991272e-02
-7.082115858793258667e-02
9.085205942392349243e-02
8.536341041326522827e-02
7.420036196708679199e-02
-8.391936868429183960e-02
-9.936378151178359985e-02
6.622964143753051758e-02
-5.804585292935371399e-02
2.247869782149791718e-02
2.198312617838382721e-02
-5.058737471699714661e-02
-7.826569676399230957e-02
-1.002314537763595581e-01
9.279450029134750366e-02
5.624262616038322449e-02
3.706102445721626282e-02
-1.183713972568511963e-01
-9.328027255833148956e-03
-1.035543158650398254e-01
1.099230796098709106e-01
8.182474970817565918e-02
6.370167434215545654e-02
1.490719020366668701e-01
-1.008283570408821106e-01
-7.004692405462265015e-02
2.508344873785972595e-02
1.923262700438499451e-02
-7.630473934113979340e-03
-3.636202588677406311e-02
4.691182449460029602e-02
-8.568047732114791870e-02
1.523098200559616089e-01
5.660135671496391296e-02
9.630421176552772522e-03
1.359652578830718994e-01
6.194407865405082703e-02
1.697899214923381805e-02
3.877141326665878296e-02
7.446964830160140991e-02
1.511519774794578552e-02
1.242467686533927917e-01
1.751930080354213715e-02
1.340170949697494507e-01
1.139186695218086243e-01
6.992805749177932739e-02
-2.187740523368120193e-03
-5.055342242121696472e-02
-1.456296257674694061e-02
2.691143192350864410e-03
3.323026373982429504e-02
4.748110100626945496e-02
-5.332355201244354248e-02
1.220973357558250427e-01
2.004271000623703003e-02
-4.682458005845546722e-03
1.115767881274223328e-01
3.208044683560729027e-03
-1.063137431629002094e-03
1.463844180107116699e-01
1.122772470116615295e-01
-9.677279740571975708e-02
1.028282418847084045e-01
8.724020421504974365e-02
-7.791673392057418823e-02
9.357550740242004395e-02
-5.689943209290504456e-02
-8.325569331645965576e-02
7.990393042564392090e-02
-7.296708971261978149e-02
-9.901575744152069092e-02
8.317003399133682251e-02
1.070399209856987000e-01
8.010578155517578125e-02
-1.287584602832794189e-01
-1.175607889890670776e-01
4.634558036923408508e-02
4.091091454029083252e-02
1.112579107284545898e-01
-1.782783679664134979e-02
2.659288235008716583e-02
4.139929078519344330e-03
1.243686974048614502e-01
-5.412258952856063843e-02
6.620924919843673706e-02
-7.741164416074752808e-02
-7.582109421491622925e-02
9.342838078737258911e-02
-4.097771272063255310e-02
-5.649366974830627441e-02
8.480279706418514252e-03
8.053625375032424927e-02
4.681699443608522415e-03
9.574449062347412109e-02
-1.155702322721481323e-01
6.369981914758682251e-02
-1.212167739868164062e-02
-9.050478786230087280e-02
-8.222983032464981079e-02
-1.664646714925765991e-01
-7.820300012826919556e-02
6.078762933611869812e-02
6.368853896856307983e-02
-6.233639083802700043e-03
-4.554469883441925049e-02
-4.580085724592208862e-02
6.672205775976181030e-02
1.455940902233123779e-01
-4.086601734161376953e-02
-6.231761351227760315e-02
3.661372000351548195e-03
-9.432068467140197754e-02
7.710570842027664185e-02
-1.266368776559829712e-01
4.729105532169342041e-02
4.325196519494056702e-02
5.102270096540451050e-02
4.563495889306068420e-02
1.244711596518754959e-02
7.096635550260543823e-02
-1.521822810173034668e-02
7.636271417140960693e-02
-9.274598956108093262e-02
1.055814027786254883e-01
-1.039457228034734726e-02
-6.217587739229202271e-02
3.807603940367698669e-02
-2.226163446903228760e-02
8.036804385483264923e-03
7.427853345870971680e-02
-8.170477114617824554e-03
9.267885982990264893e-02
-2.751563489437103271e-02
-4.839266184717416763e-03
1.587656438350677490e-01
1.847485750913619995e-01
1.790565401315689087e-01
-3.488917648792266846e-02
-1.456212718039751053e-02
-3.029956854879856110e-02
-1.095314472913742065e-01
-1.173252314329147339e-01
1.191602796316146851e-01
6.801766902208328247e-02
9.010764770209789276e-03
-5.531785637140274048e-02
6.423716247081756592e-02
7.687758654356002808e-02
9.351692348718643188e-02
-5.480778217315673828e-02
-4.843695089221000671e-02
7.263634353876113892e-02
-1.108051091432571411e-01
-1.598659455776214600e-01
2.379701286554336548e-02
-9.550108015537261963e-02
-1.667062491178512573e-01
9.632157534360885620e-02
5.103041976690292358e-02
2.518943883478641510e-02
-4.154539201408624649e-04
8.206766098737716675e-02
4.678676277399063110e-02
2.877451665699481964e-02
8.161333203315734863e-02
5.548997595906257629e-02
1.407140344381332397e-01
1.112419459968805313e-02
2.023186971200630069e-04
-1.109900325536727905e-01
1.320892274379730225e-01
-2.916666120290756226e-02
-1.542683988809585571e-01
-1.267158836126327515e-01
1.266040951013565063e-01
-7.357684895396232605e-03
-4.241362959146499634e-02
-2.637093327939510345e-02
-5.577254295349121094e-02
1.041872501373291016e-01
-1.385908126831054688e-01
4.271559789776802063e-02
-1.121191531419754028e-01
-3.350852057337760925e-03
1.087760105729103088e-01
-8.535656332969665527e-02
-9.422529488801956177e-02
1.302721798419952393e-01
-8.398333936929702759e-02
-6.676112860441207886e-02
-1.276874393224716187e-01
-6.982631236314773560e-02
-5.313551425933837891e-02
2.584240399301052094e-02
-8.602789044380187988e-02
1.707514002919197083e-02
2.116583660244941711e-02
2.575139515101909637e-02
-3.592934459447860718e-02
-1.167245358228683472e-01
1.762364804744720459e-01
-4.295416176319122314e-02
8.332674950361251831e-02
-3.029161505401134491e-02
-3.106466494500637054e-02
3.841080237179994583e-03
-9.530046582221984863e-02
-7.365602999925613403e-02
-7.454814761877059937e-02
-5.547465756535530090e-02
-1.375973671674728394e-01
9.734755009412765503e-02
-2.332073077559471130e-02
1.206464879214763641e-02
-9.491996467113494873e-02
1.157414987683296204e-01
2.758077159523963928e-02
-7.158031314611434937e-02
6.486491858959197998e-02
-7.600018382072448730e-02
8.908697217702865601e-02
1.461374387145042419e-02
-2.081407979130744934e-02
7.028968073427677155e-03
-1.575190946459770203e-02
-1.556840687990188599e-01
-1.043942272663116455e-01
-1.179380342364311218e-01
-5.886070057749748230e-02
-1.165510341525077820e-01
-1.004055216908454895e-01
7.712185382843017578e-02
-4.147337004542350769e-02
-1.186944991350173950e-01
-7.575423270463943481e-02
5.778929963707923889e-02
-6.707935780286788940e-02
6.234189961105585098e-03
-1.195708066225051880e-01
2.169748209416866302e-02
1.016821786761283875e-01
1.079050898551940918e-01
3.569200634956359863e-02
4.655994009226560593e-03
6.511739641427993774e-02
1.293272525072097778e-01
-7.099127024412155151e-02
2.984581701457500458e-02
-8.712413161993026733e-02
6.275760382413864136e-02
3.165220376104116440e-03
-3.640851378440856934e-02
5.158759653568267822e-02
3.692658618092536926e-02
1.354369074106216431e-01
-7.353431731462478638e-02
7.305806875228881836e-02
-5.279330071061849594e-03
-1.020999401807785034e-01
-1.473115384578704834e-01
-1.132444106042385101e-02
-7.408633828163146973e-02
3.624803153797984123e-03
-1.088971197605133057e-01
-2.260828204452991486e-02
-8.211224526166915894e-02
1.374692916870117188e-01
4.055543337017297745e-03
1.264337152242660522e-01
1.216994569404050708e-04
-6.234468147158622742e-02
7.037852425128221512e-03
-7.851466536521911621e-02
-1.424618363380432129e-01
8.547330647706985474e-02
6.573454290628433228e-02
9.941568970680236816e-02
-1.439269334077835083e-01
2.415456809103488922e-03
2.366343140602111816e-02
-8.029378205537796021e-02
1.215694472193717957e-01
5.004771985113620758e-03
-1.460517644882202148e-01
-1.132808998227119446e-01
-8.364401874132454395e-04
-1.315093599259853363e-02
-6.569454818964004517e-02
-2.448650635778903961e-02
-7.875898480415344238e-02
-6.697761267423629761e-02
1.255810856819152832e-01
7.232982665300369263e-02
1.652566157281398773e-02
1.469698995351791382e-01
-4.953727126121520996e-03
-1.303919553756713867e-01
-7.323046028614044189e-02
1.382445544004440308e-01
2.840343676507472992e-02
6.042747199535369873e-02
-7.819526828825473785e-03
2.126659601926803589e-01
-9.039577841758728027e-02
-5.215933546423912048e-02
2.463563531637191772e-02
1.315062195062637329e-01
5.673704668879508972e-02
-3.215401247143745422e-02
-9.714647196233272552e-03
1.237828955054283142e-01
-1.285035163164138794e-02
7.154758274555206299e-02
1.355779469013214111e-01
-7.896811515092849731e-02
9.707864373922348022e-02
-6.468573212623596191e-02
-6.321772933006286621e-02
1.648618467152118683e-02
-5.433300882577896118e-02
6.570710986852645874e-02
4.892529174685478210e-02
2.053360268473625183e-02
-1.581040211021900177e-02
5.573605746030807495e-02
1.719060391187667847e-01
9.327623248100280762e-02
-2.663579210638999939e-02
-3.037646040320396423e-02
-1.119980663061141968e-01
1.306902319192886353e-01
3.811303060501813889e-03
6.975368410348892212e-02
-3.315649554133415222e-02
-1.193671077489852905e-01
1.053327918052673340e-01
5.401308089494705200e-02
-3.921836242079734802e-02
-9.442804008722305298e-02
-1.130512282252311707e-01
7.716604974120855331e-03
1.799408793449401855e-01
-5.695473402738571167e-02
-1.060732528567314148e-01
-2.725497074425220490e-02
1.137131825089454651e-01
1.022338792681694031e-01
-7.417682558298110962e-02
8.018937660381197929e-04
-2.545037423260509968e-04
1.706736832857131958e-01
-2.996486425399780273e-02
-1.147095486521720886e-01
8.182310312986373901e-02
-9.228229522705078125e-03
7.535368949174880981e-02
1.292104721069335938e-01
-4.557995125651359558e-02
5.398864299058914185e-02
1.671441495418548584e-01
1.244490742683410645e-01
5.943921394646167755e-03
-1.195462271571159363e-01
-4.986459016799926758e-02
4.250356927514076233e-03
-2.880995720624923706e-02
-1.213235706090927124e-01
-3.499386087059974670e-02
4.684931412339210510e-02
8.099917322397232056e-02
5.725790932774543762e-02
8.395448327064514160e-02
4.797513037919998169e-02
-1.141482889652252197e-01
4.247489571571350098e-02
1.162026003003120422e-01
1.378251821734011173e-03
-2.640923112630844116e-02
-6.284756958484649658e-02
-8.379045873880386353e-02
7.662557065486907959e-02
-6.270807236433029175e-02
4.747724160552024841e-02
1.376017332077026367e-01
4.062768816947937012e-02
-1.427190899848937988e-01
6.090655922889709473e-02
1.086564958095550537e-01
-7.348645478487014771e-02
-5.616738274693489075e-02
-4.310249164700508118e-02
4.511889070272445679e-02
1.223050430417060852e-02
-8.593764901161193848e-02
-7.119887322187423706e-02
-1.249779164791107178e-01
1.092906575649976730e-02
6.173160299658775330e-02
2.078047208487987518e-02
-2.280129119753837585e-02
-4.924023896455764771e-02
-4.091269150376319885e-02
-4.494298249483108521e-03
-3.261835873126983643e-02
-8.875846117734909058e-02
7.334763556718826294e-02
6.637799739837646484e-02
-7.824205607175827026e-02
3.524800390005111694e-02
-8.038358390331268311e-02
-1.270519196987152100e-01
1.021608486771583557e-01
1.548787057399749756e-01
5.808060523122549057e-03
1.440054327249526978e-01
-5.772056803107261658e-02
1.499774158000946045e-01
-4.693321138620376587e-02
8.460394293069839478e-02
1.065878495573997498e-01
-9.231212735176086426e-02
4.401259869337081909e-02
-7.825973629951477051e-02
1.439492553472518921e-01
-9.815726429224014282e-02
-4.051028192043304443e-02
-5.821439251303672791e-02
8.841101080179214478e-02
6.949340552091598511e-02
-1.293800771236419678e-01
-1.288706362247467041e-01
-1.036945879459381104e-01
-3.580213710665702820e-02
6.978099793195724487e-02
-7.396273314952850342e-02
6.307280063629150391e-02
7.414238154888153076e-02
2.795284055173397064e-02
7.496801763772964478e-02
5.655026435852050781e-02
-3.928262740373611450e-02
-4.497102648019790649e-02
7.685269415378570557e-02
-7.000780850648880005e-02
-2.097551897168159485e-02
8.274139463901519775e-02
2.188215218484401703e-02
5.463625863194465637e-02
-8.919269591569900513e-02
-3.155802562832832336e-02
1.029876619577407837e-01
-1.206237599253654480e-01
6.146769598126411438e-02
-4.709396511316299438e-02
-1.040532290935516357e-01
1.292083295993506908e-03
2.059750631451606750e-02
-1.062157191336154938e-02
9.211251884698867798e-02
3.545263037085533142e-02
-3.483453765511512756e-02
-1.832038979046046734e-03
1.167499795556068420e-01
1.073531284928321838e-01
-7.473682612180709839e-02
5.651488155126571655e-02
-5.595649406313896179e-02
1.532880216836929321e-02
-1.104214042425155640e-01
8.557351678609848022e-02
-7.607817649841308594e-02
-1.106163039803504944e-01
6.683936715126037598e-02
3.286359459161758423e-02
2.935451269149780273e-02
7.297372072935104370e-02
8.062727749347686768e-02
7.269534468650817871e-02
-1.751185804605484009e-01
-1.258441507816314697e-01
-1.256676390767097473e-02
6.532427668571472168e-02
-1.162764653563499451e-01
1.345770061016082764e-01
-4.796762019395828247e-02
-1.567889004945755005e-02
-1.493755877017974854e-01
-5.939002707600593567e-02
-2.701243571937084198e-02
-6.050438433885574341e-02
9.031850099563598633e-02
-1.111202035099267960e-02
1.341169700026512146e-02
-6.507559120655059814e-02
-6.976472586393356323e-02
1.043915674090385437e-01
-6.320337206125259399e-02
1.144806295633316040e-01
7.996583729982376099e-02
1.360954940319061279e-01
-6.881061941385269165e-02
7.216630131006240845e-02
-6.582953780889511108e-02
1.060751173645257950e-02
8.860007673501968384e-02
-5.469544604420661926e-02
-1.176772117614746094e-01
-9.183885157108306885e-02
-7.926976680755615234e-02
1.184603944420814514e-01
8.077447861433029175e-02
-8.551318943500518799e-02
8.924632519483566284e-02
6.446898728609085083e-02
-2.846591814886778593e-04
-4.621991515159606934e-02
-7.181532215327024460e-03
-2.915013767778873444e-02
-1.228452008217573166e-02
6.262431293725967407e-02
-1.443707793951034546e-01
-1.936290040612220764e-02
-6.095360219478607178e-02
-2.232393249869346619e-02
7.806330174207687378e-02
5.489837378263473511e-02
-5.841783061623573303e-02
1.475294381380081177e-01
1.035805121064186096e-01
-5.637903884053230286e-02
-9.434067457914352417e-02
-1.292599141597747803e-01
5.704738572239875793e-02
-2.305187284946441650e-02
-4.290240257978439331e-02
1.470875889062881470e-01
6.562491506338119507e-02
-7.751501165330410004e-03
1.419363915920257568e-01
-7.248934358358383179e-02
-4.506486654281616211e-02
4.470781609416007996e-02
1.563467644155025482e-02
-1.444898992776870728e-01
1.045505423098802567e-02
1.326962560415267944e-01
-1.044510826468467712e-01
8.933912962675094604e-02
9.504816681146621704e-02
1.027514338493347168e-01
-9.732443094253540039e-02
1.298609972000122070e-01
3.622023016214370728e-02
2.875851839780807495e-02
1.522239595651626587e-01
1.511469930410385132e-01
-4.321143403649330139e-02
3.932428732514381409e-02
-1.257435530424118042e-01
-4.855335131287574768e-02
1.593354530632495880e-02
-5.368588492274284363e-03
4.026729613542556763e-02
1.084036380052566528e-01
-9.626133739948272705e-02
5.959625914692878723e-02
1.192339584231376648e-01
5.997108295559883118e-02
-3.839072585105895996e-02
-4.219143092632293701e-02
-1.013221777975559235e-02
-1.599589176476001740e-02
-1.326842010021209717e-01
1.137644797563552856e-02
-1.398184709250926971e-02
-7.813662290573120117e-02
7.923101633787155151e-02
-1.109714284539222717e-01
1.408244296908378601e-02
3.755106031894683838e-02
1.080802381038665771e-01
3.663795068860054016e-02
1.202929541468620300e-01
-1.277016699314117432e-01
1.155809983611106873e-01
-1.494876146316528320e-01
-1.739328913390636444e-02
7.307401299476623535e-02
-4.414981231093406677e-02
-8.090514689683914185e-02
-8.274920284748077393e-03
1.502004414796829224e-01
1.096419990062713623e-02
4.697071015834808350e-02
3.911118023097515106e-03
6.580939888954162598e-02
-1.618661731481552124e-01
-1.173687130212783813e-01
1.213633418083190918e-01
-8.090203627943992615e-04
1.902665197849273682e-02
-2.396734431385993958e-02
-1.773861050605773926e-02
1.283833533525466919e-01
-1.187519058585166931e-01
-1.716178655624389648e-02
6.137187033891677856e-02
-1.174810901284217834e-02
-1.498593538999557495e-01
9.962942451238632202e-02
-1.511350274085998535e-02
2.430445328354835510e-02
-6.998343020677566528e-02
4.717964679002761841e-02
-9.497462958097457886e-02
-5.850300937891006470e-02
1.986108347773551941e-02
-2.494708169251680374e-03
2.615516446530818939e-02
7.749725133180618286e-02
7.306324690580368042e-02
1.361947059631347656e-01
1.896614581346511841e-01
1.359106004238128662e-01
-1.485174745321273804e-01
3.888482600450515747e-02
2.631447464227676392e-02
-3.787880018353462219e-02
1.247146725654602051e-01
9.049953520298004150e-02
1.477365475147962570e-02
6.496789306402206421e-02
4.322807770222425461e-03
-8.746709674596786499e-02
-3.486323729157447815e-02
4.555418714880943298e-02
1.819100044667720795e-02
4.516713321208953857e-02
-2.946253865957260132e-03
-1.320042647421360016e-03
1.615739762783050537e-01
9.468919783830642700e-02
-5.663726478815078735e-02
-4.355633258819580078e-02
-3.687590733170509338e-02
1.221503838896751404e-01
9.623756259679794312e-02
-1.192606166005134583e-01
1.016185656189918518e-01
-3.113378025591373444e-02
4.535109736025333405e-03
-1.246898993849754333e-02
-3.488509356975555420e-02
-7.325093448162078857e-02
-1.795484684407711029e-02
5.645355582237243652e-02
-5.651212111115455627e-02
-1.075265929102897644e-01
1.330719143152236938e-01
1.293711811304092407e-01
9.922937490046024323e-03
-2.714862115681171417e-02
-4.020076617598533630e-02
2.263012342154979706e-02
1.274238824844360352e-01
-5.653104279190301895e-03
-8.695559203624725342e-02
-3.325039520859718323e-02
-1.275381594896316528e-01
9.163822233676910400e-02
9.703485667705535889e-02
1.629611551761627197e-01
2.367046102881431580e-02
-9.465432167053222656e-02
-2.941212989389896393e-02
-1.424673795700073242e-01
-4.355435445904731750e-02
7.366871833801269531e-02
-7.992430031299591064e-02
6.344418041408061981e-03
-8.522965759038925171e-02
4.490968212485313416e-02
-7.668092101812362671e-02
-8.587649464607238770e-02
1.524689258076250553e-03
-1.114831492304801941e-01
-1.344815641641616821e-01
8.304982632398605347e-02
-6.470557302236557007e-02
-5.669691786170005798e-02
5.324991047382354736e-02
-6.465017050504684448e-02
-3.800679743289947510e-02
-9.066935628652572632e-02
3.724788501858711243e-02
-3.303337842226028442e-02
1.396762579679489136e-01
-4.161604493856430054e-02
-2.859656512737274170e-02
1.369568705558776855e-01
2.725945552811026573e-03
-4.208618402481079102e-02
-7.285006344318389893e-02
-5.476261675357818604e-02
-1.753760725259780884e-01
1.444248706102371216e-01
3.492812439799308777e-02
-6.737650185823440552e-02
-1.094563491642475128e-02
1.168414354324340820e-01
1.308766305446624756e-01
6.016473472118377686e-02
-1.433248519897460938e-01
-1.086099669337272644e-01
-2.315131388604640961e-02
4.413659870624542236e-02
-7.117124646902084351e-02
-3.043163940310478210e-02
1.568471342325210571e-01
1.365954875946044922e-01
1.070960089564323425e-01
4.260895028710365295e-02
-1.042985096573829651e-01
1.153631061315536499e-01
-5.917382240295410156e-02
5.895987153053283691e-02
5.986794084310531616e-02
5.768791213631629944e-02
-1.709340326488018036e-02
-3.681037202477455139e-02
6.551868468523025513e-02
-1.225352659821510315e-01
-8.493510633707046509e-02
1.063522547483444214e-01
1.127064749598503113e-01
1.035815551877021790e-01
9.991656057536602020e-03
6.847741454839706421e-02
-5.904069170355796814e-02
-5.680574849247932434e-02
2.826145151630043983e-03
-8.308868110179901123e-02
-7.457945495843887329e-02
3.635819256305694580e-02
1.492558792233467102e-02
-8.289686590433120728e-02
1.459253877401351929e-01
5.624836310744285583e-02
-4.655427858233451843e-02
-1.924395561218261719e-01
-3.870327025651931763e-02
3.711241111159324646e-02
5.167762283235788345e-04
7.498927414417266846e-02
-2.337645925581455231e-02
-8.651713281869888306e-02
6.746177375316619873e-02
1.008999571204185486e-01
-2.949692867696285248e-02
-6.872347090393304825e-03
-8.926151692867279053e-02
-9.658546000719070435e-02
5.651870742440223694e-03
1.704219132661819458e-01
1.719537936151027679e-02
-4.009517654776573181e-02
-6.647062022238969803e-03
-1.299131512641906738e-01
-2.887071482837200165e-02
1.327648162841796875e-01
6.952745467424392700e-02
-1.837166026234626770e-02
7.229103893041610718e-02
-6.350884586572647095e-02
-7.982777059078216553e-02
-8.816552162170410156e-02
4.556195065379142761e-02
-4.936021938920021057e-02
-8.243898302316665649e-02
3.535808250308036804e-02
-1.040706858038902283e-01
-3.397542238235473633e-02
-3.966752439737319946e-02
-1.141238585114479065e-01
-9.934987872838973999e-02
1.273276284337043762e-02
-1.164559498429298401e-01
-4.010550677776336670e-02
-4.191488772630691528e-02
-5.689265206456184387e-02
-7.370235025882720947e-02
1.917559467256069183e-02
1.840623654425144196e-02
-1.119766198098659515e-02
1.425889581441879272e-01
7.753355801105499268e-02
-5.848710238933563232e-02
8.406297862529754639e-02
1.524577736854553223e-01
-2.179850637912750244e-02
-2.898153662681579590e-02
2.047570794820785522e-02
1.071795150637626648e-01
-1.234604790806770325e-01
1.279035359621047974e-01
-4.886536300182342529e-02
5.137095600366592407e-02
2.056395448744297028e-02
1.385095864534378052e-01
3.121673688292503357e-02
-8.372046053409576416e-02
6.783966720104217529e-02
-5.213917791843414307e-02
1.147479712963104248e-01
-5.628553405404090881e-02
-5.131153762340545654e-02
1.619984395802021027e-02
8.067964017391204834e-02
7.373128831386566162e-02
-1.256595253944396973e-01
-7.488456368446350098e-02
-4.978378489613533020e-02
-2.128073014318943024e-02
-1.620498113334178925e-02
4.504933208227157593e-02
-1.438465416431427002e-01
1.031665727496147156e-01
1.272058114409446716e-02
-2.138671465218067169e-02
7.007558643817901611e-02
1.233700513839721680e-01
7.017096877098083496e-02
-1.097295135259628296e-01
-4.848031327128410339e-02
6.014792621135711670e-02
-5.203258246183395386e-02
-1.501496583223342896e-01
-3.129922598600387573e-02
-1.134658930823206902e-03
1.314777582883834839e-01
1.327677965164184570e-01
-2.411448024213314056e-02
-7.077054679393768311e-02
9.990549832582473755e-02
-1.415332108736038208e-01
7.704748213291168213e-02
1.307258158922195435e-01
6.167709827423095703e-02
-5.556280538439750671e-02
-6.940215080976486206e-02
9.549861401319503784e-02
-2.488590963184833527e-02
-8.468721993267536163e-03
2.983252634294331074e-04
-1.628903597593307495e-01
3.814929723739624023e-02
-2.323086559772491455e-01
8.985849469900131226e-02
1.079915314912796021e-01
-4.032423719763755798e-02
-9.481200575828552246e-02
-1.451314091682434082e-01
-1.234788522124290466e-01
-1.096405982971191406e-01
-9.199396520853042603e-02
3.703254833817481995e-02
-8.997085504233837128e-03
6.042898073792457581e-02
-6.078818812966346741e-02
9.820928424596786499e-02
3.021224960684776306e-02
1.225407421588897705e-02
4.339598491787910461e-02
-5.814079940319061279e-02
8.401797153055667877e-03
1.580712199211120605e-01
-3.732795640826225281e-02
6.231512874364852905e-02
8.483768999576568604e-02
4.177317768335342407e-02
-1.027175709605216980e-01
1.537434407509863377e-03
5.440238863229751587e-03
-3.250612318515777588e-02
8.319228887557983398e-02
1.177152171730995178e-01
-1.150189638137817383e-01
-7.367019355297088623e-02
8.231303654611110687e-03
1.446688175201416016e-01
-1.018594279885292053e-01
-4.499093815684318542e-02
3.822708874940872192e-02
1.639576703310012817e-01
-2.430287189781665802e-02
-1.036874130368232727e-01
-1.295507103204727173e-01
-1.020287163555622101e-02
1.014841794967651367e-01
-8.298379927873611450e-02
6.157201249152421951e-03
-9.689287096261978149e-02
-5.997471138834953308e-02
-9.370744973421096802e-02
6.067544966936111450e-02
4.761802777647972107e-02
6.655439734458923340e-02
1.467490494251251221e-01
-9.039234369993209839e-02
-5.166773498058319092e-02
8.718550950288772583e-02
3.895067423582077026e-02
9.686064720153808594e-02
-2.015981078147888184e-02
-3.681165724992752075e-02
6.265986710786819458e-02
-3.543844912201166153e-03
1.070927083492279053e-01
-6.818243116140365601e-02
-3.372073173522949219e-02
1.923624239861965179e-02
-1.158268228173255920e-01
8.793756365776062012e-02
2.898720838129520416e-02
-1.302109509706497192e-01
-2.779480256140232086e-02
-3.396516293287277222e-02
3.999933227896690369e-02
-4.746956378221511841e-02
-1.801286009140312672e-03
-6.549303233623504639e-02
-3.803579881787300110e-02
-1.970905810594558716e-03
8.595719188451766968e-02
3.372124210000038147e-02
-1.376682892441749573e-02
1.005186587572097778e-01
-1.569539606571197510e-01
-4.647721722722053528e-02
-2.516568824648857117e-02
-9.431489557027816772e-02
-7.462012767791748047e-02
-1.624494940042495728e-01
8.994173258543014526e-02
1.352747250348329544e-02
1.044401749968528748e-01
-9.176692366600036621e-02
-6.336565315723419189e-02
-7.455188781023025513e-02
-1.903340453281998634e-04
4.371012747287750244e-02
9.405276924371719360e-02
6.288999319076538086e-02
-1.376425325870513916e-01
8.773996680974960327e-02
-7.581670582294464111e-02
8.957563340663909912e-02
6.283194571733474731e-02
4.179123416543006897e-02
4.679656028747558594e-02
1.121397614479064941e-01
1.722621023654937744e-01
-2.361979801207780838e-03
5.637953430414199829e-02
-1.086657494306564331e-01
-8.386414498090744019e-02
-8.696887642145156860e-02
-5.448083952069282532e-02
1.758014038205146790e-02
-7.373137027025222778e-02
8.050265908241271973e-02
-1.034490317106246948e-01
-1.015313565731048584e-01
2.316318638622760773e-02
-1.168629229068756104e-01
7.628906518220901489e-02
-8.352234214544296265e-02
-9.945227950811386108e-02
-3.269926458597183228e-02
8.324355632066726685e-02
9.043890982866287231e-02
1.102730855345726013e-01
1.052761971950531006e-01
6.695570796728134155e-02
-4.367572814226150513e-02
-1.093873009085655212e-01
-1.556913950480520725e-03
2.232140675187110901e-02
3.729922324419021606e-02
-1.177193298935890198e-01
2.415752504020929337e-03
8.384574204683303833e-02
1.329876389354467392e-02
4.821082949638366699e-02
1.366713196039199829e-01
-7.300913333892822266e-02
-6.328108161687850952e-02
-1.761379241943359375e-01
-1.023430228233337402e-01
9.264392405748367310e-02
-1.456657145172357559e-02
9.595897793769836426e-02
7.530024647712707520e-02
1.124863773584365845e-01
4.365199059247970581e-02
4.264464601874351501e-02
1.806475967168807983e-02
-9.997931122779846191e-02
8.382617682218551636e-02
6.570650637149810791e-02
8.437376469373703003e-02
-1.081023141741752625e-01
1.146776303648948669e-01
-9.650961309671401978e-02
7.673300802707672119e-02
-9.254259057343006134e-03
2.873633056879043579e-03
-8.893243968486785889e-02
-2.961943298578262329e-02
-1.210016086697578430e-01
5.421964824199676514e-02
8.295878767967224121e-02
1.118424758315086365e-01
-8.855418302118778229e-03
4.269828647375106812e-02
-7.758899778127670288e-02
1.014679074287414551e-01
-1.555175613611936569e-02
9.490562230348587036e-02
3.756179288029670715e-02
-1.371305882930755615e-01
-3.481663018465042114e-02
9.311676770448684692e-02
7.499663531780242920e-02
5.595443304628133774e-03
-6.627052277326583862e-02
3.690561652183532715e-02
6.403587758541107178e-02
1.217100471258163452e-01
6.211060285568237305e-02
-2.483809739351272583e-02
-7.716698199510574341e-02
-1.217748150229454041e-01
1.041614711284637451e-01
-7.116716355085372925e-02
-1.774581894278526306e-02
4.563963040709495544e-02
-6.867636740207672119e-02
-9.723288239911198616e-04
-2.374877780675888062e-02
-2.797944843769073486e-02
-1.292296051979064941e-01
-1.455299109220504761e-01
4.925867915153503418e-02
-1.236747764050960541e-02
7.135225087404251099e-02
1.233556717634201050e-01
7.936317473649978638e-02
-5.579171329736709595e-02
8.770402520895004272e-02
1.837436109781265259e-01
2.309703268110752106e-02
1.372622046619653702e-02
9.313093125820159912e-02
8.609103411436080933e-02
-3.703373298048973083e-02
8.159279078245162964e-02
-1.371376495808362961e-02
-5.375844240188598633e-02
-1.028203964233398438e-01
-4.404380545020103455e-02
-5.041575990617275238e-03
-7.272870093584060669e-02
-5.888319015502929688e-02
-4.433007165789604187e-02
6.745489779859781265e-03
3.045092336833477020e-02
1.320684701204299927e-01
9.037609212100505829e-03
1.280606084037572145e-04
-9.789032489061355591e-02
-1.286384165287017822e-01
-1.853003911674022675e-02
5.398358032107353210e-02
9.941775351762771606e-02
-1.205554902553558350e-01
-9.043546766042709351e-02
-4.041451215744018555e-02
1.029816418886184692e-01
-4.943118616938591003e-02
1.197502464056015015e-01
-7.127984613180160522e-02
3.854951262474060059e-02
-9.267232567071914673e-02
1.156150624155998230e-01
-7.735852152109146118e-02
7.050216197967529297e-02
-6.260157376527786255e-02
-2.764119207859039307e-02
-1.221428066492080688e-02
-1.408444494009017944e-01
-1.171051785349845886e-01
1.330815553665161133e-01
8.853646367788314819e-02
-5.819767713546752930e-02
-7.933673448860645294e-03
-1.317212879657745361e-01
4.443560540676116943e-02
-1.421523396857082844e-03
8.513264358043670654e-02
-6.155577674508094788e-02
4.459769278764724731e-02
1.286085546016693115e-01
-1.170953270047903061e-02
1.016685664653778076e-01
9.607218205928802490e-02
-3.161986544728279114e-02
-6.504523009061813354e-02
1.529531925916671753e-01
1.034048944711685181e-01
2.674340829253196716e-02
5.881986767053604126e-02
-3.290475532412528992e-02
4.174335300922393799e-02
-8.548737317323684692e-02
-1.177423149347305298e-01
-8.456893265247344971e-02
2.175329029560089111e-01
-2.503836527466773987e-02
-3.906911984086036682e-02
1.637415401637554169e-02
9.106599539518356323e-02
7.217948138713836670e-02
1.619923301041126251e-02
4.233715124428272247e-03
1.699344255030155182e-02
-5.562936142086982727e-02
-5.091294646263122559e-02
3.971529006958007812e-02
-8.978994935750961304e-02
-1.484093815088272095e-01
-3.441512584686279297e-02
6.808669865131378174e-02
1.283948719501495361e-01
-1.254955828189849854e-01
-3.521949052810668945e-02
1.709410399198532104e-01
1.051737889647483826e-01
1.141625493764877319e-01
-4.206331819295883179e-02
5.933712050318717957e-02
-1.519502103328704834e-01
-4.479760304093360901e-02
-6.615794450044631958e-02
1.325083076953887939e-01
3.389790654182434082e-02
-7.147902250289916992e-02
-7.107583223842084408e-04
1.316016763448715210e-01
-2.829588390886783600e-02
6.490974873304367065e-02
7.661288604140281677e-03
8.572099730372428894e-03
-1.442680321633815765e-02
4.201724007725715637e-02
-8.653686195611953735e-02
-6.107091158628463745e-02
4.425198212265968323e-02
-3.204918280243873596e-02
-1.088873669505119324e-01
7.204567641019821167e-02
1.069340035319328308e-01
9.726542979478836060e-03
-8.072013407945632935e-02
-7.335825264453887939e-02
3.672690317034721375e-02
-1.506365239620208740e-01
1.017076149582862854e-01
-5.406584590673446655e-02
-2.104586660861968994e-01
-1.618415564298629761e-01
-1.204443201422691345e-01
6.692455708980560303e-02
-4.017870500683784485e-02
1.088890060782432556e-01
1.040776725858449936e-02
-2.038971483707427979e-01
7.363934069871902466e-02
1.283984864130616188e-03
1.724078208208084106e-01
-7.602603733539581299e-02
-7.780888676643371582e-02
-3.266948624514043331e-04
8.316570892930030823e-03
1.186467632651329041e-01
-7.570650428533554077e-02
-5.766880512237548828e-02
-1.279479116201400757e-01
1.529313921928405762e-01
8.194141089916229248e-02
2.125681005418300629e-02
4.950580652803182602e-03
1.077948734164237976e-01
7.747656106948852539e-02
5.915733054280281067e-03
-2.204859070479869843e-02
4.361930768936872482e-03
-1.709321886301040649e-01
-8.514337986707687378e-02
-8.742049336433410645e-03
-1.054342538118362427e-01
1.471066176891326904e-01
1.501734107732772827e-01
1.954608224332332611e-02
8.462089300155639648e-02
-4.417726770043373108e-02
-1.035302921081893146e-04
-8.835795521736145020e-02
1.676442287862300873e-02
-4.000428132712841034e-03
3.405941277742385864e-02
6.824620533734560013e-03
3.953783586621284485e-02
-6.057867780327796936e-02
-4.520087689161300659e-02
1.280071400105953217e-02
-2.423600666224956512e-02
7.089545577764511108e-02
-7.336081471294164658e-03
1.003657057881355286e-01
-8.540956676006317139e-02
-1.654703868553042412e-03
1.079340279102325439e-01
1.127455383539199829e-01
-7.116463780403137207e-02
-7.198001444339752197e-02
-9.582079201936721802e-02
9.171447157859802246e-02
1.210871860384941101e-01
-3.944181371480226517e-03
1.402676105499267578e-01
7.526385597884654999e-03
-8.319522254168987274e-03
2.129157036542892456e-01
-8.184779435396194458e-03
-1.917771622538566589e-02
-1.149124875664710999e-01
-1.207103282213211060e-01
1.281742006540298462e-01
-6.069839000701904297e-02
9.509547054767608643e-02
-7.422132790088653564e-02
-2.234357893466949463e-01
-9.284537285566329956e-02
-4.032134264707565308e-02
1.093543916940689087e-01
1.147772744297981262e-01
9.564778208732604980e-02
1.241715177893638611e-01
-4.879068955779075623e-02
6.560046970844268799e-02
5.242605693638324738e-04
4.784853011369705200e-02
7.188939955085515976e-03
2.995155006647109985e-02
-1.632214151322841644e-02
-5.840030312538146973e-02
6.649793684482574463e-02
-1.342148482799530029e-01
-4.419824108481407166e-02
2.331633865833282471e-02
1.529602408409118652e-01
1.159322634339332581e-02
-4.155109450221061707e-02
7.794111222028732300e-02
-2.895672246813774109e-02
-1.313184797763824463e-01
3.928769007325172424e-02
8.757046610116958618e-02
1.449729781597852707e-02
-3.844916122034192085e-03
6.940230727195739746e-02
1.981722889468073845e-03
-1.242816355079412460e-02
2.485289471223950386e-03
-1.463716775178909302e-01
-1.239056326448917389e-02
1.193754002451896667e-02
-6.168432161211967468e-02
6.555526703596115112e-02
4.391862079501152039e-02
2.356637269258499146e-02
8.232378168031573296e-04
-5.591977853327989578e-03
-8.460102975368499756e-02
1.247076839208602905e-01
-1.525928080081939697e-01
-3.851059451699256897e-02
4.085976257920265198e-02
-1.631656778044998646e-03
-7.263138890266418457e-03
2.221680618822574615e-02
-1.213878765702247620e-01
-8.088038302958011627e-03
1.177051514387130737e-01
4.346622526645660400e-02
-1.560109900310635567e-03
-2.761066518723964691e-02
-4.635340347886085510e-02
-1.445360481739044189e-01
1.020650938153266907e-01
-5.091841518878936768e-02
-1.130163297057151794e-01
-1.329685151576995850e-01
-4.692417383193969727e-02
-9.787230752408504486e-03
-3.557700430974364281e-03
-8.035673201084136963e-02
2.518347464501857758e-02
1.428995877504348755e-01
5.050935968756675720e-02
-8.815035969018936157e-02
-1.325613111257553101e-01
-1.727028936147689819e-01
-7.635544240474700928e-02
5.599129572510719299e-02
-2.238530293107032776e-02
-8.266948163509368896e-02
3.641193732619285583e-02
1.797136664390563965e-02
4.275198280811309814e-02
7.695178687572479248e-02
-6.163938343524932861e-02
5.921300966292619705e-03
-1.693237759172916412e-02
6.038444116711616516e-02
5.141935124993324280e-02
-6.909275799989700317e-02
-4.537734761834144592e-02
-7.654450088739395142e-02
9.344132989645004272e-02
1.667351834475994110e-02
-4.217012226581573486e-02
-5.980991944670677185e-02
7.530085742473602295e-02
-3.523582592606544495e-02
-6.254512816667556763e-02
-3.387488657608628273e-03
8.585843443870544434e-02
2.002390101552009583e-02
-1.275551039725542068e-02
-3.117059171199798584e-02
-5.865170806646347046e-02
1.790060661733150482e-02
3.494349494576454163e-02
2.043398469686508179e-01
-1.844628527760505676e-02
-2.731797471642494202e-02
5.660865083336830139e-02
-2.901556342840194702e-02
-9.102508425712585449e-02
9.459748119115829468e-02
6.835696846246719360e-02
1.716125570237636566e-02
1.443103700876235962e-01
-3.336827084422111511e-02
-4.680629074573516846e-02
1.471966318786144257e-02
-1.036742404103279114e-01
1.203039959073066711e-01
-3.613433986902236938e-02
4.191996157169342041e-02
-8.744595944881439209e-02
-6.304388493299484253e-02
-2.208918929100036621e-01
4.941343329846858978e-03
-1.163968294858932495e-01
-1.527786552906036377e-01
-1.319620292633771896e-03
-3.999534994363784790e-02
-7.542486488819122314e-02
9.928996115922927856e-02
-2.126977592706680298e-02
-1.582926362752914429e-01
-1.123289838433265686e-01
1.438302174210548401e-02
3.231349214911460876e-02
-9.628603234887123108e-03
7.174050062894821167e-02
-6.310771685093641281e-03
-2.974931150674819946e-02
1.056671068072319031e-01
8.909442275762557983e-02
1.508428305387496948e-01
-2.742737531661987305e-02
8.782814443111419678e-02
-1.629043966531753540e-01
4.046923294663429260e-02
3.482000902295112610e-02
9.519498050212860107e-02
3.598017990589141846e-02
1.201613992452621460e-02
-7.068938016891479492e-02
-7.347567472606897354e-03
-3.916540741920471191e-02
5.947970598936080933e-02
-1.041012704372406006e-01
7.269380986690521240e-02
-7.116348296403884888e-02
1.436058729887008667e-01
-8.780725300312042236e-02
2.685254366951994598e-05
-5.322289466857910156e-02
7.770372182130813599e-02
-3.372606262564659119e-02
1.825761422514915466e-02
-1.075370088219642639e-01
7.362799346446990967e-02
-7.792629301548004150e-02
3.752088546752929688e-02
6.668397039175033569e-02
5.189456790685653687e-02
1.299012154340744019e-01
-1.197248175740242004e-01
-9.015564620494842529e-02
-6.975863128900527954e-02
5.595884472131729126e-02
7.483857125043869019e-02
1.875272393226623535e-02
1.552519500255584717e-01
4.675413668155670166e-02
5.276058241724967957e-02
-8.549366146326065063e-03
-8.036972582340240479e-02
1.189427897334098816e-01
1.178011521697044373e-01
-6.547672301530838013e-02
-5.435907468199729919e-02
1.076504737138748169e-01
3.438937664031982422e-02
5.688848346471786499e-02
-4.535122588276863098e-02
-5.839630216360092163e-02
-6.184245273470878601e-02
1.225078850984573364e-02
2.421556785702705383e-02
7.576834410429000854e-02
1.070973128080368042e-01
1.672117561101913452e-01
9.802792221307754517e-02
2.220751484856009483e-03
6.055904924869537354e-02
5.136043950915336609e-02
-6.119685247540473938e-02
-6.074590981006622314e-02
7.171691954135894775e-02
7.125913351774215698e-02
2.128401957452297211e-02
5.730165168642997742e-02
1.056352779269218445e-01
1.891607418656349182e-02
7.534097135066986084e-02
-3.698568046092987061e-02
8.083285391330718994e-02
-1.693567633628845215e-02
3.957943618297576904e-02
2.411943115293979645e-02
-7.058869302272796631e-02
9.896696358919143677e-02
3.879616037011146545e-02
1.650604307651519775e-01
-2.189318090677261353e-02
1.227073669433593750e-01
-1.226851250976324081e-02
-1.283277571201324463e-01
-1.385937184095382690e-01
-8.510913699865341187e-02
-2.860706672072410583e-02
8.595753461122512817e-02
-9.849113412201404572e-03
1.402813941240310669e-01
-1.045322865247726440e-01
-2.051353082060813904e-02
3.916596621274948120e-02
2.708213590085506439e-02
-8.749680221080780029e-02
-7.474480569362640381e-02
-1.019451022148132324e-01
-9.036908298730850220e-02
-7.199541479349136353e-02
3.063774667680263519e-02
8.355782926082611084e-02
1.048777326941490173e-01
1.313094049692153931e-01
8.653616905212402344e-02
3.905916120857000351e-03
-1.445464231073856354e-02
-5.855955183506011963e-02
1.105866581201553345e-01
4.584075510501861572e-02
1.200925484299659729e-01
8.355007320642471313e-02
8.030652999877929688e-02
-5.139369983226060867e-03
-9.705191478133201599e-03
5.978386849164962769e-02
-5.886377021670341492e-02
6.962233036756515503e-02
4.711563885211944580e-02
7.072529406286776066e-04
-1.374143213033676147e-01
2.918075211346149445e-02
-7.084816694259643555e-02
4.156930372118949890e-02
-1.217634826898574829e-01
6.107799336314201355e-02
-1.331389695405960083e-01
1.269861869513988495e-02
-1.101071760058403015e-01
-3.833232820034027100e-02
9.335266798734664917e-02
5.349823087453842163e-02
-8.204279839992523193e-02
-4.165115579962730408e-02
1.166000440716743469e-01
6.182498484849929810e-02
-7.445792108774185181e-02
1.300369650125503540e-01
-8.511994383297860622e-04
-1.207763776183128357e-01
8.178143948316574097e-02
-7.010938227176666260e-02
-1.668770611286163330e-02
8.107504807412624359e-03
-3.340349718928337097e-02
-8.899457007646560669e-02
9.765915572643280029e-02
-4.068157821893692017e-02
-7.971603423357009888e-02
-8.516567945480346680e-02
-2.401712816208600998e-03
-1.305119693279266357e-01
-4.169978573918342590e-02
9.614866226911544800e-02
1.362541466951370239e-01
1.395827084779739380e-01
6.574907805770635605e-03
1.606632620096206665e-01
9.577227383852005005e-02
7.739763706922531128e-02
-9.115713834762573242e-02
-4.378657042980194092e-02
1.036888509988784790e-01
-7.455411553382873535e-02
-3.291194885969161987e-02
-1.971779316663742065e-01
1.035834196954965591e-02
-7.439317554235458374e-02
1.030527651309967041e-01
-9.540569037199020386e-02
-2.310111932456493378e-02
-3.446291759610176086e-02
-1.619929075241088867e-01
1.217235848307609558e-01
2.053493075072765350e-02
-8.439657092094421387e-02
-5.722022429108619690e-02
-1.142439991235733032e-01
-8.785048872232437134e-02
-8.633174747228622437e-02
4.264202341437339783e-02
1.147300973534584045e-01
-5.581536889076232910e-02
7.394414395093917847e-02
6.636551767587661743e-02
5.445878580212593079e-02
-3.530214540660381317e-03
8.381115645170211792e-02
-2.492128498852252960e-02
-1.161218509078025818e-01
9.783875942230224609e-02
-1.058986335992813110e-01
-3.215783089399337769e-02
4.968944191932678223e-02
-8.488392457365989685e-03
-9.332883358001708984e-02
-1.514172554016113281e-02
-5.739314481616020203e-02
-4.247749596834182739e-02
1.540042161941528320e-01
-1.280578076839447021e-01
7.633855938911437988e-02
2.208692021667957306e-02
-1.283108890056610107e-01
-9.302975982427597046e-02
-9.601214528083801270e-02
-1.688624732196331024e-02
-7.797230780124664307e-02
6.616326514631509781e-03
6.405498366802930832e-03
-4.705493524670600891e-02
1.350417882204055786e-01
7.952967286109924316e-02
-7.885486632585525513e-02
6.486903131008148193e-02
-1.451107114553451538e-01
-1.078442484140396118e-01
2.935248427093029022e-02
-9.262383729219436646e-02
-7.079681754112243652e-02
1.062977761030197144e-01
-1.137937381863594055e-01
-4.930752888321876526e-02
8.935790508985519409e-02
3.795097768306732178e-02
-6.617732811719179153e-03
6.508132815361022949e-02
-9.786168485879898071e-02
-5.403134971857070923e-02
1.127503439784049988e-02
-4.676131904125213623e-02
5.842430889606475830e-02
-7.916852831840515137e-02
-7.977564632892608643e-02
9.148176759481430054e-02
-4.153585061430931091e-02
-9.072926640510559082e-02
-1.847494393587112427e-02
-2.224987559020519257e-02
4.129596054553985596e-02
8.553044497966766357e-02
1.088814586400985718e-01
8.689898252487182617e-02
-5.050017312169075012e-02
8.759516477584838867e-02
-5.775285512208938599e-02
1.569437831640243530e-01
4.637949168682098389e-02
8.289068937301635742e-02
1.203759089112281799e-01
-2.668836154043674469e-02
6.709268689155578613e-02
4.535832256078720093e-02
4.762519523501396179e-02
7.100108545273542404e-03
-2.717493474483489990e-02
-2.069005928933620453e-02
-2.926864661276340485e-02
1.614788621664047241e-01
-1.717985980212688446e-02
-5.806725472211837769e-02
-3.471098467707633972e-02
8.150260895490646362e-02
-4.732467606663703918e-02
1.124794781208038330e-01
-1.261410303413867950e-02
2.292777970433235168e-02
-1.289211511611938477e-01
-3.174822032451629639e-02
-1.263630241155624390e-01
-1.390422284603118896e-01
-1.042432785034179688e-01
-6.277747452259063721e-02
7.458084076642990112e-02
-1.051085218787193298e-01
-7.849267125129699707e-02
-3.419846668839454651e-02
3.109369613230228424e-02
-1.207067724317312241e-02
2.826700732111930847e-02
1.768522523343563080e-02
-5.464678257703781128e-02
1.223128959536552429e-01
-4.997951909899711609e-02
1.160486117005348206e-01
4.696288332343101501e-02
-2.641126140952110291e-02
7.271197438240051270e-02
-8.032830059528350830e-02
1.003578230738639832e-01
-1.153089571744203568e-02
1.370112895965576172e-01
-7.645329833030700684e-02
6.286322325468063354e-02
1.212107855826616287e-02
8.501198887825012207e-02
1.171336248517036438e-01
-1.448885798454284668e-01
4.245790466666221619e-02
5.894297733902931213e-02
8.918841928243637085e-02
-1.181048974394798279e-01
-8.871997147798538208e-02
-1.093027740716934204e-01
-4.272936657071113586e-02
3.652298822999000549e-02
1.837699860334396362e-02
6.074963137507438660e-02
-6.371278315782546997e-02
1.297264546155929565e-01
-7.068489212542772293e-03
1.306642405688762665e-02
2.671025320887565613e-02
2.253690361976623535e-02
-4.178093746304512024e-02
-4.306494072079658508e-02
-1.684587597846984863e-01
-1.582619398832321167e-01
-4.053458943963050842e-02
1.019259020686149597e-01
7.383564859628677368e-02
1.202103048563003540e-01
6.280701607465744019e-02
-4.232123959809541702e-03
4.830124229192733765e-02
-6.964411586523056030e-02
8.868177980184555054e-02
-1.021263524889945984e-01
2.398647600784897804e-03
-3.382205963134765625e-02
-1.485432684421539307e-01
-1.440237183123826981e-02
-5.171564593911170959e-02
8.294182270765304565e-02
-4.127030074596405029e-02
-9.125860780477523804e-02
1.125540807843208313e-01
-9.398440271615982056e-02
1.051285490393638611e-01
-1.432158648967742920e-01
2.636712603271007538e-02
1.029695942997932434e-01
-8.234445005655288696e-02
6.399444490671157837e-02
-5.194791406393051147e-02
-8.739183656871318817e-03
-1.505052149295806885e-01
5.330742150545120239e-02
-4.034408181905746460e-02
6.259194761514663696e-02
1.726930439472198486e-01
-1.647899746894836426e-01
4.475431889295578003e-02
-1.605526208877563477e-01
-5.913621187210083008e-02
4.090690985321998596e-03
3.430375829339027405e-02
-1.248094514012336731e-01
-4.778920859098434448e-02
-1.252997815608978271e-01
-2.529563754796981812e-02
-1.067892834544181824e-01
1.286661177873611450e-01
-2.645355090498924255e-02
9.047142416238784790e-02
1.285347789525985718e-01
8.952917903661727905e-02
-8.013899624347686768e-02
-9.796069562435150146e-02
2.970242127776145935e-02
3.913611173629760742e-02
-1.098663732409477234e-01
1.737190485000610352e-01
4.136541485786437988e-02
6.394994258880615234e-02
-5.915551260113716125e-02
-1.134510934352874756e-01
-1.654362864792346954e-02
-1.294412612915039062e-01
8.061986416578292847e-02
1.005383431911468506e-01
1.925644651055335999e-02
5.374434217810630798e-02
1.435623914003372192e-01
-3.134853765368461609e-02
-8.918522857129573822e-03
2.791002020239830017e-02
-9.053038433194160461e-03
4.937497526407241821e-02
1.651485413312911987e-01
9.602478146553039551e-02
-6.816855072975158691e-02
8.128770440816879272e-02
7.764285802841186523e-02
6.700945645570755005e-02
2.034666240215301514e-01
1.147737205028533936e-01
-8.095686882734298706e-02
-1.492918003350496292e-02
-2.255634777247905731e-02
7.721380889415740967e-02
-1.085741911083459854e-02
-8.304514735937118530e-02
-4.968699812889099121e-02
1.011413931846618652e-01
9.180495142936706543e-02
-3.343955054879188538e-02
1.686644740402698517e-02
-5.126013979315757751e-02
-7.333897519856691360e-03
-1.275661587715148926e-01
2.988029643893241882e-02
1.224244311451911926e-01
3.514647483825683594e-02
-1.266141384840011597e-01
-5.147136747837066650e-02
1.968291774392127991e-02
7.903138548135757446e-02
-1.570332646369934082e-01
-4.009287431836128235e-02
6.282296776771545410e-02
3.567487746477127075e-02
1.032236516475677490e-01
-7.094090338796377182e-03
-1.545351371169090271e-02
-7.804281264543533325e-02
-2.014357410371303558e-02
-8.311020582914352417e-02
-6.592329591512680054e-02
-1.440744698047637939e-01
-7.697641849517822266e-02
1.733247004449367523e-02
-3.167123720049858093e-02
6.521656364202499390e-02
2.579454705119132996e-02
-8.633648604154586792e-02
-1.324462331831455231e-02
-7.444167882204055786e-02
-6.806515157222747803e-02
1.662169992923736572e-01
-4.401591792702674866e-02
5.484292656183242798e-02
5.460603907704353333e-02
1.969722099602222443e-02
1.304754316806793213e-01
-7.095555216073989868e-02
-1.217850446701049805e-01
-1.167755052447319031e-01
8.918683975934982300e-02
8.968561887741088867e-02
-2.740024589002132416e-02
1.161845922470092773e-01
-1.128616277128458023e-02
1.101765930652618408e-01
1.493245512247085571e-01
-2.471957542002201080e-02
1.273896545171737671e-01
9.129747748374938965e-02
8.500599861145019531e-02
-7.481630891561508179e-02
1.002456918358802795e-01
-1.027439385652542114e-01
1.180500816553831100e-02
-5.456046760082244873e-02
-1.566038876771926880e-01
4.305492341518402100e-02
-7.973399758338928223e-02
1.464227139949798584e-01
-6.873855739831924438e-02
-4.329600930213928223e-02
2.215146087110042572e-02
1.254469007253646851e-01
-6.741022318601608276e-02
6.241990625858306885e-02
1.575447171926498413e-01
-5.749841406941413879e-02
-6.093306839466094971e-02
5.413153395056724548e-02
-5.299325287342071533e-02
-1.767020113766193390e-02
1.017018780112266541e-02
1.200506761670112610e-01
1.028322577476501465e-01
-3.597968816757202148e-02
1.992298290133476257e-02
8.542299270629882812e-02
7.973940670490264893e-02
9.280961938202381134e-03
-1.246077641844749451e-01
1.135588660836219788e-01
1.067348718643188477e-01
-1.248710229992866516e-01
1.252459883689880371e-01
5.585616081953048706e-02
1.394304484128952026e-01
-1.186594888567924500e-01
-1.149381101131439209e-01
-2.720193937420845032e-02
8.681368082761764526e-02
4.257659241557121277e-02
-1.092779561877250671e-01
-4.819821193814277649e-02
-1.580574922263622284e-02
4.052210226655006409e-02
-6.135629862546920776e-02
1.053639277815818787e-01
1.287132501602172852e-01
1.143761328421533108e-03
-1.395425014197826385e-02
-6.618795543909072876e-02
-3.631294891238212585e-02
-5.972317978739738464e-02
-1.335756182670593262e-01
8.538141846656799316e-02
9.542113542556762695e-02
-3.751219063997268677e-02
-1.184032708406448364e-01
-1.200756337493658066e-02
5.852720141410827637e-02
5.843991041183471680e-02
-8.288811892271041870e-02
-2.964690513908863068e-02
-8.917987346649169922e-02
3.012328408658504486e-02
-1.026997864246368408e-01
2.476509474217891693e-02
-3.044096007943153381e-02
-9.534243494272232056e-02
3.355364128947257996e-02
-9.597278386354446411e-02
1.109626516699790955e-01
1.339018065482378006e-02
1.209454685449600220e-01
-2.620826661586761475e-02
-2.940508164465427399e-02
-1.677912026643753052e-01
1.026259437203407288e-01
-1.517544500529766083e-02
1.567956060171127319e-01
-6.442619115114212036e-02
2.136784978210926056e-02
-8.108226209878921509e-02
-5.221659690141677856e-02
-1.316355466842651367e-01
4.529592022299766541e-02
-9.655500948429107666e-02
9.966928511857986450e-02
2.659077383577823639e-02
7.391279935836791992e-02
-6.470801681280136108e-02
1.024803966283798218e-01
-7.731749117374420166e-02
-2.619922719895839691e-02
1.413673162460327148e-01
1.671576313674449921e-02
-6.073370575904846191e-03
-1.217134743928909302e-01
7.104896754026412964e-02
1.379894465208053589e-01
-6.439384818077087402e-02
-2.140815928578376770e-02
1.409654468297958374e-01
-7.535059005022048950e-02
2.366181649267673492e-02
6.641489267349243164e-02
-1.623873859643936157e-01
-6.753583252429962158e-02
7.821188122034072876e-02
-1.105172634124755859e-01
-1.220084950327873230e-01
1.311117112636566162e-01
6.675278395414352417e-02
1.138274595141410828e-01
2.478695474565029144e-02
-7.883185148239135742e-02
-1.903776638209819794e-02
-3.802029043436050415e-02
-1.085781827569007874e-01
2.189288847148418427e-02
1.330244839191436768e-01
3.562637418508529663e-02
-2.498806687071919441e-03
1.948469877243041992e-02
6.456959247589111328e-02
-3.763419762253761292e-02
3.809680044651031494e-02
8.524093776941299438e-02
5.414274986833333969e-03
7.898025959730148315e-02
7.450330257415771484e-02
2.037265710532665253e-02
-9.791773557662963867e-02
-6.820577383041381836e-02
-1.278776228427886963e-01
-1.377596110105514526e-01
6.553480774164199829e-02
3.403064981102943420e-02
8.517540991306304932e-02
1.056123711168766022e-02
3.517877310514450073e-02
5.198336765170097351e-02
-4.015951231122016907e-02
-6.084945052862167358e-03
1.125574782490730286e-01
-2.913422696292400360e-02
1.248251125216484070e-01
-8.875122666358947754e-02
1.879262179136276245e-02
-1.206679865717887878e-01
3.475124761462211609e-02
1.617180369794368744e-02
1.516926139593124390e-01
1.016513109207153320e-01
-1.344813853502273560e-01
5.536038801074028015e-02
3.492784500122070312e-02
7.459472119808197021e-02
5.347955599427223206e-02
-2.824117615818977356e-02
-1.072153598070144653e-01
-2.303263358771800995e-02
1.072811558842658997e-01
3.711016103625297546e-02
-9.675361216068267822e-02
-1.311857998371124268e-01
9.766134619712829590e-02
1.361012831330299377e-02
4.910571873188018799e-02
1.968074031174182892e-02
-4.096722975373268127e-02
6.778521090745925903e-02
-2.870040200650691986e-02
-6.412261165678501129e-03
-6.170318648219108582e-02
1.187023669481277466e-01
-3.114057704806327820e-02
-5.740957334637641907e-02
1.927624340169131756e-03
1.602185703814029694e-02
6.745503842830657959e-02
1.455204337835311890e-01
5.717061087489128113e-02
-3.065636556129902601e-04
-7.352865487337112427e-02
1.080915182828903198e-01
-4.763729870319366455e-02
-1.173998489975929260e-01
-4.420712590217590332e-02
2.243719762191176414e-03
1.361004859209060669e-01
-1.046073287725448608e-01
2.033176831901073456e-02
1.067111864686012268e-01
1.295827031135559082e-01
-2.342942170798778534e-02
6.451161950826644897e-02
7.984460890293121338e-02
8.561836928129196167e-02
1.180433779954910278e-01
1.247082874178886414e-01
-2.302145399153232574e-02
3.810000419616699219e-02
1.055166348814964294e-01
4.360854998230934143e-02
5.325805023312568665e-02
-1.163768246769905090e-01
1.272010803222656250e-01
-5.226936936378479004e-02
1.480263322591781616e-01
3.512458503246307373e-02
-9.774533659219741821e-02
-1.168395429849624634e-01
2.324904315173625946e-02
1.496214866638183594e-01
-1.076200418174266815e-02
-4.848071932792663574e-02
6.265975534915924072e-02
-1.915102265775203705e-02
-8.572230488061904907e-02
-1.561141908168792725e-01
2.065639011561870575e-02
1.631680727005004883e-01
-2.684611128643155098e-03
-1.324073523283004761e-01
-1.536309272050857544e-01
6.416262686252593994e-02
1.016107797622680664e-01
-2.830165624618530273e-02
-6.786093860864639282e-02
5.521857738494873047e-02
-1.799245551228523254e-02
-1.177034974098205566e-01
-3.879355965182185173e-03
-2.937145158648490906e-02
-7.578624784946441650e-02
1.337591409683227539e-01
8.175998926162719727e-02
3.904261812567710876e-02
-1.161886453628540039e-01
-1.100412607192993164e-01
-2.253126911818981171e-02
9.740011394023895264e-02
-7.039759308099746704e-02
-1.008251085877418518e-01
7.272317260503768921e-02
6.560940295457839966e-02
-9.183835983276367188e-02
2.312158234417438507e-02
-1.259252727031707764e-01
-6.483437865972518921e-02
-8.976072818040847778e-02
-1.128602400422096252e-01
-9.960028529167175293e-02
5.107816308736801147e-02
-8.797916769981384277e-02
-8.951978385448455811e-02
-4.748940840363502502e-02
7.298578321933746338e-02
-8.742618560791015625e-02
8.712479472160339355e-02
-1.032330617308616638e-01
-9.910252690315246582e-02
-1.331068724393844604e-01
1.446069478988647461e-01
1.693458482623100281e-02
-6.002784892916679382e-02
-6.866817176342010498e-02
-3.373576700687408447e-02
5.669794604182243347e-02
2.103327307850122452e-03
-5.677545908838510513e-03
1.181657165288925171e-01
4.947195947170257568e-02
3.849953040480613708e-02
-1.218230351805686951e-01
1.469782087951898575e-02
-7.655705511569976807e-02
-1.899332366883754730e-02
-9.430997818708419800e-02
4.653685912489891052e-02
-1.560621988028287888e-02
-1.505200564861297607e-01
-4.287391155958175659e-02
1.620994135737419128e-02
1.662962138652801514e-01
-6.864545494318008423e-02
-4.092849045991897583e-02
8.968317508697509766e-02
-8.705800771713256836e-02
-2.716986276209354401e-02
-9.077808260917663574e-02
-1.974147409200668335e-01
1.452490687370300293e-01
1.935536414384841919e-02
-2.840467356145381927e-02
-7.100610435009002686e-02
9.440072625875473022e-02
6.441115587949752808e-02
4.871407151222229004e-02
-1.296413540840148926e-01
8.200367912650108337e-03
-8.366654813289642334e-02
-1.132264956831932068e-01
1.069768518209457397e-01
-1.153378188610076904e-01
-8.493911474943161011e-02
-6.216897070407867432e-02
7.037205249071121216e-02
4.246432334184646606e-02
4.176201298832893372e-02
-4.728327319025993347e-02
1.500512845814228058e-02
-8.915499597787857056e-02
-8.470154553651809692e-02
-5.881043151021003723e-02
-8.713023364543914795e-02
4.312615096569061279e-02
-7.732914388179779053e-02
-3.900833427906036377e-02
4.659538343548774719e-02
-5.648081749677658081e-02
-6.659855693578720093e-02
7.692938670516014099e-03
-1.510550081729888916e-01
1.382036656141281128e-01
-5.985137075185775757e-02
9.018908441066741943e-02
-3.627402335405349731e-02
7.376045733690261841e-02
-1.219327077269554138e-01
1.993890106678009033e-02
3.739259392023086548e-02
2.394207008183002472e-02
5.059837549924850464e-02
2.554146386682987213e-02
8.097711205482482910e-02
-1.471265405416488647e-01
9.467764198780059814e-02
4.383023455739021301e-02
-7.329997420310974121e-02
-5.739425495266914368e-02
-9.609121829271316528e-02
1.219093352556228638e-01
9.870339184999465942e-02
-1.202198341488838196e-01
-4.173651710152626038e-02
1.505190432071685791e-01
-1.264996528625488281e-01
-7.547095417976379395e-02
-4.956826940178871155e-02
8.381208032369613647e-02
1.003290042281150818e-01
2.545880153775215149e-02
1.066401787102222443e-02
-5.234833061695098877e-02
-6.847572326660156250e-02
-2.094192653894424438e-01
-3.492995351552963257e-02
3.022484714165329933e-03
-1.077468134462833405e-02
-8.083276450634002686e-02
9.556719660758972168e-02
7.166027277708053589e-02
-4.257250577211380005e-02
2.917562052607536316e-02
4.032772779464721680e-02
-4.594470933079719543e-02
9.371639788150787354e-02
5.998535198159515858e-04
2.199601754546165466e-02
-4.569484665989875793e-02
-2.655422687530517578e-02
1.065382510423660278e-01
1.245606765151023865e-01
-7.852508872747421265e-02
-5.874502658843994141e-02
1.012865677475929260e-01
-7.729487959295511246e-03
1.075433418154716492e-01
1.166264042258262634e-01
7.632844615727663040e-03
-4.362794011831283569e-02
-9.527862817049026489e-02
9.223760664463043213e-02
9.931126236915588379e-02
6.442991644144058228e-02
-7.863011956214904785e-02
-8.574864268302917480e-02
-5.554902553558349609e-02
-1.369125545024871826e-01
1.274758577346801758e-01
1.481370348483324051e-02
1.492378413677215576e-01
-7.576765865087509155e-02
1.132377833127975464e-01
1.696010120213031769e-03
3.253546357154846191e-02
5.639214813709259033e-02
-7.073531299829483032e-02
5.729410797357559204e-02
1.478603575378656387e-02
-1.103757247328758240e-01
1.301288418471813202e-02
6.619760394096374512e-02
-5.612501408904790878e-03
-5.639494583010673523e-02
1.342557817697525024e-01
3.149391338229179382e-02
-3.021015785634517670e-02
-5.835705250501632690e-02
-1.315535455942153931e-01
-7.211927324533462524e-02
-6.006038933992385864e-02
-1.358551252633333206e-02
-1.853100024163722992e-02
-6.608875095844268799e-02
1.393788754940032959e-01
1.159332022070884705e-01
-9.004703722894191742e-03
1.133075430989265442e-01
-9.247304499149322510e-02
3.220575861632823944e-03
2.228937856853008270e-02
-8.068030327558517456e-02
-4.887104406952857971e-02
1.776876151561737061e-01
8.930448442697525024e-02
1.466563045978546143e-01
-9.183511137962341309e-02
-8.326397091150283813e-02
-5.142785236239433289e-02
-1.856848970055580139e-02
4.897417500615119934e-02
-7.375056296586990356e-02
1.502691861242055893e-02
-2.538592182099819183e-02
8.339069038629531860e-02
5.202393606305122375e-02
-1.512910425662994385e-01
4.072361066937446594e-02
6.059150770306587219e-02
-8.714722841978073120e-02
2.814800292253494263e-02
1.098245605826377869e-01
7.979179173707962036e-02
1.127129867672920227e-01
1.736411079764366150e-02
9.996894001960754395e-02
6.393040716648101807e-02
-6.698973476886749268e-02
1.351988613605499268e-01
1.098887994885444641e-01
-6.200425326824188232e-02
1.086414679884910583e-01
8.673565834760665894e-02
1.181793808937072754e-01
3.233519569039344788e-02
9.468366205692291260e-02
1.599608510732650757e-01
-1.670883782207965851e-02
-1.106602326035499573e-01
-5.478840321302413940e-02
-8.448255807161331177e-02
-3.360579907894134521e-02
6.137227639555931091e-02
2.881075628101825714e-02
-4.412638023495674133e-03
-4.380641877651214600e-02
4.244428128004074097e-02
6.315936148166656494e-02
-7.426374126225709915e-03
-5.029631033539772034e-02
1.557405199855566025e-02
-2.562475204467773438e-02
-3.270882181823253632e-03
-2.892099134624004364e-02
1.055939868092536926e-01
1.361637264490127563e-01
-1.698199510574340820e-01
-1.403823792934417725e-01
8.208542317152023315e-02
6.620989739894866943e-02
4.889091476798057556e-02
-5.545898526906967163e-02
-1.021227911114692688e-01
-2.753154560923576355e-02
1.419076919555664062e-01
2.952734753489494324e-02
-1.485305875539779663e-01
3.236607834696769714e-02
9.295938163995742798e-02
1.056568250060081482e-01
-1.455375105142593384e-01
-2.354390919208526611e-02
-1.915453001856803894e-02
1.054946929216384888e-01
4.959767684340476990e-02
-7.497480139136314392e-03
-2.423417754471302032e-02
3.653782978653907776e-02
2.045413702726364136e-01
4.755501821637153625e-02
-7.965809106826782227e-02
-3.633345011621713638e-03
-4.625284299254417419e-02
9.572356194257736206e-02
1.200032979249954224e-01
-6.324361264705657959e-02
1.435561925172805786e-01
-8.578500151634216309e-02
-8.725737035274505615e-02
-8.423382043838500977e-02
7.434310019016265869e-02
8.113177865743637085e-02
-5.637258663773536682e-02
1.118357926607131958e-01
-2.013318426907062531e-02
8.496627956628799438e-02
-1.285186558961868286e-01
1.616118848323822021e-01
6.773816794157028198e-02
1.162399537861347198e-02
-2.512415405362844467e-03
3.841355815529823303e-02
1.376497000455856323e-01
-7.412581890821456909e-02
-1.012132540345191956e-01
-7.038706541061401367e-02
-5.061197653412818909e-02
-1.534922420978546143e-01
2.335317060351371765e-02
-1.177867352962493896e-01
1.064578667283058167e-01
-4.606860876083374023e-02
1.469966024160385132e-01
-1.257408857345581055e-01
-8.059422671794891357e-02
-1.058406382799148560e-01
1.123334839940071106e-01
4.184781014919281006e-02
-1.176444441080093384e-01
1.182525604963302612e-02
-5.469540134072303772e-02
8.177913725376129150e-02
3.236876428127288818e-02
1.964396983385086060e-02
8.080418221652507782e-03
-1.349730938673019409e-01
-1.194670051336288452e-02
6.754554808139801025e-02
7.725302129983901978e-02
7.559774070978164673e-02
-7.117588818073272705e-02
6.115417927503585815e-02
1.534006837755441666e-02
8.168213069438934326e-02
2.426449395716190338e-02
-1.339197624474763870e-02
4.745378345251083374e-02
9.563147276639938354e-02
1.618626862764358521e-01
1.455200165510177612e-01
-2.637778874486684799e-03
-5.376167595386505127e-02
-6.656412035226821899e-02
7.275017350912094116e-02
-3.105326555669307709e-02
-7.191482931375503540e-02
-3.223471716046333313e-02
7.621204853057861328e-02
1.087732240557670593e-01
-3.045934624969959259e-02
1.314332038164138794e-01
-1.434279084205627441e-01
-2.847829088568687439e-02
3.508742526173591614e-02
-8.648855239152908325e-02
-1.376847643405199051e-02
6.154190748929977417e-02
-8.543513715267181396e-02
8.647216111421585083e-02
-3.960808366537094116e-02
-1.175188422203063965e-01
-5.441246554255485535e-02
7.598724961280822754e-02
-6.347370147705078125e-02
2.594561502337455750e-02
-1.602867096662521362e-01
-1.139766424894332886e-01
-1.611798405647277832e-01
-6.934333592653274536e-02
-5.033866688609123230e-02
-3.066651895642280579e-02
3.331650421023368835e-02
5.244358628988265991e-02
2.100219950079917908e-02
4.677690565586090088e-02
6.546848267316818237e-02
1.536020934581756592e-01
8.705811202526092529e-02
-8.085886389017105103e-02
-1.203353777527809143e-01
7.745588663965463638e-04
5.126624181866645813e-02
7.669643312692642212e-02
-1.062508448958396912e-01
3.253002092242240906e-02
-1.167495176196098328e-01
1.937466859817504883e-02
6.223135069012641907e-02
1.457792222499847412e-01
-1.172469258308410645e-01
5.722985044121742249e-02
2.145121060311794281e-02
1.518142074346542358e-01
-7.110956311225891113e-02
-1.413046848028898239e-02
-4.644019529223442078e-02
-3.489495068788528442e-02
-6.452199816703796387e-02
6.897830218076705933e-02
1.181293427944183350e-01
-3.911168128252029419e-02
-9.694656357169151306e-03
-4.340136796236038208e-02
-2.520574256777763367e-02
1.579058766365051270e-01
-3.072147630155086517e-02
-2.580709988251328468e-03
8.716024458408355713e-02
5.211946368217468262e-02
9.015876054763793945e-02
-1.284111738204956055e-01
5.595831945538520813e-02
9.627890586853027344e-02
-1.309272088110446930e-02
5.412933230400085449e-02
-4.526949301362037659e-02
8.205968141555786133e-02
4.786053672432899475e-02
-7.936486601829528809e-02
6.005965545773506165e-02
2.166688442230224609e-02
5.102596059441566467e-02
1.444761008024215698e-01
-8.277820795774459839e-02
-1.073408219963312149e-02
-1.337421592324972153e-02
2.038456685841083527e-02
5.540826544165611267e-02
3.335491195321083069e-02
-1.261931359767913818e-01
-5.559178069233894348e-02
-1.210291534662246704e-01
9.921323508024215698e-02
-5.973926559090614319e-02
1.074730604887008667e-01
3.182527422904968262e-02
-3.977666050195693970e-02
-2.847874164581298828e-02
3.357400000095367432e-02
-5.852892249822616577e-02
-2.968827076256275177e-02
6.276933848857879639e-02
1.720206998288631439e-02
-5.243561416864395142e-02
7.911500334739685059e-02
6.367010623216629028e-02
2.433282323181629181e-02
1.196394339203834534e-01
8.990650624036788940e-02
-5.331605300307273865e-02
-3.423404693603515625e-02
-3.036415204405784607e-03
1.348016709089279175e-01
-1.059613190591335297e-02
-1.011804863810539246e-01
2.027663588523864746e-02
1.825662888586521149e-02
-9.961277246475219727e-04
1.785883866250514984e-02
-1.101368889212608337e-01
2.923136204481124878e-02
-3.292685747146606445e-02
-1.499461680650711060e-01
8.489768207073211670e-02
1.248906180262565613e-01
8.517574518918991089e-02
-4.033511877059936523e-02
2.625696733593940735e-02
1.737629249691963196e-02
1.072595939040184021e-01
3.076852066442370415e-03
-7.805088907480239868e-02
4.122083634138107300e-02
1.386709362268447876e-01
-6.301493942737579346e-02
-3.347012400627136230e-02
1.201581507921218872e-01
1.162585020065307617e-01
4.070830345153808594e-02
5.805459246039390564e-02
-8.744329214096069336e-03
8.178211003541946411e-02
-8.687975257635116577e-02
-8.898486196994781494e-02
1.186277493834495544e-01
-6.953299045562744141e-02
2.665073238313198090e-02
-1.274006664752960205e-01
8.655345439910888672e-02
-7.853537797927856445e-02
8.041679114103317261e-02
-1.236457079648971558e-01
-8.900434523820877075e-02
4.653276875615119934e-02
-1.235223636031150818e-01
-3.505879640579223633e-02
-8.510327897965908051e-03
3.819142002612352371e-04
5.384305119514465332e-02
6.987451761960983276e-02
-1.167868524789810181e-01
-1.214224323630332947e-01
1.118746474385261536e-01
-9.880957752466201782e-02
-2.292514964938163757e-02
-1.147489473223686218e-01
3.911062330007553101e-02
3.825921937823295593e-02
6.148756295442581177e-02
-1.931284088641405106e-03
1.711828410625457764e-01
5.973993614315986633e-02
-4.124775901436805725e-02
-1.641432195901870728e-01
5.499180406332015991e-02
1.950991712510585785e-02
5.173080414533615112e-02
-1.025873646140098572e-01
-3.944806382060050964e-02
8.152751624584197998e-02
-7.758916355669498444e-03
5.572539288550615311e-03
-1.144878119230270386e-01
-1.186536531895399094e-02
9.513705223798751831e-02
-7.858262211084365845e-02
-1.144606694579124451e-01
-5.808436870574951172e-02
9.333494305610656738e-02
7.763113081455230713e-02
-7.877453416585922241e-02
-1.071562767028808594e-01
-5.414298549294471741e-02
-4.141137748956680298e-02
5.056227371096611023e-02
-1.797865703701972961e-02
6.517703831195831299e-02
-6.669767200946807861e-03
-1.661751978099346161e-02
-1.067195311188697815e-01
-2.813817560672760010e-02
1.183934584259986877e-01
-1.199215650558471680e-02
-7.953741401433944702e-02
5.743458494544029236e-02
4.183197394013404846e-02
1.038927733898162842e-01
1.023214086890220642e-01
-7.878984510898590088e-02
-2.056638449430465698e-01
1.100188791751861572e-01
2.068427577614784241e-02
8.521356433629989624e-02
1.167629584670066833e-01
1.243980228900909424e-01
-2.190592885017395020e-01
6.140723824501037598e-02
5.172117054462432861e-02
-9.523326903581619263e-02
-1.253194361925125122e-01
1.087026670575141907e-01
2.631030045449733734e-02
-2.794584073126316071e-02
6.040529161691665649e-02
-9.020691365003585815e-02
-1.114066392183303833e-01
5.472439900040626526e-02
7.904405891895294189e-02
5.430376157164573669e-02
-2.369867451488971710e-02
4.990735650062561035e-02
-6.280127912759780884e-02
-1.023553311824798584e-01
-1.093327701091766357e-01
1.290802359580993652e-01
1.243197470903396606e-01
8.523707836866378784e-02
-1.349534988403320312e-01
4.517438262701034546e-02
2.323362082242965698e-01
1.156754717230796814e-01
-5.456798151135444641e-02
4.737105965614318848e-02
1.293875873088836670e-01
7.587895542383193970e-02
-1.225392967462539673e-01
3.747624903917312622e-02
-5.701670423150062561e-03
-8.823116868734359741e-02
6.029681116342544556e-02
5.131455883383750916e-02
-4.292129352688789368e-02
-6.996419280767440796e-02
-7.093044370412826538e-02
5.268550291657447815e-02
9.800482541322708130e-02
-1.024386808276176453e-01
9.703594446182250977e-02
5.298651382327079773e-02
7.345876097679138184e-02
-1.327673941850662231e-01
-1.748027652502059937e-01
5.300436541438102722e-02
4.553313553333282471e-02
1.200416907668113708e-01
-1.990309171378612518e-02
-3.221466019749641418e-02
4.474086314439773560e-02
-1.858768612146377563e-02
-9.533438831567764282e-02
1.078810468316078186e-01
1.025565192103385925e-01
6.362657248973846436e-02
6.093899905681610107e-02
-3.745011240243911743e-02
-3.374769911170005798e-02
2.816821262240409851e-02
4.704115167260169983e-02
4.696693271398544312e-02
-8.805668354034423828e-02
5.243584141135215759e-02
9.181404486298561096e-03
1.873450428247451782e-01
7.220378518104553223e-02
4.292806982994079590e-02
1.259606890380382538e-02
6.082497164607048035e-02
-1.112913116812705994e-01
7.059701718389987946e-03
-4.007617011666297913e-02
-1.671330444514751434e-02
-3.959043323993682861e-02
1.778941303491592407e-01
1.245546862483024597e-01
-7.646697107702493668e-03
4.589663818478584290e-02
-1.003024056553840637e-01
8.949571847915649414e-02
-9.979839622974395752e-02
1.191197931766510010e-01
1.229226738214492798e-01
3.597867488861083984e-02
8.170060813426971436e-02
1.434064954519271851e-01
9.263077378273010254e-02
6.823199987411499023e-02
1.570491585880517960e-03
-8.490725606679916382e-02
-4.640758037567138672e-02
-7.630468904972076416e-02
4.940911382436752319e-02
-6.946234405040740967e-02
-6.302273273468017578e-02
-2.022740840911865234e-01
3.349039331078529358e-02
8.163794130086898804e-02
9.497721493244171143e-02
-2.830685861408710480e-02
1.100218594074249268e-01
1.001597642898559570e-01
8.560317009687423706e-02
1.254092454910278320e-01
-1.472190022468566895e-01
7.016419898718595505e-03
-8.139413595199584961e-02
4.771045222878456116e-02
4.912762716412544250e-02
-3.204353898763656616e-02
1.082906201481819153e-01
1.797249726951122284e-02
6.029676273465156555e-02
-3.672341257333755493e-02
-4.905714304186403751e-04
-4.376179724931716919e-02
-5.717080831527709961e-02
1.966625219210982323e-03
4.143180698156356812e-02
-6.912536919116973877e-02
1.323403716087341309e-01
1.276522427797317505e-01
-4.873461276292800903e-02
-3.585451468825340271e-02
-1.891604438424110413e-02
1.145297661423683167e-01
1.405770182609558105e-01
-8.017613738775253296e-02
1.550531536340713501e-01
7.975169457495212555e-03
-8.315433561801910400e-02
9.636813402175903320e-02
-1.495717167854309082e-01
5.724174529314041138e-02
6.677325069904327393e-02
1.052130907773971558e-01
4.116911813616752625e-02
-2.763549610972404480e-02
-5.600795149803161621e-02
1.064007580280303955e-01
2.851491980254650116e-02
-1.522765755653381348e-01
2.582842484116554260e-02
7.601901143789291382e-02
9.328014403581619263e-02
-9.073336422443389893e-02
4.166883602738380432e-02
8.575558662414550781e-02
-7.331520318984985352e-02
1.633844524621963501e-01
2.253920584917068481e-02
-1.057074218988418579e-01
1.249630227684974670e-01
5.738914757966995239e-02
-3.944426774978637695e-02
-7.327569276094436646e-02
5.598006397485733032e-02
-7.587946206331253052e-02
-8.749656379222869873e-03
-2.683730423450469971e-02
-3.555221110582351685e-02
2.915463037788867950e-02
-8.802264183759689331e-02
1.037470176815986633e-01
-7.167781889438629150e-02
5.492605268955230713e-02
6.879661232233047485e-02
4.739219322800636292e-02
-1.537141352891921997e-01
7.988326251506805420e-02
-1.003189906477928162e-01
-1.152228489518165588e-01
-1.106341034173965454e-01
-7.509931176900863647e-02
3.448638692498207092e-02
-2.220970392227172852e-02
1.848979108035564423e-02
8.778430521488189697e-02
1.108304485678672791e-01
3.081237152218818665e-02
9.541493654251098633e-02
-1.193708404898643494e-01
-9.695126116275787354e-02
-1.024193838238716125e-01
1.258240491151809692e-01
-6.971172988414764404e-02
9.902644902467727661e-02
-1.959171332418918610e-02
-3.451664000749588013e-02
3.936836123466491699e-02
1.157742962241172791e-01
-7.976122945547103882e-02
7.886393368244171143e-02
3.803592547774314880e-02
1.095220819115638733e-01
-7.475864142179489136e-02
-5.005689337849617004e-02
-1.540812849998474121e-02
1.832062378525733948e-02
-3.106797486543655396e-02
-5.057974252849817276e-03
4.428853467106819153e-02
1.526456624269485474e-01
1.094658747315406799e-01
-6.372077018022537231e-02
-1.128169894218444824e-01
4.434877540916204453e-03
-7.363009452819824219e-02
9.672584012150764465e-03
1.736256778240203857e-01
1.737198382616043091e-01
-3.448117151856422424e-02
8.014461398124694824e-02
7.486619055271148682e-02
1.422226279973983765e-01
-1.439467817544937134e-01
-7.408142089843750000e-02
1.111077666282653809e-01
-1.238611899316310883e-02
-5.192868784070014954e-02
-4.583957418799400330e-02
-1.378070265054702759e-01
2.606379333883523941e-03
-1.152920201420783997e-01
-1.101582273840904236e-01
1.009078025817871094e-01
8.452097326517105103e-02
-1.040319204330444336e-01
7.589240372180938721e-02
6.764020025730133057e-02
-3.722965717315673828e-03
1.614635139703750610e-01
-1.161596328020095825e-01
-8.041458576917648315e-02
8.826543390750885010e-02
-1.097055897116661072e-01
4.427936300635337830e-02
-6.160532124340534210e-03
-4.362764302641153336e-03
-1.138113811612129211e-01
1.080601438879966736e-01
8.860323578119277954e-02
-9.931518137454986572e-02
1.460667401552200317e-01
9.752448648214340210e-02
6.644216924905776978e-02
9.577534347772598267e-02
2.019508974626660347e-03
4.700068756937980652e-02
6.263868510723114014e-02
2.594185993075370789e-02
-9.833418577909469604e-02
-8.427861332893371582e-02
5.116385221481323242e-02
-4.310936480760574341e-02
5.625748634338378906e-02
6.086487323045730591e-02
9.904462099075317383e-02
-3.364984877407550812e-03
2.172913402318954468e-02
-3.350667422637343407e-03
-4.398060217499732971e-02
-8.187727630138397217e-02
7.758801430463790894e-02
1.103378757834434509e-01
5.296176299452781677e-02
5.586365610361099243e-02
-2.214430458843708038e-02
-3.651141747832298279e-02
2.871396578848361969e-02
-1.062964648008346558e-01
3.147192671895027161e-02
-3.537079319357872009e-02
9.351629763841629028e-02
-3.576224297285079956e-02
-1.463478654623031616e-01
4.644312709569931030e-02
6.708423048257827759e-02
-3.343001753091812134e-02
-1.130378246307373047e-02
1.262674480676651001e-01
-2.904058434069156647e-02
6.263787299394607544e-02
6.248438730835914612e-02
1.311810314655303955e-01
6.919611990451812744e-02
-1.193694323301315308e-01
1.375661324709653854e-02
7.822261005640029907e-02
-5.280163139104843140e-02
7.951517403125762939e-02
8.840394765138626099e-02
7.256164401769638062e-02
7.617377489805221558e-02
-3.753218799829483032e-02
-6.970591098070144653e-02
-7.322902232408523560e-02
-3.841082379221916199e-02
-8.181060850620269775e-02
-5.256339162588119507e-02
-9.452854096889495850e-02
8.083140850067138672e-02
7.576629519462585449e-02
-6.719700992107391357e-02
2.101206406950950623e-02
9.005931019783020020e-02
9.596613235771656036e-03
-1.743531972169876099e-01
1.359845250844955444e-01
9.943975508213043213e-02
5.219829455018043518e-02
1.042089909315109253e-01
-2.505834959447383881e-02
9.791877865791320801e-02
6.972303986549377441e-02
4.587806388735771179e-02
-8.390375971794128418e-02
-1.818813011050224304e-02
5.414631962776184082e-02
-2.152220532298088074e-02
6.418155133724212646e-02
-3.456085547804832458e-02
1.373685002326965332e-01
1.054836958646774292e-01
-1.196398064494132996e-01
-6.746371090412139893e-02
-7.207681983709335327e-02
-9.007947146892547607e-02
1.810705363750457764e-01
-8.769743889570236206e-02
-3.292796388268470764e-02
-3.472676128149032593e-02
-1.001211181282997131e-01
-3.079436905682086945e-02
1.933229342103004456e-02
1.013981476426124573e-01
-1.202642098069190979e-01
-7.067196071147918701e-02
3.425716608762741089e-02
-6.595429778099060059e-02
-6.954543292522430420e-02
-3.837581723928451538e-02
1.369275748729705811e-01
-3.984816372394561768e-02
-1.359830051660537720e-01
7.431981712579727173e-02
-1.708353683352470398e-02
1.138154119253158569e-01
-3.885494172573089600e-02
-3.958474099636077881e-02
7.321199774742126465e-02
-9.731110185384750366e-02
2.101325802505016327e-02
1.587201207876205444e-01
5.015498958528041840e-03
9.263888746500015259e-02
8.052695542573928833e-02
-8.129361271858215332e-02
1.914375694468617439e-03
-5.528504773974418640e-02
3.243977203965187073e-03
1.029546111822128296e-01
-8.163001388311386108e-03
-4.585848376154899597e-02
1.500229164958000183e-02
-1.429544538259506226e-01
6.967841833829879761e-02
2.364109270274639130e-02
-3.229238092899322510e-02
-1.401291042566299438e-02
5.295578390359878540e-02
9.076093137264251709e-02
-1.521937176585197449e-02
1.061223521828651428e-01
4.801235347986221313e-02
6.827141344547271729e-02
-1.942793279886245728e-02
-1.415141075849533081e-01
2.692279173061251640e-03
-6.318689137697219849e-02
1.024099532514810562e-02
-6.528746336698532104e-02
-3.439815714955329895e-02
-1.454054564237594604e-01
-1.014439612627029419e-01
2.561259316280484200e-03
1.098211035132408142e-01
-1.215960308909416199e-01
-7.272410392761230469e-02
-8.399495482444763184e-02
4.484856873750686646e-02
-1.107422560453414917e-01
-5.804218817502260208e-03
-1.458614598959684372e-02
1.384046375751495361e-01
7.802460342645645142e-02
1.299672126770019531e-01
1.317281872034072876e-01
9.716855734586715698e-02
-6.105723232030868530e-02
-1.056596115231513977e-01
-8.315658569335937500e-02
3.696102648973464966e-02
9.109741449356079102e-02
-5.277599766850471497e-02
-1.023068726062774658e-01
-1.495918035507202148e-01
1.291334927082061768e-01
5.219846218824386597e-02
5.230831447988748550e-03
-8.452210575342178345e-02
1.056640148162841797e-01
-1.564558446407318115e-01
6.895463913679122925e-03
-9.978003799915313721e-02
1.119932383298873901e-01
-6.397841125726699829e-02
-1.358881685882806778e-02
-7.336033880710601807e-02
-2.069970779120922089e-02
1.322282701730728149e-01
9.743006527423858643e-02
6.502463668584823608e-02
-7.104008924216032028e-03
1.864418685436248779e-01
6.472023576498031616e-02
-8.884280174970626831e-02
3.970520198345184326e-02
-3.078758157789707184e-02
-3.475091606378555298e-02
-7.666545361280441284e-02
-1.016322225332260132e-01
8.437716960906982422e-02
1.525469706393778324e-03
-5.493040010333061218e-02
-1.063780561089515686e-01
-9.855359792709350586e-03
7.296746131032705307e-03
-2.511168457567691803e-02
3.649669513106346130e-02
2.439788170158863068e-02
-1.029859110713005066e-01
-3.404552489519119263e-02
-6.118680909276008606e-02
-1.327533423900604248e-01
1.743068844079971313e-01
-3.891618456691503525e-03
2.080467641353607178e-01
1.554664075374603271e-01
6.339319050312042236e-02
-1.241317167878150940e-01
-1.042141243815422058e-01
-1.662747748196125031e-02
2.482929639518260956e-02
1.761817634105682373e-01
-6.713846325874328613e-02
-8.218598365783691406e-02
2.541497349739074707e-03
-1.546052377671003342e-02
1.790901646018028259e-02
-4.426613077521324158e-02
-6.660870462656021118e-02
3.860922530293464661e-02
-6.668050587177276611e-02
1.545877102762460709e-02
-4.124633967876434326e-02
1.340164691209793091e-01
-5.098329856991767883e-02
1.662776470184326172e-01
1.541439890861511230e-01
1.312844157218933105e-01
-1.728143170475959778e-02
5.305892974138259888e-02
-4.805798083543777466e-02
-8.331257849931716919e-02
-6.055571511387825012e-02
8.696582168340682983e-02
7.447474449872970581e-02
7.478171586990356445e-02
-6.700647994875907898e-03
-1.132875494658946991e-02
3.444773843511939049e-03
-1.276016533374786377e-01
3.998011723160743713e-02
5.024787411093711853e-02
5.203104764223098755e-02
-8.581023663282394409e-02
1.926576346158981323e-01
-8.238390088081359863e-02
2.708375640213489532e-02
6.550854444503784180e-02
-1.079308688640594482e-01
1.123880967497825623e-01
2.127321623265743256e-02
-7.194323092699050903e-02
3.500652313232421875e-02
2.979129552841186523e-03
8.122695237398147583e-02
1.164818033576011658e-01
1.590291559696197510e-01
6.672447919845581055e-02
1.089267209172248840e-01
5.757589358836412430e-03
5.358237400650978088e-02
-2.087689563632011414e-02
9.323580563068389893e-02
1.130160763859748840e-01
-1.578295603394508362e-02
1.181560680270195007e-01
-3.094773925840854645e-02
-5.499368533492088318e-02
-6.214968860149383545e-02
1.511393785476684570e-01
8.552371710538864136e-02
-1.406881213188171387e-01
5.211963132023811340e-02
1.897617615759372711e-02
5.234416946768760681e-02
-1.099096760153770447e-01
-1.447237581014633179e-01
-1.286704838275909424e-02
-7.637120783329010010e-02
6.313229911029338837e-03
-4.946621507406234741e-02
-9.274853765964508057e-02
4.095607995986938477e-02
8.642760105431079865e-03
7.414159923791885376e-02
-1.109803244471549988e-01
6.870960444211959839e-02
6.631672382354736328e-02
-3.021838841959834099e-03
-3.502454981207847595e-02
6.974771618843078613e-02
-4.641273245215415955e-02
-1.588405668735504150e-01
8.647108823060989380e-02
-1.551294922828674316e-01
-5.451045557856559753e-02
4.163707420229911804e-02
-3.036926500499248505e-02
-2.952409721910953522e-02
-8.919409662485122681e-02
-2.682879380881786346e-02
-6.394641101360321045e-02
4.661926627159118652e-02
-5.657823756337165833e-02
-1.067554671317338943e-02
1.340101063251495361e-01
8.390977233648300171e-02
-2.463615685701370239e-02
1.672080606222152710e-01
-6.228284165263175964e-02
-8.742897957563400269e-02
-4.111894592642784119e-02
1.166969984769821167e-01
1.130523234605789185e-01
1.385454647243022919e-02
-5.672076717019081116e-02
1.367496550083160400e-01
-9.812569618225097656e-02
-4.654709622263908386e-02
-1.157248243689537048e-01
2.160878032445907593e-01
-5.695993825793266296e-02
5.765550769865512848e-03
4.267046973109245300e-02
3.806914389133453369e-02
-3.030383959412574768e-03
-6.703780591487884521e-02
6.188956275582313538e-02
-1.237418726086616516e-01
-1.346791163086891174e-03
4.041246697306632996e-02
1.154250130057334900e-01
-1.023671403527259827e-01
-6.914936751127243042e-02
-1.266798377037048340e-01
2.639410551637411118e-03
1.139522120356559753e-01
7.461683452129364014e-02
4.126762971282005310e-03
9.173636138439178467e-02
-1.182785332202911377e-01
-8.407988399267196655e-02
5.184469744563102722e-02
6.736195832490921021e-02
-1.854741387069225311e-02
1.133872494101524353e-01
-7.317749410867691040e-02
-1.992673426866531372e-02
-1.009998619556427002e-01
-1.808050274848937988e-02
1.195435672998428345e-01
-1.349750012159347534e-01
-1.583127230405807495e-01
-5.212074145674705505e-02
-1.018984317779541016e-01
1.558311469852924347e-02
-1.402602195739746094e-01
-7.323766499757766724e-02
-9.805292636156082153e-02
1.483111530542373657e-01
1.096362546086311340e-01
1.331512033939361572e-01
9.252078831195831299e-02
2.682504616677761078e-02
8.608511835336685181e-02
-6.991565972566604614e-02
7.760723680257797241e-02
-4.332446679472923279e-02
-1.424755062907934189e-02
1.102479174733161926e-01
-3.159970417618751526e-02
1.362218558788299561e-01
9.213180840015411377e-02
6.502906978130340576e-02
-2.559198997914791107e-02
1.435512602329254150e-01
1.397789362818002701e-02
4.350218921899795532e-03
1.852696016430854797e-02
9.550075978040695190e-02
-4.469871893525123596e-02
1.817114055156707764e-01
-1.136827692389488220e-01
8.647023886442184448e-02
9.259124845266342163e-02
-5.427279323339462280e-02
-5.380444228649139404e-02
-8.733067661523818970e-04
-7.243876904249191284e-02
8.382923156023025513e-02
1.064259186387062073e-01
-1.445089839398860931e-02
4.728436470031738281e-02
7.822480797767639160e-02
7.597263157367706299e-02
4.358584061264991760e-02
-6.410066783428192139e-02
6.392262876033782959e-02
-2.082718461751937866e-01
-1.336330547928810120e-02
-1.015442833304405212e-01
-7.955540716648101807e-02
3.960658982396125793e-02
1.051973775029182434e-01
2.136316522955894470e-02
-4.255848377943038940e-02
-2.824953384697437286e-02
2.229699939489364624e-01
-8.349299430847167969e-03
4.114321246743202209e-02
1.355213113129138947e-03
-3.901124233379960060e-03
2.361178956925868988e-02
-6.238548085093498230e-02
3.540111333131790161e-02
-3.723141038790345192e-03
6.501938402652740479e-02
-9.500255435705184937e-02
1.532124429941177368e-01
1.228060275316238403e-01
-1.026555430144071579e-02
1.440772204659879208e-03
-4.595405235886573792e-02
-1.067831814289093018e-01
6.955932080745697021e-02
-4.783729556947946548e-03
-1.477491017431020737e-02
4.350570496171712875e-03
-1.178645715117454529e-02
-5.970413237810134888e-02
-7.714550942182540894e-02
-2.915550954639911652e-02
5.901573598384857178e-02
-2.808248996734619141e-02
1.494129151105880737e-01
1.709288507699966431e-01
1.322107166051864624e-01
-1.178988143801689148e-01
-2.180016413331031799e-02
7.982280105352401733e-02
2.783419378101825714e-02
1.085467115044593811e-01
1.482317000627517700e-01
-5.455337464809417725e-02
-6.191418692469596863e-02
1.207737550139427185e-01
1.031078100204467773e-01
-1.067876815795898438e-02
2.000737190246582031e-01
-9.168248623609542847e-02
1.408364810049533844e-02
-4.707292839884757996e-02
-1.656425371766090393e-02
1.024311557412147522e-01
-6.670971214771270752e-02
4.777891561388969421e-02
-8.488903939723968506e-02
1.202128380537033081e-01
5.900990590453147888e-02
1.094691678881645203e-01
-9.917288273572921753e-02
-1.195782721042633057e-01
-6.486560404300689697e-02
1.618765145540237427e-01
6.529410183429718018e-02
1.291511803865432739e-01
-3.781090676784515381e-02
2.777320146560668945e-02
2.505561336874961853e-02
1.250873953104019165e-01
1.931935846805572510e-01
4.735701158642768860e-02
-4.892633110284805298e-02
1.433949470520019531e-01
1.049023866653442383e-01
6.798991560935974121e-02
-9.741203486919403076e-02
-1.484213322401046753e-01
-6.265463307499885559e-03
-4.608636349439620972e-02
4.914897680282592773e-02
3.998334053903818130e-03
-1.407029330730438232e-01
-9.677827358245849609e-02
2.202210947871208191e-02
1.080817654728889465e-01
1.358420103788375854e-01
-1.361688412725925446e-02
-1.874269358813762665e-02
-5.061708763241767883e-02
5.601625423878431320e-03
1.400100588798522949e-01
1.653424054384231567e-01
1.311810463666915894e-01
3.404994308948516846e-02
-3.438625112175941467e-02
-1.097057908773422241e-01
2.327598631381988525e-02
4.605337232351303101e-02
-1.298126131296157837e-01
-1.460086554288864136e-01
1.055872440338134766e-01
-9.332887083292007446e-02
1.211899239569902420e-02
-6.581990420818328857e-02
-1.079330518841743469e-01
-5.279550701379776001e-02
6.027133017778396606e-02
-4.553302749991416931e-02
-1.143916230648756027e-02
-4.418545588850975037e-02
-7.347945123910903931e-02
2.598887076601386070e-03
-7.104075700044631958e-02
1.145162507891654968e-01
-3.936006501317024231e-02
-8.462684601545333862e-02
-4.324521869421005249e-02
-5.780032649636268616e-02
-8.772135525941848755e-02
6.809648126363754272e-02
3.022999130189418793e-02
3.104426525533199310e-02
-1.100158393383026123e-01
-4.128905013203620911e-02
3.354407474398612976e-02
5.729104205965995789e-02
1.261514276266098022e-01
1.474213600158691406e-01
-8.128885924816131592e-02
1.064066365361213684e-01
1.063675507903099060e-01
5.457500368356704712e-02
-1.031325012445449829e-01
3.109032660722732544e-02
1.675512939691543579e-01
-5.262785125523805618e-03
1.222558394074440002e-01
6.865459494292736053e-03
1.723588854074478149e-01
-1.185455396771430969e-01
-6.734495609998703003e-02
3.166985511779785156e-02
-5.278169736266136169e-02
1.830592006444931030e-01
-6.706511974334716797e-02
-1.389537900686264038e-01
-9.856408089399337769e-02
5.681517720222473145e-02
-9.798575192689895630e-02
-1.312502920627593994e-01
-1.653895825147628784e-01
6.367630511522293091e-02
-7.146762311458587646e-02
4.628529027104377747e-02
-5.419122800230979919e-02
5.872380360960960388e-02
-5.865013226866722107e-02
3.392676636576652527e-02
-4.243932291865348816e-02
-9.398546069860458374e-02
-3.879774361848831177e-02
6.764939427375793457e-02
9.624229371547698975e-02
2.813527174293994904e-02
9.550210088491439819e-02
3.709255158901214600e-02
8.779000490903854370e-03
1.304570436477661133e-01
8.559844456613063812e-03
6.625469028949737549e-02
-2.431535534560680389e-02
1.000906974077224731e-01
4.359374195337295532e-02
-1.026208177208900452e-01
-5.709383636713027954e-03
1.711392998695373535e-01
1.075825467705726624e-02
1.383348703384399414e-01
-9.455981105566024780e-02
5.755865201354026794e-02
-1.822508871555328369e-02
9.148265421390533447e-02
9.049487113952636719e-02
4.994754865765571594e-02
-7.674507051706314087e-02
6.276480853557586670e-02
1.103234291076660156e-01
1.104784458875656128e-01
-6.318242847919464111e-02
1.077597495168447495e-02
-1.103806793689727783e-01
2.494770847260951996e-02
-9.097474068403244019e-02
-1.163702160120010376e-01
2.233834564685821533e-02
-6.684330105781555176e-02
-9.181463159620761871e-03
-9.557364881038665771e-02
-4.925244674086570740e-02
3.300298005342483521e-02
-5.297994613647460938e-02
-9.774854779243469238e-02
-5.522393062710762024e-02
3.349865600466728210e-02
-1.189708411693572998e-01
-8.663851767778396606e-02
1.372036710381507874e-02
-9.755409508943557739e-02
-1.146225854754447937e-01
1.779447123408317566e-02
5.894507840275764465e-02
1.219085231423377991e-01
-2.323268912732601166e-02
1.348723173141479492e-01
1.241643950343132019e-01
-1.867595128715038300e-02
-2.106589497998356819e-03
-1.349884420633316040e-01
3.143892437219619751e-02
1.891255262307822704e-03
1.591994985938072205e-02
2.383441664278507233e-02
1.360633522272109985e-01
-8.924540877342224121e-02
1.544941496104001999e-02
4.646084830164909363e-02
4.722300451248884201e-03
5.760887265205383301e-02
-3.853071480989456177e-02
-1.170292794704437256e-01
-5.724619701504707336e-02
-8.848378434777259827e-03
-5.201382562518119812e-02
-1.151217962615191936e-03
-4.143175110220909119e-02
-1.062645390629768372e-01
1.738390512764453888e-02
1.043918281793594360e-01
-8.137486875057220459e-02
8.065808564424514771e-03
1.974682696163654327e-02
-1.000228747725486755e-01
-1.116809900850057602e-02
-5.491151288151741028e-02
7.998923212289810181e-02
-8.725289255380630493e-02
5.002938210964202881e-02
-7.015574723482131958e-02
-3.178955242037773132e-02
-1.307840496301651001e-01
-1.254745293408632278e-02
-5.733996629714965820e-02
1.040391325950622559e-01
-3.404686599969863892e-02
-6.723258644342422485e-02
-2.963509224355220795e-02
9.286722540855407715e-02
-9.413929283618927002e-02
7.923285663127899170e-02
-6.069649010896682739e-02
7.548786699771881104e-02
1.243339031934738159e-01
3.806013241410255432e-02
5.392034724354743958e-02
-5.025286227464675903e-02
-2.210220694541931152e-02
-1.023256257176399231e-01
-1.694685518741607666e-01
-1.477479189634323120e-02
1.554334461688995361e-01
2.947124466300010681e-02
-1.057749986648559570e-01
7.260071486234664917e-02
-2.378018945455551147e-02
-7.151257246732711792e-03
-4.847033321857452393e-02
-4.715608060359954834e-02
4.225976765155792236e-02
9.407706558704376221e-02
1.114822700619697571e-01
-5.033610854297876358e-03
-1.091556623578071594e-01
-1.529023647308349609e-01
9.094668552279472351e-03
-9.845284512266516685e-04
4.509870707988739014e-02
1.313693374395370483e-01
1.096592992544174194e-01
1.750515215098857880e-02
2.117183431982994080e-02
1.406365334987640381e-01
-9.621389210224151611e-02
2.179228700697422028e-02
-2.740949578583240509e-02
6.974376738071441650e-02
7.197218388319015503e-02
-1.201978772878646851e-01
1.142763122916221619e-01
1.251650750637054443e-01
-6.205385550856590271e-02
-6.460718065500259399e-02
-3.523756563663482666e-02
4.083037748932838440e-02
1.157572194933891296e-01
6.006441265344619751e-02
1.203422620892524719e-01
-8.439847081899642944e-02
1.703227013349533081e-01
3.120242431759834290e-02
7.768397033214569092e-02
-1.976672559976577759e-01
1.668425649404525757e-01
-9.759361296892166138e-02
-5.359137058258056641e-02
-2.966465894132852554e-03
7.580664753913879395e-02
-1.409250963479280472e-02
-1.415318697690963745e-01
-1.390340477228164673e-01
-6.922808289527893066e-02
-5.425302684307098389e-02
-6.771892309188842773e-02
9.549961984157562256e-02
-1.092458218336105347e-01
-4.485252499580383301e-02
-1.245331317186355591e-01
1.141195669770240784e-01
7.505329698324203491e-02
4.804236441850662231e-02
-1.268250495195388794e-01
-5.173443257808685303e-02
-3.960271831601858139e-03
-7.535649091005325317e-02
1.338378638029098511e-01
1.205495148897171021e-01
-2.264714427292346954e-02
-3.102691844105720520e-02
-5.123597010970115662e-02
9.987263381481170654e-02
4.097575321793556213e-03
-1.155752539634704590e-01
1.299529224634170532e-01
-2.518628165125846863e-02
-3.859121119603514671e-03
-4.791332408785820007e-02
-8.679306507110595703e-02
-4.617778584361076355e-02
-5.661681666970252991e-02
-4.472977295517921448e-02
1.265970468521118164e-01
-1.454147789627313614e-02
6.795090436935424805e-02
3.504929831251502037e-03
1.091992929577827454e-01
1.446879655122756958e-01
1.241599861532449722e-02
-3.826382756233215332e-02
-1.214836388826370239e-01
-6.981877237558364868e-02
-1.432602014392614365e-02
1.422704011201858521e-01
6.302711367607116699e-02
-2.775027975440025330e-02
-6.142928451299667358e-02
-9.219592175213620067e-05
1.928990781307220459e-01
-6.282532960176467896e-02
1.232672557234764099e-01
-7.794579118490219116e-02
-6.363061070442199707e-02
8.110004663467407227e-02
1.698916405439376831e-01
1.159437671303749084e-01
1.542748231440782547e-02
8.396898955106735229e-02
-1.120563298463821411e-01
-3.857187554240226746e-02
6.914980709552764893e-02
1.313583552837371826e-01
2.580552594736218452e-03
1.861335523426532745e-02
-2.435598336160182953e-02
5.735899135470390320e-02
6.094690877944231033e-03
6.583818793296813965e-02
8.108822256326675415e-02
-5.487588047981262207e-02
1.988399215042591095e-02
4.857295006513595581e-02
4.759735614061355591e-02
5.660096928477287292e-02
-2.314523048698902130e-02
-9.395931661128997803e-02
8.901295810937881470e-02
6.620604544878005981e-02
1.085824668407440186e-01
-4.707096517086029053e-02
5.722417845390737057e-04
6.412243843078613281e-02
-2.814186923205852509e-02
-7.294938713312149048e-02
4.481491819024085999e-02
8.670928329229354858e-02
2.168608456850051880e-02
1.713265031576156616e-01
5.697499215602874756e-02
3.583464771509170532e-02
-4.495003446936607361e-02
-8.705378323793411255e-02
2.246980182826519012e-02
-2.091251872479915619e-02
-1.021287217736244202e-02
-9.224765747785568237e-02
1.748751848936080933e-01
-7.672754675149917603e-02
7.699588686227798462e-02
-6.978862732648849487e-02
1.092137396335601807e-01
9.862802177667617798e-02
-9.636709839105606079e-02
-1.133902464061975479e-02
-7.251741737127304077e-02
1.215049475431442261e-01
3.653344139456748962e-02
-7.607104629278182983e-02
2.490376355126500130e-03
-8.532457053661346436e-02
-9.359089285135269165e-02
-1.442388165742158890e-02
-9.057690203189849854e-02
1.127944961190223694e-01
-1.288716793060302734e-01
9.305835515260696411e-02
1.994158886373043060e-02
1.004485785961151123e-01
-9.800148010253906250e-02
6.853429973125457764e-02
2.809019200503826141e-02
9.021139144897460938e-02
-1.121427193284034729e-01
-7.060196995735168457e-02
5.701693892478942871e-02
6.239717826247215271e-03
-1.103672571480274200e-02
-4.787795618176460266e-02
1.207906529307365417e-01
1.288414597511291504e-01
-7.861082255840301514e-02
-2.139958925545215607e-02
-1.301765590906143188e-01
1.096787899732589722e-01
4.969906993210315704e-03
-1.137925237417221069e-01
9.977443516254425049e-02
7.587607949972152710e-02
-9.716899693012237549e-02
1.203853189945220947e-01
-4.809002205729484558e-02
-4.031619057059288025e-02
-7.317090779542922974e-02
7.192858308553695679e-02
1.455951854586601257e-02
-9.195588529109954834e-03
6.160440295934677124e-02
1.329225488007068634e-02
1.358631104230880737e-01
-1.162755861878395081e-01
1.678582876920700073e-01
5.500330775976181030e-02
8.368205279111862183e-02
4.830111935734748840e-02
8.296664804220199585e-02
8.643353730440139771e-02
-2.144048688933253288e-03
-1.005586795508861542e-02
1.591700613498687744e-01
-9.719268977642059326e-02
3.502087295055389404e-02
5.722714588046073914e-02
6.126055493950843811e-02
1.788925677537918091e-01
1.188263371586799622e-01
6.047192215919494629e-02
-2.058500610291957855e-02
-9.611878544092178345e-03
-6.010827049612998962e-02
-7.602794468402862549e-02
9.218517690896987915e-02
1.431019860319793224e-03
-6.631187349557876587e-02
1.405880507081747055e-02
1.314255967736244202e-02
3.649846836924552917e-02
-6.202202290296554565e-02
6.296227872371673584e-02
-7.777307927608489990e-02
7.888852059841156006e-02
5.824448913335800171e-02
6.001700088381767273e-02
1.438344717025756836e-01
-9.069193154573440552e-02
3.651198744773864746e-02
-4.393162950873374939e-02
1.787645369768142700e-01
7.723302394151687622e-02
1.247428804636001587e-01
-2.372067607939243317e-02
3.244208171963691711e-02
9.900207072496414185e-02
-1.255779564380645752e-01
-7.780696451663970947e-02
-2.900404110550880432e-02
7.839000970125198364e-02
-9.155894815921783447e-02
1.185154914855957031e-01
7.216288894414901733e-02
-9.260679036378860474e-02
3.851386904716491699e-02
1.305192429572343826e-02
-8.716423809528350830e-02
1.433490775525569916e-02
4.373523220419883728e-02
-1.391634196043014526e-01
1.196249574422836304e-01
-1.190904825925827026e-01
-1.557940430939197540e-02
8.697583526372909546e-02
-6.537484377622604370e-02
-7.566663622856140137e-02
1.027204543352127075e-01
1.313713472336530685e-02
-7.042056322097778320e-02
-9.579307585954666138e-02
8.784172683954238892e-02
1.901423744857311249e-02
-1.825331151485443115e-02
1.127281598746776581e-02
-8.079308085143566132e-03
7.970122247934341431e-02
-8.844620734453201294e-02
3.184867277741432190e-02
2.170349936932325363e-03
-7.462106645107269287e-02
-3.632461652159690857e-02
7.188544422388076782e-02
1.750726997852325439e-01
9.949392825365066528e-02
1.091456487774848938e-01
-3.868717327713966370e-02
-5.349900200963020325e-02
4.085567966103553772e-02
5.815321579575538635e-02
-7.822481542825698853e-02
-6.286487728357315063e-02
-1.426484435796737671e-01
-8.038376271724700928e-02
8.399483747780323029e-03
4.409714788198471069e-02
9.919077157974243164e-02
4.585464298725128174e-02
-1.384388506412506104e-01
-8.201755583286285400e-02
4.827965050935745239e-02
-3.328554704785346985e-02
-4.885403066873550415e-02
-9.370690584182739258e-02
3.370739519596099854e-02
-6.154419109225273132e-02
-1.170087754726409912e-01
-5.790779367089271545e-02
-2.812548540532588959e-02
-1.734907478094100952e-01
-5.667532235383987427e-02
1.737123169004917145e-02
5.825562030076980591e-02
4.053134005516767502e-03
-9.380630217492580414e-03
-1.113530173897743225e-01
-1.028499603271484375e-01
6.502233445644378662e-03
-9.485515765845775604e-04
-2.802244387567043304e-02
-1.549284718930721283e-02
4.926661401987075806e-02
4.932842776179313660e-02
1.520535498857498169e-01
-8.481485396623611450e-02
9.954930841922760010e-02
-1.086055561900138855e-01
3.497636690735816956e-02
1.446955800056457520e-01
-1.474676430225372314e-01
9.279011189937591553e-02
-1.119243055582046509e-01
2.749306336045265198e-02
2.103493660688400269e-01
-5.736551433801651001e-02
-1.598325744271278381e-02
1.015083417296409607e-01
-8.078098297119140625e-02
5.552202463150024414e-02
-4.102720320224761963e-02
-3.704692050814628601e-02
8.463805913925170898e-02
1.660602837800979614e-01
7.640112191438674927e-02
-9.510437957942485809e-03
1.479804702103137970e-02
-8.868080377578735352e-02
-6.328447908163070679e-02
-7.890495471656322479e-03
-9.925818443298339844e-02
-1.347665209323167801e-03
-1.003970056772232056e-01
6.642784923315048218e-02
5.082172527909278870e-02
-1.594417393207550049e-01
-8.989149332046508789e-02
-6.268830597400665283e-02
1.333948820829391479e-01
6.194705143570899963e-02
-6.173391267657279968e-02
5.922553688287734985e-02
-6.846469640731811523e-02
1.400583386421203613e-01
-3.832454979419708252e-02
8.372521959245204926e-03
2.125022746622562408e-02
-8.653915673494338989e-02
5.203175544738769531e-02
-6.637926399707794189e-02
-1.111135482788085938e-01
-4.803473874926567078e-02
-1.095921769738197327e-01
-8.067158609628677368e-02
9.779405593872070312e-02
-6.499233189970254898e-03
1.230404004454612732e-01
4.548414051532745361e-02
9.723629057407379150e-02
-6.415913254022598267e-02
6.288883090019226074e-02
7.983841933310031891e-03
-6.633535772562026978e-02
-1.086267456412315369e-01
1.163418963551521301e-01
7.427187636494636536e-03
-1.122127380222082138e-02
4.549044370651245117e-02
2.885732240974903107e-02
-1.014092192053794861e-01
3.736975416541099548e-02
7.187694311141967773e-02
7.984105497598648071e-02
1.408386677503585815e-01
-2.571869874373078346e-03
-1.262323260307312012e-01
1.136108580976724625e-02
9.230819344520568848e-02
7.723816484212875366e-02
1.396031081676483154e-01
-9.060076624155044556e-02
5.191532894968986511e-02
9.971856139600276947e-03
-3.264643251895904541e-02
-1.681624911725521088e-02
1.540984772145748138e-02
-8.157031238079071045e-02
1.428985688835382462e-02
1.793023571372032166e-02
9.724161028861999512e-02
1.330283433198928833e-01
-2.087105251848697662e-02
-7.380330562591552734e-02
-2.238156646490097046e-02
-9.862291812896728516e-02
1.776432804763317108e-02
3.658432886004447937e-02
-1.365218758583068848e-01
-1.174613758921623230e-01
1.024203673005104065e-01
9.115698188543319702e-02
-5.465555191040039062e-02
-8.211520314216613770e-02
-6.139975041151046753e-02
8.557882159948348999e-02
-9.420928545296192169e-04
-1.184642910957336426e-01
1.276315748691558838e-01
-5.400770902633666992e-02
6.551767233759164810e-03
-2.590739727020263672e-02
2.557723596692085266e-02
1.576542407274246216e-01
-9.540675580501556396e-02
7.289167842827737331e-04
-1.412564665079116821e-01
-1.066762134432792664e-01
1.312401443719863892e-01
7.966079749166965485e-03
5.902864784002304077e-02
2.466866001486778259e-02
9.045600891113281250e-02
-8.069459348917007446e-02
8.707907795906066895e-02
4.458023607730865479e-02
5.653194338083267212e-02
-8.530354499816894531e-02
-5.143606662750244141e-02
1.071267053484916687e-01
1.046238988637924194e-01
2.751648612320423126e-02
7.304621487855911255e-02
6.435883045196533203e-02
-7.790435850620269775e-02
7.857149094343185425e-02
-3.300027549266815186e-02
-8.615551888942718506e-02
-1.424801796674728394e-01
1.996977999806404114e-02
-1.167315170168876648e-01
-1.133177503943443298e-01
-4.308388754725456238e-02
1.115533411502838135e-01
-4.092609137296676636e-02
2.167051844298839569e-02
-1.091122552752494812e-01
1.417792588472366333e-01
8.084736019372940063e-02
4.376383498311042786e-02
6.080952007323503494e-03
1.211623474955558777e-02
1.306888908147811890e-01
3.977891802787780762e-02
-8.297879993915557861e-02
1.821288093924522400e-02
3.668189793825149536e-02
1.741728633642196655e-01
-1.667460501194000244e-01
8.460574597120285034e-02
1.704680770635604858e-01
4.179365187883377075e-02
-1.007754132151603699e-01
5.808809772133827209e-02
-3.815888985991477966e-02
-1.158189214766025543e-02
-5.770906433463096619e-02
1.074778288602828979e-01
-1.459825634956359863e-01
-8.573953062295913696e-02
-6.615323573350906372e-02
-2.126805335283279419e-01
3.782820329070091248e-02
1.147832497954368591e-01
5.525806546211242676e-02
-6.912488490343093872e-02
4.029986634850502014e-02
-1.054276898503303528e-01
-6.926707178354263306e-02
1.325440555810928345e-01
-1.255161613225936890e-01
-1.985272020101547241e-02
-4.106672480702400208e-02
-3.947260975837707520e-02
-3.838404640555381775e-02
-2.793237380683422089e-02
-4.790160432457923889e-02
1.219221949577331543e-01
-1.032520309090614319e-01
1.174467150121927261e-02
-8.093232661485671997e-02
8.072447776794433594e-02
2.443754114210605621e-02
1.100640967488288879e-01
1.404343098402023315e-01
-1.380474027246236801e-02
-1.021643802523612976e-01
-1.293948739767074585e-01
-5.416771769523620605e-02
-1.205224171280860901e-01
1.056567132472991943e-01
1.690024323761463165e-02
-8.646478876471519470e-03
5.898015946149826050e-02
5.042543634772300720e-02
-5.019957199692726135e-02
-5.423766002058982849e-02
1.674154028296470642e-02
-1.317138671875000000e-01
9.248539805412292480e-02
-7.699187099933624268e-02
9.299343824386596680e-02
-4.544820636510848999e-02
-1.358171738684177399e-02
-1.374960243701934814e-01
4.859454184770584106e-02
-9.031656384468078613e-02
1.064228937029838562e-01
-1.098597943782806396e-01
-1.030188053846359253e-01
1.146009787917137146e-01
1.284574121236801147e-01
1.067218407988548279e-01
4.509669914841651917e-02
1.540957987308502197e-01
1.351038813591003418e-01
-1.161443144083023071e-01
1.680417545139789581e-02
1.655169576406478882e-01
2.455965057015419006e-02
8.109162747859954834e-02
8.202319592237472534e-02
-9.669823199510574341e-02
-5.330267921090126038e-02
1.369294673204421997e-01
1.459957063198089600e-01
-6.427269428968429565e-02
4.684514179825782776e-02
3.741865232586860657e-02
1.918176561594009399e-01
-7.115282118320465088e-02
-8.005991578102111816e-02
-9.046086668968200684e-02
-4.961682111024856567e-02
4.851135611534118652e-02
1.858545094728469849e-02
-2.672246284782886505e-02
1.195123568177223206e-01
-9.365372359752655029e-02
-3.598413988947868347e-02
-1.275214459747076035e-02
-1.807990670204162598e-02
-5.649984814226627350e-03
2.972045214846730232e-03
-3.351217135787010193e-02
6.092709302902221680e-02
-3.175273537635803223e-02
-7.124324142932891846e-02
2.769764699041843414e-02
1.293131709098815918e-01
8.240956813097000122e-02
-6.431136745959520340e-03
-5.254467576742172241e-02
-1.885304413735866547e-02
-5.232977867126464844e-02
9.584342688322067261e-02
6.313899159431457520e-02
-6.661771982908248901e-02
1.649184525012969971e-01
9.655857086181640625e-02
-4.830824211239814758e-03
-1.139355152845382690e-01
-1.378058940172195435e-01
-4.674151912331581116e-02
-1.148640587925910950e-01
-1.216083951294422150e-02
1.631942242383956909e-01
-8.808162808418273926e-02
4.995047301054000854e-02
1.278833448886871338e-01
3.442720277234911919e-03
7.376965880393981934e-02
3.913553431630134583e-02
-1.443888694047927856e-01
1.298498362302780151e-01
1.272265911102294922e-01
5.800248682498931885e-02
1.407326851040124893e-02
-6.493641436100006104e-02
7.911017537117004395e-02
-4.809578415006399155e-03
1.389102172106504440e-02
-9.217599779367446899e-02
-2.518728375434875488e-02
4.571628291159868240e-03
4.460519179701805115e-02
7.623592764139175415e-02
2.218944579362869263e-02
7.271882891654968262e-02
2.021768987178802490e-01
3.911803290247917175e-02
-5.526240915060043335e-02
-1.393438223749399185e-02
-2.295773290097713470e-02
4.194784909486770630e-02
-5.166825838387012482e-03
1.032577157020568848e-01
2.745273150503635406e-02
-1.302778869867324829e-01
2.391615137457847595e-02
2.111065760254859924e-02
5.566710233688354492e-02
1.276523172855377197e-01
-2.001811377704143524e-02
1.180367320775985718e-01
-6.111009046435356140e-02
2.867158129811286926e-02
6.636755913496017456e-02
-6.045693159103393555e-02
1.133730262517929077e-01
-5.342329293489456177e-02
3.239463269710540771e-02
6.005672737956047058e-02
-4.819011688232421875e-02
1.778866350650787354e-02
1.217799633741378784e-02
4.734061285853385925e-02
-1.367991715669631958e-01
1.041821613907814026e-01
1.623939573764801025e-01
-1.459795087575912476e-01
-1.298462152481079102e-01
-2.574133500456809998e-02
1.158431991934776306e-01
1.058495789766311646e-01
-1.495508551597595215e-01
-7.098055630922317505e-02
1.365161407738924026e-02
-5.157004296779632568e-02
1.068979501724243164e-01
7.205393910408020020e-02
8.896362036466598511e-02
-5.551282688975334167e-02
1.270844489336013794e-01
5.312519520521163940e-02
-1.126657649874687195e-01
4.958089068531990051e-02
-6.989098340272903442e-02
-6.246037036180496216e-02
1.527302432805299759e-02
-6.990739703178405762e-02
1.224399283528327942e-01
1.963868737220764160e-01
4.702935460954904556e-03
6.740082055330276489e-03
-9.268239140510559082e-02
-8.175131678581237793e-02
-1.398750767111778259e-02
9.790192544460296631e-02
3.975319117307662964e-02
-9.461647830903530121e-03
9.895743429660797119e-02
-1.927767395973205566e-01
4.750235006213188171e-02
-6.471148878335952759e-02
3.091549128293991089e-02
8.763667941093444824e-02
1.297981850802898407e-02
-4.872906953096389771e-02
-1.000743433833122253e-01
6.937493383884429932e-02
-7.222212105989456177e-02
7.773981429636478424e-03
-1.224518641829490662e-01
-3.529707714915275574e-02
3.762440755963325500e-02
-3.686263039708137512e-02
-1.057893112301826477e-01
-2.660947153344750404e-03
-1.551040410995483398e-01
-5.982443317770957947e-02
-1.607707738876342773e-01
2.040333813056349754e-03
-4.431246966123580933e-02
6.899991538375616074e-03
8.170678466558456421e-02
5.313800647854804993e-02
-3.680466488003730774e-02
8.133729547262191772e-02
-2.083450704813003540e-01
1.578678749501705170e-02
9.320891648530960083e-02
1.275297552347183228e-01
-8.494674414396286011e-02
-1.638826280832290649e-01
-4.822500422596931458e-02
-1.575596258044242859e-02
-1.104910671710968018e-02
-1.268310472369194031e-02
-8.203982561826705933e-02
7.519648969173431396e-02
-5.724570900201797485e-02
1.500401794910430908e-01
1.525574773550033569e-01
1.237326189875602722e-01
1.298147346824407578e-02
-5.371865630149841309e-02
8.651921153068542480e-02
-6.942389998584985733e-03
7.136630266904830933e-02
8.311794698238372803e-02
1.658823154866695404e-02
9.612618014216423035e-03
1.983288526535034180e-01
1.281359344720840454e-01
-9.159467369318008423e-02
1.526693720370531082e-02
4.797230008989572525e-03
-2.548489347100257874e-02
-1.055924072861671448e-01
5.235935002565383911e-02
-1.013559661805629730e-02
-9.652014076709747314e-02
1.097914725542068481e-01
-4.585419222712516785e-02
-2.688025869429111481e-02
-6.522357463836669922e-02
-9.014144539833068848e-02
-4.136927053332328796e-02
6.564027816057205200e-02
1.165984794497489929e-01
4.210292920470237732e-02
-5.689615383744239807e-02
-1.054050251841545105e-01
-4.027849435806274414e-02
6.703954935073852539e-02
8.573573827743530273e-02
-1.493585854768753052e-01
1.426165550947189331e-01
-9.397616982460021973e-02
-1.201349794864654541e-01
-5.844000354409217834e-02
8.090811222791671753e-02
