4.297620803117752075e-02
-1.857048869132995605e-01
-4.204538092017173767e-02
1.148211583495140076e-01
-1.781098991632461548e-01
-1.267074793577194214e-01
-1.108350604772567749e-02
7.662425935268402100e-02
-3.503423184156417847e-02
-1.634295880794525146e-01
-1.561492234468460083e-01
8.654060773551464081e-03
1.703086425550282001e-03
8.246773481369018555e-02
6.471765786409378052e-02
-6.289026886224746704e-02
-3.505922481417655945e-02
1.862794044427573681e-03
-1.404964476823806763e-01
-3.936785086989402771e-02
-5.574351176619529724e-02
8.861533552408218384e-02
-1.585504263639450073e-01
1.357703004032373428e-03
9.551846981048583984e-02
-5.125392600893974304e-02
5.206537991762161255e-02
-7.642600685358047485e-02
6.831160932779312134e-02
1.008597835898399353e-01
-8.347488939762115479e-02
-8.555261045694351196e-02
6.056221947073936462e-02
-1.498334575444459915e-02
-1.211706250905990601e-01
-1.184380650520324707e-01
3.090848773717880249e-02
6.789794657379388809e-03
1.666921423748135567e-03
-2.668912336230278015e-02
6.398735195398330688e-02
-4.226164892315864563e-03
4.997719451785087585e-02
5.890700221061706543e-02
1.039391681551933289e-01
1.083325296640396118e-01
-3.117273561656475067e-02
-1.070297136902809143e-01
-2.182271145284175873e-02
-1.225773319602012634e-01
-2.254579588770866394e-02
-9.085929393768310547e-02
-1.062666997313499451e-01
-4.984818398952484131e-02
7.814951241016387939e-02
-2.089259587228298187e-02
-7.988244295120239258e-02
-4.246894642710685730e-02
6.036090478301048279e-02
3.565636277198791504e-02
-1.138787250965833664e-02
3.751722723245620728e-02
7.173975557088851929e-02
7.521377503871917725e-02
8.537872135639190674e-02
2.125604823231697083e-02
5.319115146994590759e-02
-1.151906847953796387e-01
4.390313848853111267e-02
6.832279264926910400e-02
6.803100556135177612e-02
-9.924065321683883667e-02
-1.022576317191123962e-01
-8.760102093219757080e-02
1.036545187234878540e-01
-6.156319379806518555e-02
-3.948462754487991333e-02
-4.282494634389877319e-02
-6.351108103990554810e-02
-8.188492804765701294e-02
-9.724849462509155273e-02
-8.714447915554046631e-02
-9.019403904676437378e-02
4.926396533846855164e-02
-5.120501294732093811e-02
-2.722563222050666809e-02
-8.363530039787292480e-02
-5.487095192074775696e-02
7.170394808053970337e-02
-1.221481636166572571e-01
-3.113583661615848541e-02
4.357466474175453186e-02
-1.073191314935684204e-01
-1.164780482649803162e-01
-9.211910516023635864e-02
-7.387014478445053101e-02
6.556465476751327515e-02
8.886522799730300903e-02
1.065127477049827576e-01
-1.258665025234222412e-01
-9.792310744524002075e-02
5.111911147832870483e-02
9.840608388185501099e-02
-4.225561767816543579e-02
-1.065385490655899048e-01
-1.723716594278812408e-02
6.215135380625724792e-02
-4.992930963635444641e-02
-7.148110121488571167e-02
-1.783429272472858429e-02
-6.643942906521260738e-04
6.462091207504272461e-02
-8.657512068748474121e-02
-9.697240591049194336e-02
-8.691989630460739136e-02
3.110956773161888123e-02
-1.247794851660728455e-01
-1.208873316645622253e-01
-4.956202954053878784e-02
-5.663929972797632217e-03
-1.089899316430091858e-01
-1.494095288217067719e-02
-8.354174345731735229e-02
-7.729060947895050049e-02
-1.242903843522071838e-01
-8.455549925565719604e-02
5.214205756783485413e-02
3.323299437761306763e-02
-7.758674770593643188e-02
8.744614571332931519e-02
-1.070902496576309204e-01
1.102014854550361633e-01
2.297582104802131653e-02
-2.222515456378459930e-02
-1.328806742094457150e-03
-4.057947918772697449e-02
-3.155076876282691956e-02
-3.590164333581924438e-02
-1.174488198012113571e-02
-1.854875087738037109e-01
1.483748760074377060e-02
1.176435947418212891e-01
-8.063095062971115112e-02
1.106984838843345642e-01
-1.735845506191253662e-01
7.321666181087493896e-02
1.459469646215438843e-01
-1.136598736047744751e-02
6.585845351219177246e-02
-1.111441180109977722e-01
-8.597415685653686523e-02
2.584877982735633850e-02
-1.231713667511940002e-01
-1.129296049475669861e-01
3.472484648227691650e-02
-1.069969981908798218e-01
-4.963073134422302246e-02
-9.207168966531753540e-02
5.447139497846364975e-03
4.639111086726188660e-02
-1.483522504568099976e-01
-4.922126233577728271e-02
-5.933655425906181335e-02
7.725643366575241089e-02
-2.274113520979881287e-02
-5.053929518908262253e-03
-6.533297151327133179e-02
1.307846419513225555e-02
-1.454422436654567719e-02
-7.611054182052612305e-02
-1.055781245231628418e-01
-2.977829799056053162e-02
-7.079897075891494751e-02
-7.882015407085418701e-02
-2.779885195195674896e-02
1.361065660603344440e-03
6.554594635963439941e-02
1.941210776567459106e-02
-1.383605301380157471e-01
-2.035748213529586792e-02
5.409782286733388901e-03
-3.307850658893585205e-02
-9.432973712682723999e-02
1.238541528582572937e-01
1.370950937271118164e-01
6.493398919701576233e-03
-1.595024764537811279e-01
1.740717515349388123e-02
-2.450464852154254913e-02
-2.021960727870464325e-02
-6.476362794637680054e-02
6.816376745700836182e-02
6.843933835625648499e-03
-4.089626297354698181e-02
1.322304178029298782e-02
7.333501428365707397e-02
6.028443202376365662e-02
-7.818148285150527954e-02
-8.958327770233154297e-02
8.922661095857620239e-02
1.176028512418270111e-02
8.749239891767501831e-02
9.033381193876266479e-02
-1.796541549265384674e-02
-1.767085194587707520e-01
-3.298286348581314087e-02
1.138613149523735046e-01
-4.108377173542976379e-02
-3.797773271799087524e-02
-7.974314689636230469e-02
-7.257031649351119995e-02
1.313577499240636826e-02
5.941598117351531982e-02
-1.251314431428909302e-01
6.378048658370971680e-02
-4.651178047060966492e-02
-8.908377587795257568e-02
2.968900837004184723e-02
3.438858687877655029e-02
-4.174208641052246094e-02
7.718122005462646484e-02
4.419605433940887451e-02
3.188663721084594727e-02
-5.282352864742279053e-02
9.122319519519805908e-02
7.121623307466506958e-02
-1.688244640827178955e-01
-1.008614823222160339e-01
1.114538386464118958e-01
-1.027064546942710876e-01
1.084912754595279694e-02
9.879393503069877625e-03
1.119077727198600769e-01
-1.247827485203742981e-01
-1.136101558804512024e-01
3.205630555748939514e-02
-6.799358874559402466e-02
-9.735303372144699097e-02
1.407462754286825657e-03
6.954150646924972534e-02
-1.084956824779510498e-01
6.437402963638305664e-02
-3.260611742734909058e-02
-1.442355215549468994e-01
-2.390716038644313812e-02
-7.224451005458831787e-02
7.571521401405334473e-02
-1.266415715217590332e-01
-8.125802874565124512e-02
-1.070608273148536682e-01
2.115232311189174652e-02
1.926155760884284973e-02
-4.758675023913383484e-02
-1.474305838346481323e-01
-6.496788561344146729e-02
5.803819745779037476e-02
1.376211792230606079e-01
-8.874265104532241821e-02
8.956029266119003296e-02
-5.008149892091751099e-02
8.319436013698577881e-02
-1.092693433165550232e-01
-6.971820723265409470e-03
1.117575541138648987e-01
-7.978685945272445679e-02
1.000505834817886353e-01
1.402510404586791992e-01
1.440367698669433594e-01
5.616300925612449646e-02
-2.021703869104385376e-01
2.800606749951839447e-02
1.042707171291112900e-02
2.323676645755767822e-02
4.255471378564834595e-02
-2.817289903759956360e-02
-1.444643586874008179e-01
-5.451562255620956421e-02
3.762426553294062614e-03
-7.255933433771133423e-02
7.975874841213226318e-02
3.280321136116981506e-02
7.046180218458175659e-02
6.645363569259643555e-02
1.093805283308029175e-01
4.564829915761947632e-02
7.160083204507827759e-02
7.779771834611892700e-02
9.583781659603118896e-02
5.609358847141265869e-02
-6.581534445285797119e-02
9.421444684267044067e-02
8.838862180709838867e-02
1.078679412603378296e-01
-3.699004277586936951e-02
1.259499508887529373e-02
4.199982807040214539e-02
4.229739680886268616e-02
-7.695119082927703857e-02
8.883593231439590454e-02
9.349309653043746948e-02
6.433855742216110229e-02
4.582851752638816833e-02
-6.328315287828445435e-02
-6.882913410663604736e-02
2.613400295376777649e-02
-1.196263879537582397e-01
9.463056921958923340e-02
1.413347125053405762e-01
-4.308675602078437805e-02
1.504151523113250732e-02
-7.767638564109802246e-02
4.389749374240636826e-03
-8.390001952648162842e-02
7.751119136810302734e-02
9.262668341398239136e-02
-7.719063758850097656e-02
1.926600337028503418e-01
9.682869911193847656e-02
-1.508333627134561539e-02
-7.552377134561538696e-02
-8.256608992815017700e-02
6.038023531436920166e-02
-1.655389815568923950e-01
-1.598075777292251587e-02
-1.412993967533111572e-01
-1.254929751157760620e-01
5.988290999084711075e-03
-1.190628111362457275e-01
-1.359244585037231445e-01
3.189860284328460693e-02
6.104488670825958252e-02
-4.229496698826551437e-03
1.082020159810781479e-02
-9.800513088703155518e-02
1.706681400537490845e-02
-1.079181879758834839e-01
-7.656884193420410156e-02
2.620131522417068481e-02
-2.306195348501205444e-02
-2.372099831700325012e-02
5.128421261906623840e-02
-1.943372786045074463e-01
1.050819531083106995e-01
-6.172572076320648193e-02
-5.609132722020149231e-02
-1.238355189561843872e-01
3.202437609434127808e-02
-7.610654830932617188e-02
-7.453976571559906006e-02
6.858401931822299957e-03
3.912441805005073547e-02
-1.062184870243072510e-01
-8.401387184858322144e-02
-6.882485002279281616e-02
9.514514356851577759e-02
4.498300328850746155e-02
-3.855358436703681946e-02
1.108392700552940369e-01
-5.890165641903877258e-02
-1.837364584207534790e-02
-1.285106986761093140e-01
7.786209136247634888e-02
-6.339647620916366577e-02
-7.948942482471466064e-02
-5.124117061495780945e-02
-1.042297780513763428e-01
2.956144325435161591e-02
-1.252933591604232788e-01
3.218286437913775444e-03
-3.186385706067085266e-02
1.554968208074569702e-01
-6.850534677505493164e-02
2.923727780580520630e-02
3.951408341526985168e-02
-4.151065275073051453e-02
-8.352877199649810791e-02
-6.866696476936340332e-02
-6.564074754714965820e-02
-1.528974473476409912e-01
1.274777799844741821e-01
3.813964128494262695e-02
1.029959172010421753e-01
-3.501658514142036438e-02
-1.124895513057708740e-01
-1.414040625095367432e-01
-1.107353046536445618e-01
5.981456860899925232e-02
1.991932839155197144e-02
-5.081642419099807739e-02
-3.687615692615509033e-02
-1.706900261342525482e-02
-2.467640116810798645e-02
-2.192473225295543671e-02
-2.009223252534866333e-01
-2.094969302415847778e-01
-3.262853994965553284e-02
8.702584356069564819e-02
4.522377997636795044e-02
-1.197267696261405945e-01
6.838107854127883911e-02
-1.171914264559745789e-01
-9.379031509160995483e-02
5.254898220300674438e-02
2.742891572415828705e-02
4.455932974815368652e-02
1.283925771713256836e-01
3.366030007600784302e-02
-3.503375453874468803e-03
1.078508272767066956e-01
1.235584635287523270e-02
1.232968643307685852e-01
1.471653580665588379e-01
-1.089072003960609436e-01
6.914302706718444824e-02
-9.584648162126541138e-02
9.372296743094921112e-03
-2.420157752931118011e-02
9.783106297254562378e-02
-6.243721581995487213e-03
7.336760405451059341e-03
3.310934826731681824e-02
8.819109201431274414e-02
1.095468699932098389e-01
1.079701855778694153e-01
-6.391968578100204468e-02
-6.722892075777053833e-02
-5.326501652598381042e-02
-1.151648089289665222e-01
-1.046797186136245728e-01
9.879504889249801636e-02
2.085199952125549316e-02
-4.658129997551441193e-03
1.992949983105063438e-03
-1.503504812717437744e-01
3.567393869161605835e-02
-8.645200729370117188e-02
2.294102869927883148e-02
-1.119622215628623962e-02
-4.346411675214767456e-02
-7.727812230587005615e-02
-6.891018897294998169e-02
8.697439730167388916e-02
-1.434697359800338745e-01
1.111762747168540955e-01
-4.134550318121910095e-02
6.845357269048690796e-02
1.079175099730491638e-01
-4.644561186432838440e-02
2.052595838904380798e-02
2.833967469632625580e-02
1.615831255912780762e-02
-4.718263447284698486e-02
-1.476894915103912354e-01
-3.235603123903274536e-02
-3.725661709904670715e-02
5.566724017262458801e-02
5.568093433976173401e-02
-1.152650043368339539e-01
-6.482771039009094238e-02
-8.974330127239227295e-02
6.682468950748443604e-02
3.727614134550094604e-02
-7.510505616664886475e-02
-1.952986419200897217e-01
3.629314014688134193e-03
-3.273663576692342758e-03
-1.770609319210052490e-01
-1.125900298357009888e-01
5.183608829975128174e-02
1.154358386993408203e-01
2.562319673597812653e-02
-3.944048658013343811e-03
5.697031319141387939e-02
9.577100723981857300e-02
4.908199980854988098e-02
-6.777386367321014404e-02
-1.722790896892547607e-01
-6.258686631917953491e-02
-1.674544513225555420e-01
-8.153605461120605469e-02
-2.018816210329532623e-02
-1.002221480011940002e-01
-1.915871798992156982e-01
1.246667578816413879e-01
-1.405071616172790527e-01
5.255293473601341248e-02
-3.142797946929931641e-02
-1.804419048130512238e-02
-8.349735289812088013e-02
-6.141263991594314575e-02
-1.824987083673477173e-01
-7.641957700252532959e-02
2.160146087408065796e-02
-5.530152097344398499e-02
8.889055997133255005e-02
2.960930578410625458e-03
8.324223011732101440e-02
4.662039130926132202e-02
9.336680918931961060e-02
-8.158987760543823242e-02
-9.096381813287734985e-02
2.660701051354408264e-02
-5.893869698047637939e-02
8.071103692054748535e-02
3.299160674214363098e-02
-5.426970124244689941e-02
-2.441277727484703064e-02
2.984395809471607208e-02
-1.178710311651229858e-01
-7.892197370529174805e-02
7.817941904067993164e-02
-1.230828985571861267e-01
6.232224777340888977e-02
1.524979714304208755e-02
-1.144005730748176575e-02
5.486553907394409180e-02
-4.815357923507690430e-02
-6.268636882305145264e-02
4.620769992470741272e-02
6.185982492752373219e-04
1.593240499496459961e-01
2.693885564804077148e-02
-8.968675136566162109e-02
2.618168480694293976e-02
1.296839714050292969e-01
-3.080779872834682465e-02
-1.791605353355407715e-02
2.197753265500068665e-02
9.461178630590438843e-02
5.370420217514038086e-02
1.187498793005943298e-01
1.750947348773479462e-02
-1.813898794353008270e-02
7.939692586660385132e-02
3.127828985452651978e-02
-7.142683118581771851e-02
3.046595677733421326e-02
1.214982047677040100e-01
7.333251833915710449e-02
7.335296273231506348e-02
5.301837623119354248e-02
9.477515518665313721e-02
1.437077671289443970e-02
2.821873873472213745e-02
-1.162368208169937134e-01
4.341232776641845703e-02
-2.048816531896591187e-02
-2.163156308233737946e-02
6.332972645759582520e-02
9.930967539548873901e-02
6.833004951477050781e-02
1.219095215201377869e-01
-1.122879981994628906e-01
2.128130793571472168e-01
1.910677365958690643e-02
-6.899554282426834106e-02
1.085743308067321777e-01
1.728080660104751587e-01
-2.989348024129867554e-02
1.479132175445556641e-01
-3.071106411516666412e-02
-1.431860122829675674e-02
-6.283526122570037842e-02
-4.603971261531114578e-03
-4.588992521166801453e-02
-1.755777187645435333e-02
7.609437406063079834e-02
1.656923629343509674e-02
1.312005966901779175e-01
3.700476139783859253e-02
7.092941552400588989e-02
1.022452712059020996e-01
9.907406568527221680e-02
2.546601742506027222e-02
5.504211410880088806e-03
1.103078573942184448e-02
-2.529142051935195923e-02
-3.498468920588493347e-02
-5.430995672941207886e-02
-1.206081882119178772e-01
-5.273717641830444336e-02
-1.550690736621618271e-02
-4.873469844460487366e-02
-9.957034140825271606e-02
-4.366548359394073486e-02
-9.480814635753631592e-02
-3.831370174884796143e-02
1.295971423387527466e-01
-1.026126369833946228e-01
3.872127458453178406e-02
-7.098759990185499191e-03
2.080138213932514191e-02
-6.368849426507949829e-02
-1.694132201373577118e-02
-6.706663221120834351e-02
5.564215034246444702e-02
8.493116497993469238e-02
-7.467696070671081543e-02
-5.662690848112106323e-02
-4.128696024417877197e-02
-1.274864226579666138e-01
8.004382834769785404e-04
-3.747282177209854126e-02
-1.447249203920364380e-01
-9.668076783418655396e-02
6.368959695100784302e-02
-6.480865925550460815e-02
6.363239884376525879e-02
-6.113090366125106812e-02
-1.158861219882965088e-01
-1.505642570555210114e-02
1.505973190069198608e-01
-9.473284333944320679e-02
-7.290263473987579346e-02
-2.173516526818275452e-02
-1.260145604610443115e-01
3.083235956728458405e-02
-1.242452487349510193e-01
-1.006856560707092285e-01
5.620134994387626648e-02
-6.344795227050781250e-02
-4.021050781011581421e-02
-9.085304290056228638e-02
-6.897988170385360718e-02
7.514927536249160767e-02
1.031767353415489197e-01
1.307653039693832397e-01
-3.930820524692535400e-02
-2.120934054255485535e-02
1.853829249739646912e-02
9.734403342008590698e-02
1.673882603645324707e-01
-4.029246792197227478e-02
-2.429214119911193848e-02
9.953606128692626953e-02
-5.924523249268531799e-02
-1.538492087274789810e-02
9.356686472892761230e-02
-9.267309308052062988e-02
-1.343886703252792358e-01
1.431111097335815430e-01
-5.367955565452575684e-02
1.199611201882362366e-01
-1.424635760486125946e-02
-1.073080524802207947e-01
-1.128393486142158508e-01
-5.966157093644142151e-02
-7.756450772285461426e-02
-8.751026540994644165e-02
-2.049366198480129242e-02
-8.196705603040754795e-04
1.043832153081893921e-01
-1.245835199952125549e-01
-1.484393775463104248e-01
9.841918945312500000e-02
-8.551356941461563110e-02
-3.910633549094200134e-02
-1.303425580263137817e-01
-6.235045939683914185e-02
2.910263091325759888e-02
6.444144062697887421e-03
-3.955104947090148926e-02
-2.462616190314292908e-02
1.093823686242103577e-01
1.272912472486495972e-01
-3.087709099054336548e-02
-4.564865678548812866e-02
-6.615177541971206665e-02
-1.676528006792068481e-01
9.901054948568344116e-02
-9.337815642356872559e-02
1.594507135450839996e-02
-5.891669541597366333e-02
-1.111634522676467896e-01
1.083955913782119751e-01
-2.588727325201034546e-02
5.834027007222175598e-02
-1.325310766696929932e-01
-7.280494272708892822e-02
-8.064717799425125122e-02
1.242527663707733154e-01
-1.320244371891021729e-01
-6.647251546382904053e-02
-9.572387486696243286e-02
7.555498182773590088e-02
-1.266553103923797607e-01
-4.581376165151596069e-02
1.243001446127891541e-01
-1.057512834668159485e-01
-1.112355366349220276e-01
1.046054586768150330e-01
-5.294847115874290466e-02
-1.533779501914978027e-01
-9.626654535531997681e-02
5.608107894659042358e-02
-1.100187599658966064e-01
5.194607656449079514e-03
-3.641761839389801025e-02
-1.427078545093536377e-01
-8.504892885684967041e-02
-9.145284444093704224e-02
-7.560296356678009033e-02
-4.860315471887588501e-03
-1.641952991485595703e-02
1.302812993526458740e-01
-5.092976987361907959e-02
3.969277068972587585e-02
-1.816752366721630096e-02
-3.102520294487476349e-02
6.252931058406829834e-02
-4.187927767634391785e-02
2.595897950232028961e-02
7.638357579708099365e-02
4.618835635483264923e-03
6.092444062232971191e-02
1.298621296882629395e-01
7.728578150272369385e-02
1.451722085475921631e-01
-1.214832905679941177e-02
-7.271740585565567017e-02
8.413965813815593719e-03
-1.050538476556539536e-02
-7.947389036417007446e-02
-6.485959887504577637e-02
-3.203810751438140869e-02
3.687988221645355225e-02
-2.621437981724739075e-02
5.481704697012901306e-02
2.395930513739585876e-02
-6.992480903863906860e-02
6.847677752375602722e-03
9.586782008409500122e-02
6.364847719669342041e-02
1.351538747549057007e-01
-9.315884113311767578e-02
-1.022040843963623047e-01
-5.624933168292045593e-02
5.760667100548744202e-02
1.183123886585235596e-01
1.470613777637481689e-01
-1.785352379083633423e-01
-1.833315193653106689e-02
1.934141479432582855e-02
1.489089131355285645e-01
-8.037649095058441162e-02
9.893317706882953644e-03
1.498287618160247803e-01
8.760928362607955933e-02
8.220840990543365479e-02
7.362788915634155273e-02
-1.074131205677986145e-01
-4.708642512559890747e-02
-1.577879190444946289e-01
-1.749743968248367310e-01
-4.825397953391075134e-02
7.096907496452331543e-02
6.710212677717208862e-02
-3.684005886316299438e-02
9.142456948757171631e-02
2.493015676736831665e-02
-7.039012014865875244e-02
2.556459791958332062e-02
2.896235091611742973e-03
9.533990919589996338e-02
1.025697588920593262e-01
-2.076593041419982910e-02
2.875592000782489777e-02
-2.633811160922050476e-02
-1.153570711612701416e-01
-7.351721078157424927e-02
6.853769719600677490e-02
1.196055486798286438e-01
-6.116845831274986267e-02
8.025170862674713135e-02
6.118074059486389160e-03
1.110528409481048584e-01
-1.362973600625991821e-01
-9.759196080267429352e-03
-5.668837949633598328e-02
-7.709192484617233276e-02
-7.274460792541503906e-02
-1.512833535671234131e-01
1.214929595589637756e-01
-1.663406752049922943e-02
-6.015641242265701294e-02
-7.494767010211944580e-02
1.110388338565826416e-02
-7.749116420745849609e-02
-3.231995925307273865e-02
-6.933747231960296631e-02
-8.319573104381561279e-02
-7.463002204895019531e-02
-7.136193662881851196e-02
-1.353576183319091797e-01
-1.093878224492073059e-01
-6.980329751968383789e-02
7.004005461931228638e-02
4.091892763972282410e-02
1.728204041719436646e-01
-4.417672380805015564e-02
6.348447501659393311e-02
7.748941332101821899e-02
3.776062745600938797e-03
7.742995023727416992e-02
1.388443559408187866e-01
8.059134334325790405e-02
4.510276764631271362e-02
5.772063508629798889e-02
-5.945347994565963745e-02
1.179751083254814148e-01
1.485946774482727051e-02
3.566415980458259583e-02
-4.051033779978752136e-02
3.740216046571731567e-02
6.462444365024566650e-02
6.203171238303184509e-02
-2.889167144894599915e-02
1.453887522220611572e-01
1.848890818655490875e-02
8.087061345577239990e-02
-1.373365372419357300e-01
-1.163152977824211121e-01
-1.357141043990850449e-02
3.753382712602615356e-02
-4.684100672602653503e-02
9.726759791374206543e-02
1.132922768592834473e-01
2.415639162063598633e-02
-2.789412997663021088e-02
-1.018949747085571289e-01
-3.113677911460399628e-02
4.680218547582626343e-02
-1.526068896055221558e-01
-7.244004309177398682e-02
1.190725937485694885e-01
1.235542818903923035e-01
-3.563783690333366394e-02
-1.101661920547485352e-01
-1.055917330086231232e-02
-9.402452968060970306e-03
1.937666238518431783e-04
-5.320760607719421387e-02
6.514151394367218018e-02
-1.259489655494689941e-01
3.662993013858795166e-02
-1.156207323074340820e-01
9.727682173252105713e-02
8.016879111528396606e-02
7.285293936729431152e-02
-3.435139730572700500e-02
1.321539133787155151e-01
2.570597641170024872e-02
-1.711190938949584961e-01
-5.480575561523437500e-02
5.396327748894691467e-02
-4.352462291717529297e-02
5.074702575802803040e-02
-1.196831762790679932e-01
-1.805014610290527344e-01
-8.417826145887374878e-03
1.577304303646087646e-01
1.435480825603008270e-02
9.550970047712326050e-02
2.611735649406909943e-02
-2.087096311151981354e-02
-1.283251028507947922e-02
5.926805362105369568e-02
-9.233219921588897705e-02
-6.986175477504730225e-02
1.926822215318679810e-02
1.493350267410278320e-01
1.551909092813730240e-02
8.505559712648391724e-02
9.970262646675109863e-02
-5.427289754152297974e-02
-5.107570812106132507e-02
-4.585553333163261414e-02
5.537866801023483276e-02
5.844127014279365540e-02
1.226027905941009521e-01
-1.147867217659950256e-01
9.383219480514526367e-02
3.724808245897293091e-02
7.816619426012039185e-02
-7.297684252262115479e-02
-7.559654768556356430e-03
-9.611624293029308319e-03
-5.499782040715217590e-02
7.258857041597366333e-02
6.354050338268280029e-02
-4.042073339223861694e-02
-1.243775710463523865e-02
6.767933815717697144e-02
1.253458261489868164e-01
-3.604470565915107727e-02
7.735042273998260498e-02
5.029312800616025925e-03
7.153271138668060303e-02
-1.464474853128194809e-02
2.087789122015237808e-03
-1.380066126585006714e-01
-5.727810040116310120e-02
2.335298247635364532e-02
-1.015757247805595398e-01
-2.698405832052230835e-02
-4.052111133933067322e-02
3.938274458050727844e-02
-5.123278126120567322e-02
6.546359509229660034e-02
-6.213366240262985229e-02
5.745908990502357483e-02
-1.984901726245880127e-02
-9.134491533041000366e-02
-1.078483611345291138e-01
-1.524652913212776184e-02
-4.852162674069404602e-02
7.323291897773742676e-02
4.374121129512786865e-02
1.347329914569854736e-01
2.908256463706493378e-02
8.701485395431518555e-02
3.046743199229240417e-02
1.470844596624374390e-01
9.810277819633483887e-02
4.930669441819190979e-02
-4.890913516283035278e-02
-1.094731986522674561e-01
-1.589772477746009827e-02
-6.557577848434448242e-02
2.826604060828685760e-02
-4.005258530378341675e-02
1.376254409551620483e-01
-5.380205810070037842e-02
-1.427703052759170532e-01
-7.630271464586257935e-02
8.206559345126152039e-03
-3.868386521935462952e-02
1.426449976861476898e-02
-3.914572298526763916e-02
7.477154582738876343e-02
7.181677967309951782e-02
1.778691709041595459e-01
-7.702881097793579102e-02
1.774650998413562775e-02
-1.391150057315826416e-01
2.669378370046615601e-02
4.353802651166915894e-02
1.618243604898452759e-01
-1.146973948925733566e-02
5.326015874743461609e-02
-5.224852636456489563e-02
-1.532378792762756348e-01
-8.204725384712219238e-02
-4.422303661704063416e-02
-2.811764599755406380e-03
1.445272266864776611e-01
7.498770207166671753e-02
-2.936380542814731598e-02
-9.188566356897354126e-03
-9.144497662782669067e-02
-1.097166538238525391e-01
-3.142550587654113770e-02
-1.111776605248451233e-01
-7.448305934667587280e-02
1.422419026494026184e-02
-1.117697134613990784e-01
2.203675732016563416e-02
-1.062405034899711609e-01
7.320063561201095581e-02
5.606973171234130859e-02
1.299580335617065430e-01
3.417763113975524902e-02
1.444451808929443359e-01
3.710047528147697449e-02
-3.269459819421172142e-03
-1.231428682804107666e-01
-1.332226246595382690e-01
7.795562595129013062e-02
3.509624674916267395e-02
-1.375136971473693848e-01
-1.557070203125476837e-02
8.860503323376178741e-03
-7.115089893341064453e-02
6.179583072662353516e-02
-6.001003086566925049e-02
2.057465724647045135e-02
9.383941069245338440e-03
-6.373851001262664795e-02
8.433049917221069336e-02
3.175725042819976807e-02
2.292968565598130226e-03
-8.919778466224670410e-02
-5.183910578489303589e-02
-2.729749865829944611e-02
5.247238278388977051e-02
-1.319348961114883423e-01
-1.455863267183303833e-01
-6.461135577410459518e-03
-7.567720022052526474e-03
8.325387537479400635e-02
-1.543381065130233765e-01
7.256419211626052856e-02
-9.037125855684280396e-02
1.225712802261114120e-02
3.377768397331237793e-02
-8.425139635801315308e-02
2.833481505513191223e-02
-1.035611629486083984e-01
-8.742123097181320190e-02
6.676045805215835571e-02
-2.341679856181144714e-02
-3.743502311408519745e-03
-9.895292669534683228e-02
-1.203582342714071274e-02
-1.349114477634429932e-01
-1.359097510576248169e-01
6.045007333159446716e-02
-8.979262411594390869e-02
-6.097381561994552612e-02
9.216545522212982178e-02
1.166654303669929504e-01
-7.551976013928651810e-03
-1.370850950479507446e-01
-4.281521216034889221e-02
7.280454784631729126e-02
-1.523019671440124512e-01
1.046831235289573669e-01
-1.099397316575050354e-01
-2.544980868697166443e-02
-1.471021305769681931e-02
-3.731203079223632812e-02
1.366719454526901245e-01
1.024719178676605225e-01
-1.941817849874496460e-01
-6.691973656415939331e-02
6.637334823608398438e-02
1.084346547722816467e-01
1.024647727608680725e-01
-6.574150174856185913e-02
1.304862368851900101e-02
8.092413097620010376e-02
6.550064682960510254e-02
3.420204296708106995e-02
8.350804448127746582e-02
5.876833572983741760e-02
3.604367375373840332e-02
-7.668448984622955322e-02
-8.474162220954895020e-02
-1.074349414557218552e-02
7.849245332181453705e-03
-8.697365969419479370e-02
1.690908819437026978e-01
-1.253456175327301025e-01
-1.511682569980621338e-02
-1.976223662495613098e-02
-1.241496279835700989e-01
7.800732553005218506e-02
9.201881475746631622e-03
3.859466407448053360e-03
-7.050122320652008057e-02
-6.649293750524520874e-02
-1.017886027693748474e-01
-1.466398686170578003e-01
-6.879418343305587769e-02
-5.122656747698783875e-02
1.029148772358894348e-01
-4.621964320540428162e-02
1.041864305734634399e-01
-1.049279943108558655e-01
1.600307524204254150e-01
4.817213118076324463e-02
-1.573033630847930908e-01
-1.555717885494232178e-01
-9.268093854188919067e-02
1.042707264423370361e-02
1.101742535829544067e-01
-6.044678390026092529e-02
2.821630798280239105e-02
-1.097905561327934265e-01
-7.976206392049789429e-02
2.973944507539272308e-02
1.216097772121429443e-01
-3.712996840476989746e-02
9.190308302640914917e-02
7.384087145328521729e-02
-1.391589194536209106e-01
-5.951635167002677917e-02
-9.962056577205657959e-02
-1.833759099245071411e-01
7.363202422857284546e-02
1.471943110227584839e-01
5.231928452849388123e-02
-5.066647753119468689e-02
6.760217994451522827e-02
6.451125256717205048e-03
1.395053118467330933e-01
-7.603823393583297729e-02
-1.028109043836593628e-01
-1.210905387997627258e-01
5.285607278347015381e-02
-1.306309252977371216e-01
-2.631100080907344818e-02
-3.944487497210502625e-02
-1.190515421330928802e-02
9.684910997748374939e-03
-1.712525030598044395e-03
-7.704808562994003296e-02
8.316127955913543701e-02
6.562597304582595825e-02
-3.322207555174827576e-02
7.240547984838485718e-02
9.964256733655929565e-02
-1.175889596343040466e-01
1.412204559892416000e-02
-1.359683275222778320e-01
-1.506568789482116699e-01
5.365489795804023743e-02
-1.289082765579223633e-01
-3.414460225030779839e-03
3.833494707942008972e-02
1.632791012525558472e-01
1.979369670152664185e-02
-1.298394203186035156e-01
-5.054209753870964050e-02
7.675554603338241577e-02
-2.049681171774864197e-02
3.632315248250961304e-02
1.493295747786760330e-02
1.148865744471549988e-01
-9.343841671943664551e-02
8.705908060073852539e-02
-1.698653399944305420e-02
-1.729359030723571777e-01
8.340626372955739498e-04
-9.961928427219390869e-02
-5.127460882067680359e-02
7.186477631330490112e-02
4.774230718612670898e-02
-1.399476379156112671e-01
-2.225152999162673950e-01
1.036750003695487976e-01
-2.016152590513229370e-01
2.109459191560745239e-01
-1.644032076001167297e-02
8.433425426483154297e-02
-6.380654871463775635e-02
1.384748369455337524e-01
5.346908792853355408e-02
3.898544609546661377e-02
-7.015919685363769531e-02
1.273910701274871826e-01
-9.228910505771636963e-02
-1.699095405638217926e-02
3.257878497242927551e-02
-2.689544484019279480e-02
6.140517070889472961e-02
-8.590715005993843079e-03
9.576328843832015991e-02
3.391426801681518555e-02
-2.574130892753601074e-02
9.013408422470092773e-02
-6.972032785415649414e-02
2.313335239887237549e-02
-1.366999000310897827e-01
4.431169480085372925e-02
-1.290373969823122025e-02
6.433635018765926361e-03
-1.503790020942687988e-01
-1.287828236818313599e-01
1.114001721143722534e-01
-9.594433754682540894e-02
2.291828393936157227e-03
-5.432844161987304688e-02
-1.034212782979011536e-01
-9.980078041553497314e-02
-5.814769119024276733e-02
2.900149859488010406e-02
-2.128453692421317101e-03
1.161104738712310791e-01
9.428781457245349884e-03
-7.619497925043106079e-02
-7.632568478584289551e-03
-1.451476514339447021e-01
-1.064562126994132996e-01
-8.899763226509094238e-02
-1.559033524245023727e-02
-7.707289606332778931e-02
-1.186415478587150574e-01
-7.231225073337554932e-02
3.666660189628601074e-02
-2.474882639944553375e-02
-5.605736374855041504e-02
1.438152939081192017e-01
4.866975918412208557e-02
-8.634608238935470581e-02
6.644722819328308105e-02
-1.432527303695678711e-01
2.349179424345493317e-02
-1.950495541095733643e-01
-3.272566571831703186e-02
-1.806897819042205811e-01
-7.574106752872467041e-02
-9.721650183200836182e-02
9.849807247519493103e-03
-5.122252274304628372e-03
-1.367404907941818237e-01
2.337116003036499023e-02
-4.254689440131187439e-02
2.191937528550624847e-02
1.772703975439071655e-02
-9.842220693826675415e-03
-1.286410391330718994e-01
-3.435437753796577454e-02
-4.594740271568298340e-02
-6.614656001329421997e-02
1.271652132272720337e-01
-1.804290898144245148e-02
6.662447750568389893e-02
3.257990628480911255e-02
8.848944306373596191e-02
-7.038903888314962387e-03
-1.773552596569061279e-02
1.310239583253860474e-01
1.147228926420211792e-01
-1.075204536318778992e-01
-4.080177284777164459e-03
1.097891032695770264e-01
-2.419225499033927917e-02
-3.334089741110801697e-02
9.784191846847534180e-03
6.434890627861022949e-02
-4.154285788536071777e-02
3.539488092064857483e-02
-1.002272516489028931e-01
-8.523732423782348633e-02
-4.111835267394781113e-03
-4.018003121018409729e-02
-1.480693668127059937e-01
-5.127959325909614563e-02
4.616590216755867004e-02
-1.848290264606475830e-01
-5.928056314587593079e-02
-7.961446046829223633e-02
-1.266057491302490234e-01
1.369933784008026123e-01
-1.252620201557874680e-02
-4.548241198062896729e-02
-7.021445780992507935e-02
-2.732402458786964417e-02
-7.514689117670059204e-02
2.854547277092933655e-02
-3.500852733850479126e-02
-1.007027924060821533e-01
5.245912447571754456e-02
-4.382528737187385559e-02
1.121811717748641968e-01
-1.958014070987701416e-02
-2.600943297147750854e-02
4.688470438122749329e-02
-1.514803916215896606e-01
8.081691339612007141e-03
-2.189430594444274902e-02
6.136208772659301758e-02
1.543826460838317871e-01
-2.668374963104724884e-02
-2.824398921802639961e-03
-5.363085772842168808e-03
-2.422733791172504425e-02
-8.320388197898864746e-02
-1.771952956914901733e-01
5.608008708804845810e-03
-1.710451766848564148e-02
1.413826644420623779e-01
-6.204025819897651672e-02
-2.501239813864231110e-02
4.174858704209327698e-02
1.056988723576068878e-02
9.927602112293243408e-02
1.072366684675216675e-01
1.006664708256721497e-01
-7.094804942607879639e-02
1.496034394949674606e-02
9.391562640666961670e-02
-1.660648733377456665e-01
1.450483798980712891e-01
-1.652804166078567505e-01
-9.023435413837432861e-02
-3.726084157824516296e-02
1.158232688903808594e-01
1.381262838840484619e-01
1.685861684381961823e-02
-1.096822693943977356e-01
1.320795267820358276e-01
-4.016669094562530518e-02
-1.285374760627746582e-01
1.010002642869949341e-01
-9.406935423612594604e-02
3.920948132872581482e-02
3.029408119618892670e-02
-3.545000916346907616e-03
7.943058013916015625e-02
9.108105301856994629e-02
-8.145415037870407104e-02
-3.426938317716121674e-03
-6.249838694930076599e-02
1.053791493177413940e-01
8.853511512279510498e-02
-9.357292950153350830e-02
4.000169783830642700e-02
1.184745803475379944e-01
-4.269919916987419128e-02
3.083655796945095062e-02
1.570048034191131592e-01
1.043876633048057556e-01
9.746783971786499023e-02
6.638889014720916748e-02
1.272734850645065308e-01
7.749818265438079834e-02
2.566028945147991180e-02
1.291324943304061890e-01
7.184474915266036987e-02
-2.655773982405662537e-02
1.320859789848327637e-01
1.212300211191177368e-01
9.605693817138671875e-02
1.118156164884567261e-01
-3.802549466490745544e-02
1.334915775805711746e-02
-1.319862604141235352e-01
1.343995332717895508e-01
6.635893136262893677e-02
-4.793874174356460571e-02
3.534723818302154541e-02
4.780984297394752502e-02
2.665814012289047241e-02
-1.195503994822502136e-01
-6.395231932401657104e-02
1.558156907558441162e-01
1.358967870473861694e-01
-1.576910912990570068e-02
-6.341756135225296021e-02
3.760087862610816956e-02
9.233865886926651001e-03
9.361831098794937134e-02
-5.756044760346412659e-02
1.967035233974456787e-01
9.848736226558685303e-03
9.400522336363792419e-03
-3.698353888466954231e-03
7.883024215698242188e-02
1.645626425743103027e-01
-2.636215835809707642e-02
-9.836107492446899414e-02
1.391976028680801392e-01
1.108339056372642517e-01
-2.923430316150188446e-02
2.782371081411838531e-02
-1.541645973920822144e-01
3.448521718382835388e-02
4.570591449737548828e-02
9.470016695559024811e-03
-8.703285455703735352e-02
-1.399964541196823120e-01
1.229437887668609619e-01
-1.545027494430541992e-01
-2.859344892203807831e-02
1.961021870374679565e-02
-5.139300599694252014e-02
2.966507896780967712e-02
2.293877117335796356e-02
-2.235526293516159058e-01
5.193833261728286743e-02
3.822125867009162903e-02
7.428736239671707153e-02
-7.444047927856445312e-02
-9.545633196830749512e-02
-3.244649618864059448e-02
1.355853229761123657e-01
-1.200104504823684692e-02
-1.804337948560714722e-01
1.511242687702178955e-01
1.410824339836835861e-02
1.613487489521503448e-02
-1.018749400973320007e-01
3.378250822424888611e-02
4.378673434257507324e-02
-6.934919953346252441e-02
9.681271761655807495e-02
2.273670025169849396e-02
-1.211230270564556122e-02
1.053964942693710327e-01
5.155518278479576111e-02
1.120328530669212341e-01
4.305612668395042419e-02
8.547440171241760254e-02
-4.971945285797119141e-02
-7.034540176391601562e-02
7.118461281061172485e-02
-6.128456816077232361e-02
-5.793374031782150269e-03
1.973546342924237251e-03
3.146308660507202148e-02
-5.680013447999954224e-02
-1.352338865399360657e-02
1.211917325854301453e-01
-3.706810763105750084e-03
1.410143822431564331e-01
9.815704077482223511e-02
-1.004456207156181335e-01
-4.753823950886726379e-02
-5.109728872776031494e-02
6.111351773142814636e-02
5.285612493753433228e-02
-3.142388537526130676e-02
-4.459797218441963196e-02
1.754402220249176025e-01
1.047446019947528839e-02
-9.249208122491836548e-02
-1.289558596909046173e-02
5.349149927496910095e-03
4.125176463276147842e-03
-1.219841763377189636e-01
-1.150601506233215332e-01
6.392654776573181152e-02
5.567982047796249390e-02
-1.480246186256408691e-01
-5.670481175184249878e-02
1.063012853264808655e-01
3.542205318808555603e-03
1.514795050024986267e-02
4.850486293435096741e-04
-1.331515163183212280e-01
2.784155681729316711e-02
-4.884711652994155884e-02
1.315054483711719513e-02
3.048109821975231171e-02
1.520655751228332520e-01
-8.983477950096130371e-02
8.435288816690444946e-02
-9.580882266163825989e-03
1.507645249366760254e-01
-1.774692833423614502e-01
5.166464298963546753e-02
-1.692952662706375122e-01
1.101614683866500854e-01
-3.865415602922439575e-02
-1.806562691926956177e-01
-9.019071608781814575e-02
4.187940806150436401e-02
8.935073763132095337e-02
-1.234033256769180298e-01
-5.371741950511932373e-02
-6.244762241840362549e-02
1.695723459124565125e-02
-1.456152498722076416e-01
-7.985787093639373779e-02
-2.012971974909305573e-02
-5.911770835518836975e-02
-1.730358228087425232e-02
3.604703769087791443e-02
6.313037872314453125e-02
-1.423012912273406982e-01
-3.954927250742912292e-02
-1.576834022998809814e-01
1.146075800061225891e-01
-1.161056309938430786e-01
1.618298590183258057e-01
1.001216620206832886e-01
-1.561481803655624390e-01
-1.586747542023658752e-02
-4.387757182121276855e-02
-8.640221320092678070e-03
1.245434507727622986e-01
8.058097958564758301e-02
-1.519340276718139648e-01
-1.224780827760696411e-01
-5.935928970575332642e-02
-3.951749950647354126e-02
-9.791792184114456177e-02
-6.633833795785903931e-02
1.290144324302673340e-01
-1.123008131980895996e-01
-8.925822377204895020e-02
1.144011989235877991e-01
8.269545435905456543e-02
7.710411399602890015e-02
-3.696836158633232117e-02
-8.310012519359588623e-02
-3.516853600740432739e-02
7.584819197654724121e-02
6.962927430868148804e-02
-1.733769313432276249e-03
6.408479064702987671e-02
1.186823770403862000e-01
-1.136981993913650513e-01
-7.443223148584365845e-02
1.445738878101110458e-02
-5.203969031572341919e-02
9.682225435972213745e-02
6.238660216331481934e-02
-1.470375210046768188e-01
-3.525956720113754272e-02
3.570361807942390442e-02
-1.529922187328338623e-01
-6.441289186477661133e-02
-1.158384606242179871e-01
2.100671455264091492e-02
2.191388048231601715e-02
-1.235179379582405090e-01
-7.219845056533813477e-02
-1.140414550900459290e-02
1.178069859743118286e-01
-7.586535811424255371e-02
4.051637649536132812e-02
-1.483730599284172058e-02
-7.696188986301422119e-03
-7.698345184326171875e-02
-9.679576754570007324e-02
-1.210453510284423828e-01
5.471761524677276611e-02
-6.905378401279449463e-02
3.578168526291847229e-02
-4.524992778897285461e-02
-1.999472081661224365e-02
-1.496240794658660889e-01
9.801576286554336548e-02
3.350285068154335022e-02
2.640728279948234558e-02
-9.584714472293853760e-02
6.873649358749389648e-02
-1.433601416647434235e-02
-7.373725622892379761e-02
1.048149839043617249e-01
6.143930554389953613e-02
7.833748310804367065e-02
3.511124104261398315e-02
5.795657262206077576e-02
-4.761036485433578491e-02
9.222494065761566162e-02
-8.187858760356903076e-02
9.836777299642562866e-02
-1.366434097290039062e-01
8.501250296831130981e-03
8.459063246846199036e-03
3.305251523852348328e-02
-1.150558814406394958e-01
-3.228173404932022095e-02
9.712708741426467896e-02
-4.448575153946876526e-02
7.018293440341949463e-02
2.855847589671611786e-02
-1.035956293344497681e-01
-1.126256287097930908e-01
1.278255581855773926e-01
-4.038720857352018356e-03
7.225207984447479248e-02
9.804360568523406982e-02
2.033657729625701904e-01
-2.096630819141864777e-02
-9.104303270578384399e-02
1.470445841550827026e-01
-4.336297512054443359e-02
1.855586618185043335e-01
1.581720411777496338e-01
1.638977043330669403e-02
-1.027147844433784485e-01
-1.106903925538063049e-01
-1.056174933910369873e-02
-1.304813325405120850e-01
5.689115729182958603e-03
1.796699478290975094e-03
7.754644751548767090e-02
6.995699834078550339e-03
2.440169639885425568e-02
-7.228974997997283936e-02
4.213888943195343018e-02
-1.203223392367362976e-01
-3.125050861854106188e-04
-1.799811571836471558e-01
5.200803652405738831e-02
-9.357694536447525024e-02
1.120911985635757446e-01
-1.963516920804977417e-01
-1.389334946870803833e-01
5.721818655729293823e-02
3.516315668821334839e-02
6.549326330423355103e-02
-6.002308428287506104e-02
-3.739682585000991821e-02
-2.895819209516048431e-02
-4.076826572418212891e-02
6.816566735506057739e-02
3.497848985716700554e-03
6.649240851402282715e-02
7.752879709005355835e-02
-1.661668866872787476e-01
1.077870428562164307e-01
-3.496099670883268118e-04
-1.351469755172729492e-01
9.555156342685222626e-03
-9.199500083923339844e-02
1.261092373169958591e-03
-2.080102637410163879e-02
-1.322220563888549805e-01
3.066190704703330994e-02
-9.361602365970611572e-02
-7.575191557407379150e-03
-4.124915972352027893e-02
1.089527383446693420e-01
-5.791518464684486389e-02
-8.455163240432739258e-02
1.299697160720825195e-01
1.363525092601776123e-01
-1.268998980522155762e-01
1.446104049682617188e-02
-7.801367342472076416e-02
-1.266622841358184814e-01
-6.674257665872573853e-02
5.388043448328971863e-02
-1.476460993289947510e-01
-3.241981938481330872e-02
9.335109032690525055e-03
9.710398316383361816e-02
1.108267679810523987e-01
1.128527671098709106e-01
6.555907428264617920e-02
-8.149010688066482544e-02
1.067268848419189453e-01
4.493406787514686584e-02
5.864075198769569397e-02
-4.270334541797637939e-02
-4.630172252655029297e-02
-2.625311259180307388e-03
6.857614964246749878e-02
-2.109470590949058533e-02
-6.635439395904541016e-02
-3.281885758042335510e-02
-3.448863700032234192e-02
-1.007126495242118835e-01
-4.141595214605331421e-02
-1.413045376539230347e-01
1.596214063465595245e-02
-1.171515211462974548e-01
1.268375664949417114e-01
-4.528499767184257507e-02
-6.455271691083908081e-02
6.797606498003005981e-02
-9.113201498985290527e-02
-7.435818761587142944e-02
4.313552752137184143e-02
-7.025332003831863403e-02
1.476217955350875854e-01
-1.720630936324596405e-02
1.456952691078186035e-01
3.447119519114494324e-02
-1.511082332581281662e-02
-5.103638395667076111e-02
1.076518148183822632e-01
-1.416748017072677612e-01
8.337043225765228271e-02
7.729432731866836548e-02
5.636951699852943420e-02
8.473784662783145905e-03
-1.262363642454147339e-01
4.963285848498344421e-02
8.701504021883010864e-02
1.378075480461120605e-01
-3.673864156007766724e-02
1.803089678287506104e-02
-2.921741642057895660e-02
5.784554779529571533e-02
-1.165553629398345947e-01
1.398212015628814697e-01
-3.161361068487167358e-02
4.215724393725395203e-02
-1.328574717044830322e-01
-3.699871897697448730e-02
-4.954215884208679199e-02
-5.726893991231918335e-02
5.271311476826667786e-02
-6.178420037031173706e-02
-9.943149983882904053e-02
4.807106032967567444e-02
-9.066879749298095703e-02
-9.046542644500732422e-02
2.189102396368980408e-02
-2.503138221800327301e-02
-9.090316295623779297e-02
9.173264354467391968e-02
2.463779971003532410e-02
-1.873962581157684326e-01
1.155572906136512756e-01
-9.946592897176742554e-02
1.775722503662109375e-01
1.586418971419334412e-02
-1.524182558059692383e-01
1.127107590436935425e-01
1.027621254324913025e-01
7.581928372383117676e-02
-8.108281344175338745e-02
-3.216608613729476929e-02
4.425095766782760620e-02
1.395160406827926636e-01
6.938014179468154907e-02
1.461846679449081421e-01
1.914032846689224243e-01
1.081815958023071289e-01
-9.081110358238220215e-02
8.427895605564117432e-02
2.687578648328781128e-02
-1.416131108999252319e-01
1.794153600931167603e-01
5.127407610416412354e-03
3.302849596366286278e-03
9.073660708963871002e-03
-4.764261096715927124e-02
-1.307379901409149170e-01
4.204266518354415894e-02
-2.344553545117378235e-02
-4.589690640568733215e-02
1.443828642368316650e-01
-2.061991486698389053e-03
3.298474848270416260e-02
7.500958442687988281e-02
1.477495729923248291e-01
-5.194631963968276978e-02
-1.467783451080322266e-01
7.447037100791931152e-02
3.445389866828918457e-02
-3.779364377260208130e-02
3.100877255201339722e-02
-5.595928803086280823e-02
1.095685828477144241e-02
-2.764014713466167450e-02
-3.980857878923416138e-02
-7.244554162025451660e-02
-2.036408185958862305e-01
4.460748285055160522e-02
-9.159760922193527222e-02
-1.033785659819841385e-02
3.596594929695129395e-02
-6.109588220715522766e-02
-1.061644405126571655e-01
-1.171272322535514832e-01
2.933067083358764648e-02
-3.401928767561912537e-02
-1.319120675325393677e-01
-1.300718821585178375e-02
-3.006945364177227020e-02
-1.041707769036293030e-01
-4.259306937456130981e-02
6.783974915742874146e-02
-7.382985204458236694e-02
-1.101785600185394287e-01
-1.478895395994186401e-01
-6.288961321115493774e-02
-9.352019429206848145e-02
3.215175867080688477e-02
4.589585214853286743e-02
-1.493881344795227051e-01
-1.036042422056198120e-01
-8.977516740560531616e-02
7.583331316709518433e-02
7.819730043411254883e-02
5.842573940753936768e-02
-3.188192471861839294e-02
-9.526500105857849121e-02
-1.076644361019134521e-01
-1.497262623161077499e-02
-1.398502886295318604e-01
-5.443749949336051941e-02
3.911196440458297729e-02
-5.128017440438270569e-02
3.959686961024999619e-03
-9.879091754555702209e-03
4.939953796565532684e-03
-1.822871342301368713e-02
-1.559626609086990356e-01
7.458615303039550781e-02
-1.418073009699583054e-02
-6.661403179168701172e-02
-5.654430389404296875e-02
3.991080820560455322e-02
8.498723618686199188e-03
9.139347821474075317e-02
7.083421200513839722e-02
2.501583844423294067e-02
-1.051939427852630615e-01
-5.325166881084442139e-02
-5.978623777627944946e-02
1.594019234180450439e-01
-7.663670182228088379e-02
9.895900636911392212e-02
8.609139174222946167e-02
-1.251336634159088135e-01
3.433528169989585876e-02
-1.139534488320350647e-01
-8.654735237360000610e-02
6.429877597838640213e-03
-1.054861024022102356e-02
5.419043824076652527e-02
-4.935356788337230682e-03
-1.529595106840133667e-01
7.248843461275100708e-02
-1.032941229641437531e-02
-2.947687543928623199e-02
-4.064960405230522156e-02
1.311617251485586166e-02
1.368652936071157455e-02
-3.989811986684799194e-02
-9.571044147014617920e-02
-3.907512873411178589e-02
-4.393874853849411011e-02
1.823600083589553833e-01
-1.802719086408615112e-01
-8.312693238258361816e-02
1.594152897596359253e-01
-1.968683488667011261e-02
-2.360657555982470512e-03
2.058664709329605103e-02
-1.929292827844619751e-01
1.180111058056354523e-02
-1.574193984270095825e-01
-2.458312083035707474e-03
4.040195047855377197e-02
-6.033897027373313904e-02
-7.214677333831787109e-02
1.107714325189590454e-01
1.950915530323982239e-02
-7.480068504810333252e-02
1.019477397203445435e-01
-9.934467822313308716e-02
-3.407787531614303589e-02
3.807150945067405701e-02
-6.023205444216728210e-02
8.773829787969589233e-02
1.103316396474838257e-01
7.121308892965316772e-02
-9.924446046352386475e-02
7.455413695424795151e-03
-1.059456020593643188e-01
-8.856554329395294189e-02
1.159136444330215454e-01
-3.933760151267051697e-02
3.905618190765380859e-02
1.377919167280197144e-01
-9.022322297096252441e-02
1.513821166008710861e-02
8.520593401044607162e-04
1.172768231481313705e-02
-1.549008190631866455e-01
-7.491427659988403320e-02
4.443844035267829895e-02
9.474888443946838379e-02
-3.482438623905181885e-03
5.007999017834663391e-02
4.647929966449737549e-02
-7.590647041797637939e-02
1.042165309190750122e-01
2.855085581541061401e-02
-8.436154574155807495e-02
1.476163715124130249e-01
-7.857422530651092529e-02
-4.005750268697738647e-02
1.690683700144290924e-02
-6.377020478248596191e-02
-1.407297700643539429e-01
-1.383723020553588867e-01
4.088398441672325134e-02
1.163015514612197876e-01
1.318579465150833130e-01
-3.663121908903121948e-02
-9.281559288501739502e-02
8.656745404005050659e-02
-9.857314638793468475e-03
-7.728742808103561401e-02
-7.444420456886291504e-02
1.107176691293716431e-01
8.277171850204467773e-02
-8.070040494203567505e-02
-1.872568577527999878e-02
-1.372323483228683472e-01
5.027215927839279175e-02
9.664986282587051392e-02
-1.124546676874160767e-01
8.953799307346343994e-02
-7.953020185232162476e-02
1.380341872572898865e-02
1.261172741651535034e-01
-6.413802504539489746e-02
-1.442612409591674805e-01
6.584893912076950073e-02
2.422551251947879791e-02
-6.420834106393158436e-04
7.252690941095352173e-02
3.887172043323516846e-02
1.860074140131473541e-02
6.287439167499542236e-02
-1.528342068195343018e-01
-9.175075590610504150e-02
-3.190248832106590271e-02
9.300633519887924194e-02
-6.398557871580123901e-02
-5.808568745851516724e-02
-1.755010150372982025e-02
6.363859027624130249e-02
5.061092972755432129e-02
3.808958828449249268e-02
1.040915697813034058e-01
7.861825823783874512e-02
1.526342779397964478e-01
1.446114480495452881e-02
7.579140365123748779e-02
-7.224719226360321045e-02
4.315732046961784363e-03
7.728323340415954590e-02
-8.868370205163955688e-02
-1.321044713258743286e-01
-1.287831366062164307e-01
6.214215606451034546e-02
-2.575165219604969025e-02
-9.776063263416290283e-03
1.110251024365425110e-01
-7.518831640481948853e-02
3.900536149740219116e-02
7.032115012407302856e-02
5.389100685715675354e-02
1.972861215472221375e-02
-6.170817837119102478e-02
-3.427200019359588623e-02
-1.028944775462150574e-01
-1.431678086519241333e-01
-1.280478835105895996e-01
4.316792637109756470e-02
-2.783467434346675873e-02
-6.723699159920215607e-03
-1.303301602602005005e-01
1.323982626199722290e-01
-4.160918295383453369e-02
-1.134566403925418854e-02
-1.054747551679611206e-01
-3.186578303575515747e-02
2.761076949536800385e-02
4.735549911856651306e-02
-8.853159099817276001e-02
-2.787848562002182007e-02
1.215851083397865295e-01
-9.598645567893981934e-02
-7.196651399135589600e-02
-9.020224213600158691e-02
-4.886529594659805298e-02
9.173458069562911987e-02
8.444988727569580078e-02
-8.986962586641311646e-02
-1.167681589722633362e-01
-1.238850429654121399e-01
6.986134499311447144e-02
-4.426144436001777649e-02
-1.062264479696750641e-02
-7.394676655530929565e-02
-6.923174113035202026e-02
-4.481785371899604797e-02
3.160488232970237732e-02
5.998026579618453979e-02
-2.992270886898040771e-02
-8.906426280736923218e-02
2.996711293235421181e-03
1.136454641819000244e-01
-4.282344877719879150e-02
6.252969801425933838e-02
-6.714067608118057251e-02
-1.179964244365692139e-01
1.228697225451469421e-02
-5.297565832734107971e-02
1.374322474002838135e-01
1.288758963346481323e-01
-6.594741344451904297e-02
-3.663323819637298584e-02
-1.017987448722124100e-02
-1.436421871185302734e-01
-7.583879400044679642e-03
-8.821614086627960205e-03
-4.610041901469230652e-02
2.465299330651760101e-02
-4.122742637991905212e-02
-9.774723649024963379e-02
-8.979359269142150879e-02
-3.131372109055519104e-02
-1.836584061384201050e-01
-7.651562988758087158e-02
-7.566719781607389450e-03
-2.844418399035930634e-02
1.463508754968643188e-01
-5.704610794782638550e-02
3.264599479734897614e-03
-4.108614474534988403e-02
7.008725404739379883e-02
-3.002654574811458588e-02
9.501808136701583862e-02
-2.076681517064571381e-02
-1.022139713168144226e-01
-1.950044999830424786e-03
-1.891494244337081909e-01
1.142578274011611938e-01
4.611741378903388977e-02
1.407268792390823364e-01
-2.189161181449890137e-01
2.089875377714633942e-02
-7.113807648420333862e-02
2.125948294997215271e-02
-3.124062903225421906e-03
-9.946117550134658813e-02
-9.910035878419876099e-02
-7.942502386868000031e-03
-4.855573549866676331e-02
-1.996009647846221924e-01
-1.387551706284284592e-02
5.875065922737121582e-02
3.988875821232795715e-02
1.513779610395431519e-01
-3.631108626723289490e-02
-3.934222459793090820e-02
6.284000724554061890e-02
-1.083092465996742249e-01
1.306122448295354843e-02
7.019236218184232712e-03
-1.866465359926223755e-01
4.836523532867431641e-02
3.706047683954238892e-02
3.428305685520172119e-02
-8.714274317026138306e-02
-1.822624653577804565e-01
-4.093729704618453979e-02
-1.521211266517639160e-01
7.169070839881896973e-02
6.694442033767700195e-02
4.588097333908081055e-02
6.643039640039205551e-03
3.084895201027393341e-02
2.925544045865535736e-02
-8.520241081714630127e-02
6.598690990358591080e-03
-2.177734524011611938e-01
-1.651456505060195923e-01
1.082438006997108459e-01
-1.359974741935729980e-01
-3.557085245847702026e-02
-2.696134848520159721e-03
4.076658934354782104e-02
-1.969045028090476990e-02
6.031108647584915161e-02
-1.819666624069213867e-01
-2.288698591291904449e-02
-1.687522977590560913e-01
9.347940236330032349e-02
3.537847846746444702e-02
-9.529961645603179932e-02
-1.897453889250755310e-02
4.452329128980636597e-02
1.725744456052780151e-02
-1.353392899036407471e-01
2.990964986383914948e-02
-1.133898273110389709e-01
3.737742453813552856e-02
5.595081299543380737e-02
-3.204373642802238464e-02
-3.575665876269340515e-02
-3.810534253716468811e-02
4.105404019355773926e-02
-3.868529945611953735e-02
-1.904278248548507690e-02
-8.577090501785278320e-02
-1.822508424520492554e-01
-8.722271770238876343e-02
-4.876913875341415405e-02
3.447869420051574707e-02
-6.610190868377685547e-02
-1.081148236989974976e-01
1.165917422622442245e-02
9.803153574466705322e-02
9.805116802453994751e-02
-6.593224406242370605e-02
3.308926895260810852e-02
-1.229266598820686340e-01
-3.013660386204719543e-02
2.660471200942993164e-02
-1.005499437451362610e-01
-1.835835427045822144e-01
-1.523824781179428101e-01
-1.193853095173835754e-01
4.560461267828941345e-02
6.442160904407501221e-02
-1.851206570863723755e-01
-2.698813937604427338e-02
-8.155956864356994629e-02
7.255470752716064453e-02
9.354504197835922241e-02
-3.298938274383544922e-02
-1.452778279781341553e-01
-2.295048907399177551e-02
-8.263222873210906982e-02
-5.422133952379226685e-02
-7.733636349439620972e-02
-9.560063481330871582e-02
5.560973286628723145e-02
-7.436051219701766968e-02
-1.688925921916961670e-02
9.079860150814056396e-02
-9.456636756658554077e-02
-3.987368568778038025e-02
2.358799241483211517e-02
-1.133515462279319763e-01
2.582286251708865166e-03
-6.702259927988052368e-02
-2.697088755667209625e-03
-4.494301229715347290e-02
5.861098319292068481e-02
4.969990346580743790e-03
1.782075017690658569e-01
1.047581806778907776e-01
1.461713481694459915e-02
1.747357994318008423e-01
1.732242256402969360e-01
-2.061646431684494019e-02
-3.858341276645660400e-02
2.220368012785911560e-02
-1.308274865150451660e-01
1.952169984579086304e-01
-1.328245252370834351e-01
-6.709721684455871582e-02
6.797195971012115479e-02
1.571385003626346588e-02
-6.281100958585739136e-02
9.380123764276504517e-02
6.686866283416748047e-02
8.145396411418914795e-02
-9.030458331108093262e-02
7.846415042877197266e-02
-5.030986666679382324e-02
-4.079478979110717773e-02
8.984263986349105835e-02
5.543028935790061951e-02
-4.187776148319244385e-02
-3.223628550767898560e-02
1.247822418808937073e-01
-1.262713670730590820e-01
1.271978020668029785e-01
4.455602169036865234e-02
-9.131341427564620972e-02
2.848496846854686737e-02
-1.648592762649059296e-02
8.831353485584259033e-02
-5.560920387506484985e-02
4.411040991544723511e-02
1.501659750938415527e-01
3.305153921246528625e-02
1.470089256763458252e-01
9.938344359397888184e-02
-5.962916836142539978e-02
2.696959418244659901e-04
-6.915616989135742188e-02
1.937835961580276489e-01
4.018758609890937805e-02
6.675986200571060181e-02
-1.320443451404571533e-01
-3.487591817975044250e-02
5.659054964780807495e-03
-2.647786028683185577e-02
1.075034402310848236e-02
7.434001564979553223e-02
-3.731030225753784180e-02
1.106441542506217957e-01
-1.063448749482631683e-02
2.037647925317287445e-02
-6.759069114923477173e-02
-5.152938887476921082e-02
9.701707959175109863e-02
-5.706677213311195374e-02
-4.042292758822441101e-02
-5.952532216906547546e-02
5.924203619360923767e-02
-6.766364723443984985e-02
1.570050865411758423e-01
1.393683701753616333e-01
-7.343994081020355225e-02
7.735195010900497437e-02
1.711253225803375244e-01
2.713247574865818024e-02
-1.888536661863327026e-02
6.602220237255096436e-02
-2.603539451956748962e-02
-3.205393999814987183e-02
4.109193757176399231e-02
-1.077034473419189453e-01
1.649336367845535278e-01
-1.036629453301429749e-01
-2.512979134917259216e-02
-5.150670930743217468e-02
-1.884098537266254425e-02
3.394201025366783142e-02
-6.052481476217508316e-03
4.232383146882057190e-02
2.150234952569007874e-02
-5.262467078864574432e-03
-1.142183169722557068e-01
1.277701705694198608e-01
2.750355005264282227e-02
-2.132688276469707489e-02
-1.604974269866943359e-02
-1.307016164064407349e-01
1.568192541599273682e-01
-7.848670333623886108e-02
-4.759449139237403870e-02
-2.280386909842491150e-02
3.189918771386146545e-02
8.372458070516586304e-02
3.552694991230964661e-02
3.535528853535652161e-02
1.218899413943290710e-01
1.537187695503234863e-01
3.024717979133129120e-02
-5.503903701901435852e-02
-1.421678662300109863e-01
3.072092309594154358e-02
3.884597122669219971e-02
-4.316986352205276489e-02
1.808587908744812012e-01
8.504898101091384888e-02
-1.209694445133209229e-01
-5.658490955829620361e-02
-1.649359166622161865e-01
1.477355416864156723e-02
-5.270943045616149902e-02
-2.548608370125293732e-02
4.534591734409332275e-02
9.183456748723983765e-02
-1.359399873763322830e-02
2.933456189930438995e-02
6.251658312976360321e-03
-1.381714642047882080e-01
9.255843609571456909e-02
-2.717326395213603973e-02
1.274265497922897339e-01
5.165782943367958069e-02
1.337888687849044800e-01
6.117144972085952759e-02
-4.964202642440795898e-02
-1.052189767360687256e-01
-1.108648926019668579e-01
1.557148713618516922e-02
-6.534541398286819458e-02
-8.813856542110443115e-02
-1.009541749954223633e-02
-7.726486027240753174e-02
1.187048926949501038e-01
1.267751306295394897e-01
8.039297163486480713e-02
9.863595664501190186e-02
1.172905638813972473e-01
-4.544487968087196350e-02
-2.905679121613502502e-02
6.668915599584579468e-02
-9.839529544115066528e-02
-6.898101419210433960e-02
-1.134913116693496704e-01
6.502372771501541138e-02
8.036109618842601776e-03
1.976380310952663422e-02
-1.039043441414833069e-01
8.955752104520797729e-02
-9.848555177450180054e-02
-7.320372760295867920e-02
-7.488455623388290405e-03
1.555662602186203003e-01
1.163589432835578918e-01
1.259477622807025909e-02
-1.179840415716171265e-01
1.422003507614135742e-01
5.398078355938196182e-03
6.820762157440185547e-02
9.288915991783142090e-02
1.925708912312984467e-02
-7.481972221285104752e-03
-6.345000118017196655e-02
-5.207912181504070759e-04
-7.299426943063735962e-02
-1.560380496084690094e-02
8.077535033226013184e-02
6.528467684984207153e-02
1.775589480530470610e-04
-1.016811504960060120e-01
-9.699008427560329437e-03
2.035024017095565796e-02
1.784065179526805878e-02
-2.694929949939250946e-02
1.349944472312927246e-01
-2.380080893635749817e-02
-7.159291952848434448e-02
-5.532718449831008911e-02
-3.672832623124122620e-02
1.557365991175174713e-02
9.086698293685913086e-02
1.200343817472457886e-01
8.926293253898620605e-02
-8.349277079105377197e-02
-5.262836068868637085e-02
1.116639003157615662e-01
-6.149345636367797852e-02
1.056707799434661865e-01
-2.776985764503479004e-01
-1.316462904214859009e-01
-3.958646580576896667e-02
-1.068797484040260315e-01
-1.656934171915054321e-01
-1.684778183698654175e-01
3.704802691936492920e-02
-2.773307263851165771e-02
-1.486191898584365845e-01
-6.780236214399337769e-02
-4.349831491708755493e-02
1.489316374063491821e-01
-7.201899588108062744e-02
7.755685597658157349e-03
-6.108493730425834656e-02
-8.199250325560569763e-03
-1.971166813746094704e-03
1.285957917571067810e-02
-1.369112730026245117e-01
-1.193036325275897980e-02
-1.504785008728504181e-02
3.163481503725051880e-02
4.914694651961326599e-02
-1.525643188506364822e-02
-8.814646862447261810e-03
-1.640640571713447571e-02
1.530826091766357422e-02
-4.918209090828895569e-02
5.301712825894355774e-02
9.611247479915618896e-02
9.072548151016235352e-02
2.765640430152416229e-02
4.521581903100013733e-02
1.331684738397598267e-01
-7.265157997608184814e-03
7.438962161540985107e-02
-1.610169559717178345e-01
-1.282859742641448975e-01
-1.252900660037994385e-01
1.345978081226348877e-01
4.830669984221458435e-02
1.585543155670166016e-01
-1.157995611429214478e-01
1.035350859165191650e-01
-6.187312304973602295e-03
4.695931822061538696e-02
6.388574093580245972e-02
-9.691656380891799927e-02
1.991811953485012054e-02
-1.679836362600326538e-01
-7.600526511669158936e-02
-1.512834578752517700e-01
-1.003722194582223892e-03
-5.447480082511901855e-02
5.831869691610336304e-02
4.434317350387573242e-02
-4.072703048586845398e-02
1.053403015248477459e-03
6.706185638904571533e-02
-1.083431616425514221e-01
-1.027866229414939880e-01
-1.490638242103159428e-03
3.841580823063850403e-02
6.723838299512863159e-02
4.595396295189857483e-02
-5.625808611512184143e-02
1.073108911514282227e-01
-7.724406570196151733e-02
9.017325937747955322e-02
9.541224688291549683e-02
1.033394597470760345e-03
-4.171249642968177795e-02
-1.696697995066642761e-02
1.877680793404579163e-02
-4.699441418051719666e-02
-1.321691721677780151e-01
-9.031400084495544434e-02
4.354365170001983643e-02
-7.878587394952774048e-02
1.084938123822212219e-01
4.161211475729942322e-02
5.707212910056114197e-02
-1.560572385787963867e-01
-1.391820460557937622e-01
-1.330013722181320190e-01
2.670595608651638031e-02
-5.150889977812767029e-02
8.143605664372444153e-03
-6.773875653743743896e-02
-9.798092395067214966e-02
-2.667085267603397369e-02
-4.747823253273963928e-02
5.301646888256072998e-02
1.229963079094886780e-01
-3.999638184905052185e-02
-1.146228164434432983e-01
9.143305569887161255e-02
-3.618846833705902100e-02
4.041698202490806580e-02
-8.658055961132049561e-02
8.483234792947769165e-02
9.618253260850906372e-02
1.271553430706262589e-02
-4.205074161291122437e-03
-4.456809908151626587e-02
2.949777245521545410e-02
-2.627316303551197052e-02
2.523251064121723175e-02
1.090128719806671143e-01
-1.539048552513122559e-01
1.207735575735569000e-02
1.314317584037780762e-01
-1.214298084378242493e-01
-1.458210647106170654e-01
-5.390129238367080688e-02
-6.886672228574752808e-02
1.314946170896291733e-02
-1.301681250333786011e-01
3.774965181946754456e-02
-1.326443403959274292e-01
4.367624968290328979e-02
1.194187402725219727e-01
7.378564774990081787e-02
6.663366407155990601e-02
1.417937576770782471e-01
-8.830351382493972778e-02
3.218790516257286072e-03
-1.627114787697792053e-02
-3.216104209423065186e-02
-4.545821994543075562e-02
-1.424774825572967529e-01
-1.209535747766494751e-01
6.483218818902969360e-02
1.558883041143417358e-01
4.970971122384071350e-02
5.133033543825149536e-02
-1.582156568765640259e-01
-6.339345127344131470e-02
5.447642877697944641e-03
-2.323588542640209198e-02
-5.757723934948444366e-03
7.758233230561017990e-03
-4.776236414909362793e-02
-1.601234972476959229e-01
-1.087658181786537170e-01
-6.321879476308822632e-02
1.476328819990158081e-01
2.744418941438198090e-02
5.219213292002677917e-02
-9.414096176624298096e-02
-1.008474975824356079e-01
2.989373542368412018e-02
8.854859322309494019e-02
-5.796183273196220398e-02
-1.139368861913681030e-02
-1.423513740301132202e-01
1.108817830681800842e-01
3.552133589982986450e-02
-1.278668195009231567e-01
-5.622809007763862610e-02
-1.244486272335052490e-01
1.022600848227739334e-02
1.080136522650718689e-01
5.120720341801643372e-02
-5.142699182033538818e-02
6.565082818269729614e-02
-5.678647756576538086e-02
-5.341438949108123779e-02
-7.951812585815787315e-04
-1.116722151637077332e-01
5.346805974841117859e-02
-5.646163970232009888e-02
-9.432367980480194092e-02
1.082182824611663818e-01
1.030422598123550415e-01
-3.989413008093833923e-02
-3.506223484873771667e-02
-2.782248146831989288e-02
3.014276176691055298e-02
-1.346672922372817993e-01
1.319994777441024780e-01
-4.477262124419212341e-02
1.046302020549774170e-01
1.324201822280883789e-01
7.464502006769180298e-02
-5.952004343271255493e-02
3.466892242431640625e-02
2.839732542634010315e-02
9.244272112846374512e-02
-1.016766298562288284e-02
-4.787490889430046082e-02
3.566959500312805176e-02
1.154264733195304871e-01
1.155335307121276855e-01
6.297004967927932739e-02
-8.974245935678482056e-02
-2.763355895876884460e-02
7.809213548898696899e-02
1.448854338377714157e-02
1.566053740680217743e-02
-8.297188580036163330e-02
-1.137367710471153259e-01
4.101159796118736267e-02
-9.671307168900966644e-03
-1.058305427432060242e-01
-1.176620088517665863e-02
7.763166725635528564e-02
-2.710296027362346649e-02
-5.183549597859382629e-02
9.214475005865097046e-02
-3.406227380037307739e-02
-8.255442976951599121e-02
-8.038785308599472046e-04
5.314739048480987549e-02
2.823391230776906013e-03
1.552657107822597027e-03
-4.729099571704864502e-02
1.219218149781227112e-01
9.492984414100646973e-02
1.014695763587951660e-01
-8.874981850385665894e-02
1.156611889600753784e-01
3.806599229574203491e-02
-8.422037214040756226e-02
-1.032628491520881653e-01
7.617925107479095459e-02
-1.373372077941894531e-01
9.005513787269592285e-02
6.938305497169494629e-02
1.082579493522644043e-01
-4.737772420048713684e-02
4.238482937216758728e-02
-4.672340303659439087e-02
-3.292251378297805786e-02
2.428809367120265961e-02
-9.412480145692825317e-02
9.282992035150527954e-02
2.007035911083221436e-02
-1.896149851381778717e-02
-1.467077061533927917e-02
-1.699952036142349243e-01
1.232288628816604614e-01
4.033656325191259384e-03
3.755589574575424194e-02
5.691348016262054443e-02
1.069933921098709106e-01
2.832607179880142212e-02
5.820357240736484528e-03
-2.187375165522098541e-02
7.235872745513916016e-02
-1.180742084980010986e-01
7.069852203130722046e-02
-2.912413515150547028e-02
-2.464990690350532532e-02
-6.884381175041198730e-02
1.486829295754432678e-02
1.018170081079006195e-02
5.468796472996473312e-03
-5.125638842582702637e-02
2.013884298503398895e-02
-6.909064203500747681e-02
1.432702839374542236e-01
9.138209372758865356e-02
-8.645656704902648926e-02
-1.224642992019653320e-01
4.099691659212112427e-02
-7.328207045793533325e-02
7.077270001173019409e-02
3.122557140886783600e-02
-6.950629502534866333e-02
-1.549660116434097290e-01
-1.335258036851882935e-01
-1.326158642768859863e-01
-1.904695667326450348e-02
4.021267592906951904e-02
-3.601619973778724670e-02
-1.649519801139831543e-01
-8.346898108720779419e-02
-1.398892048746347427e-02
1.307897120714187622e-01
-8.461450785398483276e-02
6.371641904115676880e-02
1.775342375040054321e-01
9.286484867334365845e-02
-9.498246014118194580e-02
4.087404161691665649e-02
1.580687426030635834e-02
-3.315155208110809326e-02
-1.285427808761596680e-01
-6.130430102348327637e-02
-1.126604974269866943e-01
-1.652918010950088501e-01
3.359279036521911621e-02
1.409126967191696167e-01
6.340116262435913086e-02
-1.348391026258468628e-01
-1.164862886071205139e-01
-1.088659390807151794e-01
1.440114527940750122e-01
-5.897634476423263550e-02
-1.052955090999603271e-01
-1.126944180577993393e-02
-8.340255916118621826e-02
-1.248426139354705811e-01
-2.372016012668609619e-02
-2.106321044266223907e-03
-9.338477253913879395e-02
-6.120814383029937744e-02
-9.065131098031997681e-02
-6.700268387794494629e-02
-9.526254236698150635e-02
-7.634281367063522339e-02
-9.152986109256744385e-02
-1.555521488189697266e-01
-1.122706979513168335e-01
1.326945722103118896e-01
8.942173421382904053e-02
-6.665266305208206177e-02
-1.511943936347961426e-01
-1.437716037034988403e-01
-2.907735854387283325e-02
-1.626207530498504639e-01
8.481923490762710571e-03
3.524438664317131042e-02
5.880667269229888916e-02
-7.661073468625545502e-03
1.010732129216194153e-01
-3.995072469115257263e-02
-8.170723170042037964e-02
5.519044026732444763e-02
-5.459481477737426758e-02
-8.815249800682067871e-02
9.462172165513038635e-03
-1.162663623690605164e-01
-9.024097770452499390e-02
-6.357157975435256958e-02
2.895958907902240753e-02
6.922879256308078766e-03
9.741008281707763672e-02
1.422793567180633545e-01
8.549631386995315552e-02
-1.176551636308431625e-02
-1.108938828110694885e-02
-1.592643409967422485e-01
-2.117613703012466431e-02
-1.273976289667189121e-03
-1.342131644487380981e-01
-1.320188939571380615e-01
-1.065047979354858398e-01
-1.111317542381584644e-03
3.938515484333038330e-02
8.210162073373794556e-02
6.283075362443923950e-02
-1.369540095329284668e-01
-9.531205147504806519e-02
7.872110605239868164e-02
9.431551396846771240e-02
-1.083909422159194946e-01
-4.720876738429069519e-02
5.666403844952583313e-02
-6.888215243816375732e-02
1.093210205435752869e-01
-2.511609904468059540e-02
-1.668639853596687317e-02
-1.053152978420257568e-01
-5.543816834688186646e-03
1.543405652046203613e-01
-1.906218826770782471e-01
1.641867756843566895e-01
-1.236435994505882263e-01
-1.307515203952789307e-01
-1.295445263385772705e-01
9.189561754465103149e-02
-1.088645160198211670e-01
-9.121341258287429810e-02
7.025879621505737305e-02
8.431055396795272827e-02
5.317467730492353439e-03
9.511825442314147949e-02
-7.639240473508834839e-02
-1.665680110454559326e-01
1.493722293525934219e-02
-1.368364542722702026e-01
-5.631421506404876709e-02
2.366923354566097260e-02
6.264090538024902344e-02
-3.310430422425270081e-02
-6.249051913619041443e-02
-7.175415009260177612e-02
-1.933154612779617310e-01
-1.741337031126022339e-01
3.460316732525825500e-02
3.885529562830924988e-02
3.115688823163509369e-02
-3.946756571531295776e-02
7.287349551916122437e-02
1.847603544592857361e-02
-8.506809175014495850e-02
-6.604136526584625244e-02
1.542420983314514160e-01
-4.426232725381851196e-02
9.140913188457489014e-02
-1.857559084892272949e-01
9.583625197410583496e-02
-6.667134165763854980e-02
1.402999162673950195e-01
7.032464444637298584e-02
6.666012853384017944e-02
1.100264787673950195e-01
-5.210911855101585388e-02
-2.450806647539138794e-02
-4.648004099726676941e-02
-9.450577199459075928e-03
4.698001593351364136e-02
-2.822342095896601677e-03
5.400682613253593445e-02
4.705784842371940613e-02
-4.607964307069778442e-02
6.248935684561729431e-02
-1.655178517103195190e-01
-8.584965951740741730e-03
-1.834170669317245483e-01
1.062970533967018127e-01
-8.537525683641433716e-02
1.096374765038490295e-01
2.535557560622692108e-02
6.250977516174316406e-02
8.010347932577133179e-02
-1.715890318155288696e-01
-8.433498442173004150e-02
9.187108278274536133e-02
8.758119493722915649e-02
2.096254564821720123e-02
-3.812572732567787170e-02
3.293450549244880676e-02
-1.006297096610069275e-01
1.009939983487129211e-01
-7.258629053831100464e-02
-1.900782063603401184e-02
-1.201578155159950256e-01
-4.108786210417747498e-02
5.923917517066001892e-02
-3.869329020380973816e-02
-1.884018480777740479e-01
-1.279953122138977051e-01
1.522644236683845520e-02
9.481441974639892578e-02
-1.203577816486358643e-01
1.607767492532730103e-01
-1.329200714826583862e-02
1.418060660362243652e-01
-3.297412395477294922e-02
1.436817646026611328e-02
4.276593402028083801e-02
-6.466802209615707397e-02
1.911825314164161682e-02
1.516752541065216064e-01
1.160100325942039490e-01
8.951393514871597290e-02
-1.311624944210052490e-01
2.718030661344528198e-02
-7.192903757095336914e-02
5.168104544281959534e-02
-1.059916391968727112e-01
5.465687066316604614e-02
-7.772564142942428589e-02
-3.253579884767532349e-02
-3.736577928066253662e-02
1.992087811231613159e-02
2.850942499935626984e-02
-1.697589010000228882e-01
-5.786377191543579102e-02
-7.889803498983383179e-02
7.589234039187431335e-03
-5.274524539709091187e-02
8.774371445178985596e-02
-6.503549218177795410e-02
-2.857411745935678482e-03
-1.197706162929534912e-01
-1.674974560737609863e-01
-6.504549831151962280e-02
-1.059739664196968079e-01
-1.694091260433197021e-01
-6.073964387178421021e-02
-1.069326326251029968e-01
-8.490905910730361938e-02
7.065025717020034790e-02
-1.575176268815994263e-01
2.897334471344947815e-02
-2.443460226058959961e-01
1.131282770074903965e-03
-1.098527386784553528e-01
-4.143825732171535492e-03
2.125119231641292572e-02
-1.063828691840171814e-01
-5.912892892956733704e-02
-3.823693841695785522e-02
-3.073551319539546967e-02
7.282918691635131836e-02
5.711594596505165100e-02
-4.076807573437690735e-02
7.487186044454574585e-02
-8.796004951000213623e-02
3.634607046842575073e-02
-2.039665728807449341e-01
-1.335178762674331665e-01
-1.726196706295013428e-02
1.322466135025024414e-01
-1.180921941995620728e-01
-7.557111233472824097e-02
-1.243597269058227539e-01
1.232114434242248535e-02
3.041141200810670853e-03
-8.486972749233245850e-02
3.963215276598930359e-02
1.153289377689361572e-01
-9.992533922195434570e-02
8.367206901311874390e-02
1.900680549442768097e-02
1.024066507816314697e-01
2.946597151458263397e-02
1.313197892159223557e-02
-1.131952628493309021e-01
-7.891017943620681763e-02
-1.183584779500961304e-01
-1.378846615552902222e-01
1.051225513219833374e-02
-7.212121505290269852e-03
-8.189069479703903198e-02
-1.438761204481124878e-01
-1.223696395754814148e-01
3.401757404208183289e-02
6.645394116640090942e-02
8.461334556341171265e-02
3.021372109651565552e-02
2.169720083475112915e-02
9.580617770552635193e-03
-5.644362419843673706e-02
-6.987232714891433716e-02
-8.738903701305389404e-02
-8.611960709095001221e-02
1.921496726572513580e-02
1.256991326808929443e-01
-6.953787058591842651e-02
-7.317610830068588257e-02
-5.669183656573295593e-02
-2.472500875592231750e-02
-1.223342716693878174e-01
7.410816848278045654e-02
-9.994408488273620605e-02
1.023381873965263367e-01
-2.460481785237789154e-02
-7.210627943277359009e-02
1.185663342475891113e-01
3.155434736981987953e-03
-5.881037935614585876e-02
-1.673347204923629761e-01
-5.204393342137336731e-02
9.042681753635406494e-02
2.619143109768629074e-03
1.327354013919830322e-01
-6.104248389601707458e-02
-1.273629367351531982e-01
-4.092156887054443359e-02
-7.142193615436553955e-02
-3.575442358851432800e-02
7.067684084177017212e-02
1.001042947173118591e-01
8.188155293464660645e-02
-4.923910819343291223e-05
-1.164803355932235718e-01
-5.658205598592758179e-02
-4.192251712083816528e-02
6.159618124365806580e-02
1.107474863529205322e-01
-9.215686470270156860e-02
1.649576425552368164e-02
6.618916988372802734e-02
-7.498613744974136353e-02
8.655995875597000122e-02
-1.312262415885925293e-01
-5.997109785676002502e-02
-1.023462936282157898e-01
-6.530430912971496582e-02
-3.024838678538799286e-02
1.371932029724121094e-01
2.059151418507099152e-02
-1.154925972223281860e-01
-1.030490994453430176e-01
-9.453728795051574707e-02
5.953863263130187988e-02
-8.007669448852539062e-02
-7.747901976108551025e-02
-1.590893790125846863e-02
3.068540710955858231e-03
-7.767874747514724731e-02
9.834044426679611206e-02
4.359874874353408813e-02
-9.518240578472614288e-03
-9.666778147220611572e-02
9.437553584575653076e-02
1.376575529575347900e-01
3.144326061010360718e-02
1.467157453298568726e-01
3.625096986070275307e-03
-8.057550340890884399e-02
-6.146166473627090454e-02
-1.420793831348419189e-01
5.988749489188194275e-02
-2.663424238562583923e-02
1.023450121283531189e-01
1.429950702004134655e-03
-1.578332483768463135e-01
-1.554386168718338013e-01
-1.131840329617261887e-02
1.678376831114292145e-02
2.093144319951534271e-02
-1.755274832248687744e-01
-1.555324532091617584e-03
-1.371123641729354858e-01
5.859212949872016907e-02
2.379197813570499420e-02
-1.994908601045608521e-02
7.585722953081130981e-02
-1.260642856359481812e-01
-1.246489025652408600e-02
9.376235306262969971e-02
-1.689057052135467529e-01
1.244654133915901184e-01
-6.590501964092254639e-02
-5.260632932186126709e-02
3.128959331661462784e-03
-2.332142442464828491e-01
-1.616600602865219116e-01
7.604590803384780884e-02
-1.957285255193710327e-01
-9.151092916727066040e-02
3.992995247244834900e-02
7.953000813722610474e-02
-4.987983778119087219e-02
4.764095880091190338e-03
-8.510548621416091919e-02
6.422223895788192749e-02
8.634898811578750610e-02
-2.204112522304058075e-02
-4.099867865443229675e-02
-1.943892687559127808e-01
-8.018223196268081665e-02
9.525863826274871826e-02
-1.138817518949508667e-01
-5.647269077599048615e-03
1.341633945703506470e-01
-5.824030190706253052e-02
-4.525677114725112915e-02
7.968130521476268768e-03
-1.432334305718541145e-03
-5.228048190474510193e-02
6.881365925073623657e-02
4.152068123221397400e-02
6.497105956077575684e-02
-6.645561009645462036e-02
-6.255649030208587646e-02
6.626253575086593628e-02
-2.107612229883670807e-02
-2.003021305426955223e-03
1.045437753200531006e-01
4.042262444272637367e-04
1.560571342706680298e-01
7.463049143552780151e-02
-1.851955614984035492e-02
-4.173234570771455765e-03
1.439922451972961426e-01
-1.767674684524536133e-01
-1.857988722622394562e-02
1.355884131044149399e-02
1.172778904438018799e-01
-5.943149328231811523e-02
-7.097050547599792480e-02
-6.235604360699653625e-02
-3.391474857926368713e-02
7.246197760105133057e-02
-6.182119622826576233e-02
1.068353280425071716e-01
-2.596686407923698425e-02
4.849715158343315125e-02
-1.421896517276763916e-01
-1.071101948618888855e-01
-1.458298116922378540e-01
5.247940495610237122e-02
-1.690991222858428955e-02
-1.304416209459304810e-01
-1.385712623596191406e-01
-6.526912748813629150e-02
6.455035507678985596e-02
-7.172632962465286255e-03
5.160506349056959152e-03
-1.427770256996154785e-01
1.009433809667825699e-02
1.405873149633407593e-01
2.000719308853149414e-02
3.558876365423202515e-02
-1.615916751325130463e-02
7.164848595857620239e-02
2.919867262244224548e-02
3.595118224620819092e-02
-1.111246459186077118e-02
-6.491027772426605225e-02
-4.538070410490036011e-02
-1.081175804138183594e-01
-1.083478033542633057e-01
5.121221393346786499e-02
6.129189208149909973e-02
3.151512518525123596e-02
4.007823392748832703e-02
-1.461139917373657227e-01
-2.873062901198863983e-02
-6.969929486513137817e-02
-3.273699199780821800e-03
1.363194137811660767e-01
1.423404179513454437e-02
-3.106207959353923798e-02
-1.738243103027343750e-01
-8.218382298946380615e-02
3.010194562375545502e-02
-1.375506520271301270e-01
-1.442577540874481201e-01
-6.443785130977630615e-02
-9.092153608798980713e-02
-1.357964128255844116e-01
-4.113127011805772781e-03
-5.255572497844696045e-02
-1.534575037658214569e-02
1.499343961477279663e-01
-8.464937657117843628e-02
9.706673026084899902e-02
-8.469762653112411499e-02
1.226909980177879333e-01
-1.022140495479106903e-02
-1.003330722451210022e-01
4.588644579052925110e-02
2.189176157116889954e-02
-5.988770350813865662e-02
-1.202846784144639969e-02
-2.462202683091163635e-02
1.913441903889179230e-02
2.935783751308917999e-02
-1.313423812389373779e-01
5.022668745368719101e-03
-7.227707188576459885e-03
6.882010400295257568e-02
-1.495921239256858826e-02
-9.006698429584503174e-02
-4.100848734378814697e-02
-4.145747795701026917e-02
-7.772684097290039062e-02
-9.982687421143054962e-03
-7.692310214042663574e-02
8.081739395856857300e-02
2.187166549265384674e-02
6.499435752630233765e-02
-4.085433110594749451e-02
4.060507193207740784e-02
-6.251066923141479492e-02
1.118048187345266342e-02
7.186914235353469849e-02
-1.434939950704574585e-01
-7.067871838808059692e-02
1.137360278517007828e-02
-8.635168522596359253e-02
8.008859003894031048e-04
-5.188908055424690247e-02
-6.785909831523895264e-02
9.585712105035781860e-02
1.503124237060546875e-01
2.111136913299560547e-01
-1.428572386503219604e-01
-6.627918779850006104e-02
-3.789102658629417419e-02
-4.714148491621017456e-02
1.407556533813476562e-01
1.809957996010780334e-02
-1.152394264936447144e-01
7.680848985910415649e-02
-6.915891915559768677e-02
-2.165692858397960663e-02
1.711840182542800903e-02
5.925850197672843933e-02
-9.138731658458709717e-02
-4.557345062494277954e-02
-2.185073122382164001e-02
-1.037365384399890900e-02
-4.494862258434295654e-02
-6.787210702896118164e-02
-6.279119104146957397e-02
6.039283424615859985e-02
-2.074958011507987976e-02
-3.757815435528755188e-02
-7.713665813207626343e-02
6.135278940200805664e-02
5.630185455083847046e-02
-3.632612293586134911e-03
5.816088989377021790e-02
-2.351753599941730499e-02
-6.144677102565765381e-02
-1.347909122705459595e-01
4.236941039562225342e-02
-6.636508554220199585e-02
5.483817309141159058e-02
-2.254352904856204987e-02
3.716800827533006668e-03
2.283263951539993286e-02
8.888071775436401367e-02
-1.284612268209457397e-01
2.363769263029098511e-01
1.404702216386795044e-01
-3.878242522478103638e-02
9.170297533273696899e-02
-7.692750543355941772e-02
-4.363069683313369751e-02
-1.489147096872329712e-01
-1.014166548848152161e-01
-1.213224530220031738e-01
-1.595456525683403015e-02
-4.666000977158546448e-02
1.816916279494762421e-02
4.317700490355491638e-02
-1.098150610923767090e-01
-1.294995397329330444e-01
7.702720165252685547e-02
5.742092430591583252e-02
3.521570563316345215e-02
1.249359250068664551e-01
4.993973299860954285e-02
1.304707229137420654e-01
1.078716740012168884e-01
-1.112878248095512390e-01
-6.673329323530197144e-02
-4.678832739591598511e-02
-8.042223006486892700e-02
-7.524466514587402344e-02
5.541238561272621155e-02
-1.508349552750587463e-02
-1.182150021195411682e-01
-1.195479407906532288e-01
-3.978335764259099960e-03
-4.637416824698448181e-02
9.608674049377441406e-02
-4.769260808825492859e-02
2.239413931965827942e-02
1.173085123300552368e-01
-4.050838947296142578e-02
-1.347177326679229736e-01
2.214586362242698669e-02
-5.189711600542068481e-02
-1.518671512603759766e-01
-6.140530109405517578e-02
6.018260959535837173e-03
-8.093269914388656616e-02
9.085848927497863770e-02
1.004004031419754028e-01
-8.161174505949020386e-02
2.327526919543743134e-02
2.827813662588596344e-02
8.920595794916152954e-02
-5.388569552451372147e-03
1.306792348623275757e-01
-8.330329507589340210e-02
-1.063242852687835693e-01
-9.562184661626815796e-02
-7.632188498973846436e-02
-8.914299309253692627e-02
-5.526714026927947998e-02
-3.007818304467946291e-04
2.756472211331129074e-03
6.111680530011653900e-03
-8.939209394156932831e-03
1.339296400547027588e-01
3.111608512699604034e-02
-3.664140030741691589e-02
-1.217728182673454285e-01
-4.264011234045028687e-02
2.762089669704437256e-02
-1.063209697604179382e-01
-5.528216063976287842e-02
-6.968060974031686783e-03
9.570723772048950195e-02
-1.241403892636299133e-01
-8.865886181592941284e-02
-3.803726658225059509e-02
-9.623975493013858795e-03
9.683688730001449585e-02
-1.339377462863922119e-01
-3.901321813464164734e-02
-1.052940189838409424e-01
-1.239703521132469177e-01
1.111208349466323853e-01
-3.844874724745750427e-02
4.419802129268646240e-02
-6.752344965934753418e-02
-3.393945842981338501e-02
8.977878093719482422e-02
-8.726774156093597412e-02
-1.569230109453201294e-01
-1.068653464317321777e-01
-8.559174835681915283e-03
-1.785491257905960083e-01
-8.250517398118972778e-02
-7.809522747993469238e-02
-3.122521750628948212e-02
-9.937947988510131836e-02
-2.003754973411560059e-01
-6.603726744651794434e-02
8.653271943330764771e-02
-7.418822497129440308e-02
5.593930557370185852e-02
-2.245342731475830078e-02
-1.362351179122924805e-01
9.954160451889038086e-02
-2.642281912267208099e-02
1.320450752973556519e-02
-2.642872929573059082e-02
3.000435419380664825e-02
-6.481935828924179077e-02
8.376520872116088867e-02
-1.463531106710433960e-01
1.246359385550022125e-02
1.190185174345970154e-01
6.964650750160217285e-02
1.456659007817506790e-02
-8.915632963180541992e-02
-1.031373068690299988e-01
8.751704357564449310e-03
4.665449261665344238e-02
-1.765847392380237579e-02
-5.949595943093299866e-02
-1.093911752104759216e-01
1.192789152264595032e-02
9.849492460489273071e-02
-5.810208246111869812e-02
-9.142748266458511353e-02
1.404412239789962769e-01
-6.744601577520370483e-02
6.507097184658050537e-02
1.055428162217140198e-01
-2.408615499734878540e-02
-1.021570116281509399e-01
-3.794354945421218872e-02
-1.134297475218772888e-01
-7.597817480564117432e-02
-2.524847164750099182e-02
5.585947260260581970e-02
3.182793268933892250e-03
-6.385049968957901001e-02
5.213349685072898865e-02
4.655848722904920578e-03
1.766183413565158844e-02
4.128665104508399963e-02
-9.710445255041122437e-02
-1.132736355066299438e-01
-6.709281355142593384e-02
1.500318385660648346e-02
-1.024155467748641968e-01
-3.435680642724037170e-02
-1.087613701820373535e-01
-4.244863986968994141e-02
4.234107583761215210e-02
1.821712590754032135e-02
1.013118997216224670e-01
-2.024148590862751007e-03
-7.658940553665161133e-02
-1.202048584818840027e-01
-1.158152520656585693e-01
1.250746939331293106e-02
3.945980570279061794e-04
-1.063042804598808289e-01
5.011606961488723755e-02
-1.734000258147716522e-02
2.853470481932163239e-02
-8.585222065448760986e-02
-5.936999991536140442e-02
5.770175904035568237e-02
-6.348093599081039429e-02
-4.983359947800636292e-02
-1.112730503082275391e-01
-3.703899681568145752e-02
-1.209242045879364014e-01
-1.161312684416770935e-01
4.886716976761817932e-02
-7.596016675233840942e-02
-3.199709206819534302e-02
2.482146210968494415e-02
2.754575200378894806e-02
1.346023529767990112e-01
8.552912622690200806e-02
-5.351695045828819275e-02
5.917195603251457214e-02
3.549643978476524353e-02
-1.065930500626564026e-01
-2.247082069516181946e-02
3.186311945319175720e-02
8.599821478128433228e-03
-9.348886087536811829e-03
3.963916748762130737e-02
1.001188531517982483e-01
-5.193157494068145752e-02
-7.130600512027740479e-02
-6.382157653570175171e-02
8.798135071992874146e-02
5.130179226398468018e-02
8.352417498826980591e-02
5.769929289817810059e-02
-1.274858694523572922e-02
-7.280508428812026978e-02
-5.435773357748985291e-02
-9.466220438480377197e-02
1.178961526602506638e-02
9.039698541164398193e-02
1.116717383265495300e-01
4.672376811504364014e-02
-9.583095461130142212e-02
-2.145788818597793579e-02
-2.579384297132492065e-02
-1.140607446432113647e-01
-2.732598222792148590e-02
-1.727593392133712769e-01
-9.995196014642715454e-02
-1.017236784100532532e-01
-1.065724417567253113e-01
-1.119491606950759888e-01
-9.148588776588439941e-02
-2.706402167677879333e-02
-5.764912813901901245e-02
-1.758880540728569031e-02
-6.320673227310180664e-02
-1.370037198066711426e-01
4.128147289156913757e-02
-1.420639306306838989e-01
-1.913620159029960632e-02
5.873514711856842041e-02
-1.032455042004585266e-01
6.023897603154182434e-02
-9.163758158683776855e-02
-1.073286235332489014e-01
4.932826757431030273e-02
-1.318175792694091797e-01
-1.716993749141693115e-01
7.299982011318206787e-02
-1.245898455381393433e-01
7.355444133281707764e-02
6.555641442537307739e-02
1.398473680019378662e-01
7.767105847597122192e-02
1.314132958650588989e-01
-5.057082511484622955e-03
-1.360151916742324829e-01
4.733013734221458435e-02
8.304338902235031128e-02
6.819614768028259277e-02
4.373056441545486450e-02
7.697553932666778564e-02
2.678809687495231628e-02
4.759419709444046021e-03
-3.460815176367759705e-02
3.047153167426586151e-02
7.797115016728639603e-03
-4.314253479242324829e-02
-9.168739616870880127e-02
-4.630669578909873962e-02
1.044081407599151134e-03
5.363722145557403564e-02
-9.317056834697723389e-02
-4.507164470851421356e-03
6.349930167198181152e-02
-6.086155772209167480e-02
-7.789674401283264160e-02
4.068190976977348328e-02
-1.427025645971298218e-01
1.134433522820472717e-01
-1.039085388183593750e-01
-1.555063873529434204e-01
3.772256523370742798e-02
-5.943690240383148193e-02
4.761491715908050537e-02
-1.362833827733993530e-01
-3.300586342811584473e-02
1.190208494663238525e-01
3.358752653002738953e-02
1.327345073223114014e-01
2.149683795869350433e-02
5.391337722539901733e-02
-8.247707784175872803e-02
-1.111730486154556274e-01
3.811258077621459961e-02
-8.127853274345397949e-02
-8.253721147775650024e-02
-5.843633040785789490e-02
-3.986946865916252136e-02
-6.986623257398605347e-02
1.260916888713836670e-01
-1.133638322353363037e-01
-3.432735800743103027e-02
1.028913911432027817e-02
7.621510326862335205e-02
-2.003126405179500580e-02
1.838202215731143951e-02
-7.633098214864730835e-02
3.229813650250434875e-02
-8.085323125123977661e-02
5.489324685186147690e-03
6.355515122413635254e-02
7.919575273990631104e-02
1.061405986547470093e-01
3.555760718882083893e-03
1.121652796864509583e-01
8.104243874549865723e-02
6.267812848091125488e-02
3.860659524798393250e-02
-1.268489211797714233e-01
1.212599873542785645e-01
-6.175247579813003540e-02
5.219087377190589905e-02
1.295920014381408691e-01
-3.493610769510269165e-02
-1.049196869134902954e-01
-1.243778988718986511e-01
-1.015559062361717224e-01
-5.840122699737548828e-02
-5.414806306362152100e-02
-1.456090360879898071e-01
-1.658522188663482666e-01
-7.790087163448333740e-02
-1.128545124083757401e-02
1.648991368710994720e-02
-1.145152002573013306e-01
-1.102097928524017334e-01
6.850963830947875977e-02
-2.254651859402656555e-02
-3.598214685916900635e-02
-3.699896857142448425e-02
-4.828560724854469299e-02
-1.569144278764724731e-01
8.953750878572463989e-02
4.417501762509346008e-02
8.343730121850967407e-03
-4.713716730475425720e-02
-1.787799000740051270e-01
-4.631631076335906982e-03
9.219299256801605225e-02
1.431837826967239380e-01
-5.987435579299926758e-02
-5.757758393883705139e-02
6.216986477375030518e-02
6.092923507094383240e-02
1.942171752452850342e-01
-5.363439768552780151e-02
-5.659379065036773682e-02
3.601293265819549561e-02
2.086094021797180176e-01
-7.933640480041503906e-02
-1.182378455996513367e-01
1.061243563890457153e-01
-5.434404686093330383e-02
5.084581300616264343e-02
4.336358606815338135e-02
2.034234255552291870e-02
1.267217993736267090e-01
1.278785616159439087e-01
-1.351656019687652588e-01
1.811159588396549225e-02
-7.318731397390365601e-02
1.039129868149757385e-01
-1.406030729413032532e-02
1.238081529736518860e-01
-8.440777659416198730e-02
5.715462937951087952e-02
2.613958157598972321e-02
-8.714224398136138916e-02
1.156261190772056580e-01
1.136195734143257141e-01
8.331401646137237549e-02
1.287971287965774536e-01
-5.221412703394889832e-02
-2.146037667989730835e-01
-8.359719812870025635e-02
4.211787134408950806e-02
-1.644822210073471069e-02
-6.783197820186614990e-02
-5.533419549465179443e-02
8.655641973018646240e-02
1.867690533399581909e-01
-6.139631569385528564e-02
8.415412902832031250e-02
-6.883244961500167847e-02
-7.828895002603530884e-02
1.764459908008575439e-02
3.997332230210304260e-02
-6.547410041093826294e-02
6.191820278763771057e-02
6.086369976401329041e-02
-9.988072514533996582e-02
-1.044179871678352356e-01
7.697822898626327515e-02
8.550892770290374756e-02
1.799990832805633545e-01
9.842465072870254517e-02
1.168104708194732666e-01
1.207616999745368958e-01
2.893359214067459106e-02
6.268689036369323730e-02
5.910427868366241455e-02
4.816647991538047791e-02
-3.668728750199079514e-03
-1.084910426288843155e-02
2.154346369206905365e-02
-8.010691404342651367e-02
-1.816353648900985718e-01
7.115114480257034302e-02
-7.435301691293716431e-02
1.998170092701911926e-02
-3.050263738259673119e-03
6.466648727655410767e-02
1.631409227848052979e-01
-3.157268464565277100e-02
1.087165698409080505e-01
-2.065326869487762451e-01
-1.449419856071472168e-01
-5.873460322618484497e-02
8.757910132408142090e-02
-4.273788537830114365e-03
-7.508216053247451782e-02
2.781146951019763947e-02
-1.036788374185562134e-01
3.488489240407943726e-02
-1.660231500864028931e-01
8.916319906711578369e-02
6.894905120134353638e-02
2.043986879289150238e-02
7.758160680532455444e-02
1.325872093439102173e-01
-1.248732283711433411e-01
5.877356603741645813e-02
-3.246610611677169800e-02
-1.744808256626129150e-02
-1.388092786073684692e-01
-1.478255987167358398e-01
8.767363429069519043e-02
-1.428509205579757690e-01
2.295251749455928802e-02
-1.013898700475692749e-01
-1.481171101331710815e-01
2.067269384860992432e-02
6.932175904512405396e-02
-1.529736220836639404e-01
-2.525894343852996826e-02
9.835302084684371948e-02
1.025559008121490479e-02
3.205602988600730896e-02
-1.154174190014600754e-02
-5.054890364408493042e-02
-1.571134291589260101e-02
-1.495811343193054199e-01
-5.006177723407745361e-02
9.794881939888000488e-02
-1.618236005306243896e-01
1.167010664939880371e-01
-1.021118089556694031e-01
-8.237238973379135132e-02
-1.451370120048522949e-01
-7.249233871698379517e-02
-1.465970128774642944e-01
-1.295785307884216309e-01
6.761179864406585693e-02
3.926372900605201721e-02
6.263476610183715820e-02
6.345797330141067505e-02
-1.440931111574172974e-01
5.470167472958564758e-02
-3.109291940927505493e-02
3.982469066977500916e-02
1.467643827199935913e-01
-1.671388596296310425e-01
-5.580310896039009094e-02
-2.415040321648120880e-02
-1.078840866684913635e-01
-4.165785387158393860e-03
4.132820293307304382e-03
-8.816920965909957886e-02
-1.436360329389572144e-01
-1.812967658042907715e-01
-1.507384628057479858e-01
5.481856688857078552e-02
6.020334549248218536e-03
3.663105517625808716e-02
4.861881025135517120e-03
-1.534921973943710327e-01
-1.279024183750152588e-01
2.835801802575588226e-03
8.045776188373565674e-02
-9.472163766622543335e-02
-1.727596819400787354e-01
4.328825697302818298e-02
-1.580678485333919525e-02
-6.960363686084747314e-02
4.407034069299697876e-02
7.444860413670539856e-03
1.137684211134910583e-01
-6.436212360858917236e-02
5.293404310941696167e-02
-2.100463956594467163e-02
-2.789312973618507385e-02
8.669391274452209473e-02
7.981209456920623779e-02
4.475941136479377747e-02
2.133044647052884102e-03
6.388580799102783203e-02
1.983776129782199860e-02
4.474662616848945618e-02
1.345026306807994843e-03
4.445335641503334045e-02
-7.386592030525207520e-02
-9.984029829502105713e-02
2.032058127224445343e-02
5.141559243202209473e-02
9.876567125320434570e-02
-6.806231569498777390e-03
-8.898610621690750122e-02
-1.364166140556335449e-01
6.794084608554840088e-02
-1.379417628049850464e-01
-1.847350001335144043e-01
-9.760861843824386597e-02
-5.432408303022384644e-02
-2.305242046713829041e-02
1.436928063631057739e-01
-5.516513437032699585e-02
-6.304493546485900879e-02
1.179147139191627502e-01
-4.542773589491844177e-02
-1.075716838240623474e-01
2.356843650341033936e-02
-1.230152994394302368e-01
-1.005318984389305115e-01
-8.268626779317855835e-02
-1.543173938989639282e-01
3.699310123920440674e-02
-1.146865636110305786e-01
6.539535522460937500e-02
7.748103886842727661e-02
-7.490510493516921997e-02
5.167086794972419739e-02
-4.413693211972713470e-03
-6.290224939584732056e-02
1.293175481259822845e-02
-7.531661540269851685e-02
3.416232531890273094e-03
-1.012213677167892456e-01
-1.042788028717041016e-01
-5.925968661904335022e-02
7.053069025278091431e-02
4.183476045727729797e-02
1.487177163362503052e-01
8.074917644262313843e-02
-4.142328724265098572e-02
7.090421859174966812e-03
-7.943703979253768921e-02
-1.751714572310447693e-02
-1.420898083597421646e-02
-8.047235012054443359e-02
-1.001165732741355896e-01
-8.546220511198043823e-02
5.946735292673110962e-02
6.252273172140121460e-02
-1.981404609978199005e-03
-6.258410215377807617e-02
1.173990517854690552e-01
-2.089967951178550720e-02
-4.812162369489669800e-03
-1.438782513141632080e-01
-7.324157655239105225e-02
-1.376791391521692276e-02
-1.177981123328208923e-01
-1.490799635648727417e-01
1.282538753002882004e-02
-4.277693480253219604e-02
-6.046352791599929333e-05
-4.096105322241783142e-02
-8.572561293840408325e-02
8.874338865280151367e-02
-6.086686998605728149e-02
-6.616820581257343292e-03
-3.423554450273513794e-02
9.566393494606018066e-02
-1.957505941390991211e-02
-1.421018838882446289e-01
8.615083247423171997e-02
-1.154276132583618164e-01
-1.564834117889404297e-01
9.173883497714996338e-02
6.957803387194871902e-03
-7.643631845712661743e-02
-8.685761690139770508e-02
5.939974915236234665e-03
-1.423491537570953369e-01
-4.666971974074840546e-03
2.923176158219575882e-03
8.927670121192932129e-02
1.593150384724140167e-02
4.714439436793327332e-02
5.966906994581222534e-02
-8.668510615825653076e-02
-1.188143119215965271e-01
-2.080276608467102051e-02
-1.375599801540374756e-01
-8.278800547122955322e-02
-5.090911313891410828e-02
-4.275453090667724609e-02
-5.861142650246620178e-03
1.199164837598800659e-01
2.943344600498676300e-02
-1.204684600234031677e-01
-1.869229786098003387e-02
-7.484203577041625977e-02
4.460872150957584381e-03
1.221186295151710510e-01
9.993462264537811279e-02
-1.455501466989517212e-01
-1.238430291414260864e-01
-2.012632042169570923e-02
-5.990854650735855103e-02
-5.787771567702293396e-02
8.331483602523803711e-02
-2.364296838641166687e-02
-1.218873858451843262e-01
2.182711660861968994e-02
-1.255314648151397705e-01
6.637933850288391113e-02
-8.547412231564521790e-03
-3.367730230093002319e-02
8.493997156620025635e-02
9.151832014322280884e-02
-4.882092028856277466e-02
7.403498888015747070e-02
5.968677625060081482e-02
-8.653047680854797363e-02
-4.322950541973114014e-02
-1.054033413529396057e-01
9.312257170677185059e-02
1.302580684423446655e-01
9.800419211387634277e-03
1.594319008290767670e-02
-2.866039052605628967e-02
-6.064957380294799805e-02
-1.323409676551818848e-01
-2.171498956158757210e-03
1.199354324489831924e-02
1.280828267335891724e-01
-6.544418632984161377e-02
4.385203868150711060e-02
-2.931543625891208649e-02
-1.090627387166023254e-01
3.015401773154735565e-02
1.779975742101669312e-02
-2.063212394714355469e-01
8.186756819486618042e-02
-1.757294237613677979e-01
-5.324720218777656555e-02
-1.163097321987152100e-01
-1.122281551361083984e-01
-1.231724917888641357e-01
6.173117831349372864e-02
-1.370024830102920532e-01
-9.416563808917999268e-02
-8.803657442331314087e-02
-1.735815852880477905e-01
-4.307713732123374939e-02
1.111519262194633484e-01
-1.341855525970458984e-01
-3.042809665203094482e-02
-3.102390468120574951e-02
6.296549737453460693e-02
-9.113518893718719482e-02
1.138828229159116745e-02
-1.441302597522735596e-01
-1.250515133142471313e-01
-1.169124990701675415e-01
1.120809316635131836e-01
-1.374046504497528076e-01
-9.670434147119522095e-02
5.876635015010833740e-02
-7.803146727383136749e-03
3.397832810878753662e-02
1.467603351920843124e-02
-1.204636646434664726e-03
1.188671216368675232e-01
-1.043360233306884766e-01
8.999411761760711670e-02
4.491210356354713440e-02
-1.099546328186988831e-01
-1.269566416740417480e-01
-4.205864295363426208e-02
-4.007967934012413025e-02
-1.130708158016204834e-01
3.429659083485603333e-02
6.317166984081268311e-02
5.614477023482322693e-02
-2.800913713872432709e-02
1.280527412891387939e-01
-4.097521305084228516e-03
-1.514232717454433441e-03
-2.046847492456436157e-01
7.397115696221590042e-03
-3.255125880241394043e-02
-1.776965707540512085e-02
4.240012541413307190e-02
-3.714490681886672974e-03
3.690071403980255127e-02
-6.381902843713760376e-02
-1.172397956252098083e-01
-9.586215019226074219e-03
2.937002666294574738e-02
-4.974913969635963440e-02
1.743338629603385925e-02
-6.247177347540855408e-02
9.708121418952941895e-03
1.283456385135650635e-02
-3.556540235877037048e-03
-7.138924300670623779e-02
2.206881158053874969e-02
6.103368476033210754e-02
-6.986001878976821899e-02
6.465104222297668457e-02
8.830013126134872437e-02
9.786519408226013184e-02
-9.455260634422302246e-02
-6.410995870828628540e-02
-5.298200622200965881e-02
-1.134824454784393311e-01
1.262389123439788818e-01
1.183727830648422241e-01
-1.786092221736907959e-01
-1.104200929403305054e-01
5.764994397759437561e-02
-6.480610370635986328e-02
5.740958824753761292e-02
-7.922952622175216675e-02
8.262896537780761719e-02
2.578005753457546234e-02
2.188661135733127594e-02
-1.584848463535308838e-01
-1.163240149617195129e-01
3.002373874187469482e-02
-3.155022393912076950e-03
2.712774090468883514e-02
-8.950205147266387939e-02
2.550630457699298859e-02
-1.012248620390892029e-01
5.501993000507354736e-02
2.352757612243294716e-03
-4.172314703464508057e-02
-7.999913394451141357e-02
-1.655792072415351868e-02
-8.812724798917770386e-02
9.368830174207687378e-02
-5.091317370533943176e-02
2.153326012194156647e-02
4.396619740873575211e-03
-1.388392746448516846e-01
-7.598497904837131500e-04
-7.302527781575918198e-03
-1.033603399991989136e-01
-1.036907061934471130e-01
1.345156729221343994e-01
-9.794068336486816406e-02
8.381725288927555084e-03
-6.033151596784591675e-02
-4.227368533611297607e-02
-8.695431984961032867e-03
1.159088984131813049e-01
6.167850643396377563e-02
-1.312422305345535278e-01
-4.608209803700447083e-02
-3.281925618648529053e-02
-9.942430257797241211e-02
-1.501746773719787598e-01
-2.717838436365127563e-02
-2.598153427243232727e-02
-7.803619652986526489e-02
-7.741428911685943604e-02
-1.626452207565307617e-01
-2.580925822257995605e-02
-6.497909128665924072e-02
-1.560878157615661621e-01
-1.283796876668930054e-01
6.441389024257659912e-02
7.030683010816574097e-02
-1.533836722373962402e-01
2.156160399317741394e-02
1.075517907738685608e-01
8.573530614376068115e-02
-1.685741357505321503e-02
5.506886541843414307e-02
-1.195856407284736633e-01
1.011306568980216980e-01
4.688408225774765015e-03
-1.092445403337478638e-01
-1.260077059268951416e-01
7.370215654373168945e-02
-1.428665518760681152e-01
5.778030306100845337e-02
7.872992195188999176e-03
5.281680449843406677e-02
-8.671567589044570923e-02
8.915109932422637939e-02
5.564285814762115479e-02
-4.871985688805580139e-02
-1.148933693766593933e-01
-5.766963586211204529e-02
-6.474009901285171509e-02
-1.255383789539337158e-01
-9.450945258140563965e-02
-6.558697670698165894e-03
-1.169825047254562378e-01
1.513587427325546741e-03
9.125652909278869629e-02
-1.245386451482772827e-01
3.963199630379676819e-02
1.631422713398933411e-02
5.856725946068763733e-02
7.487793266773223877e-02
8.985508978366851807e-02
-6.814190652221441269e-03
-1.075592637062072754e-01
7.910402864217758179e-02
-7.708741724491119385e-02
-7.334875315427780151e-02
7.309648394584655762e-02
-9.271025657653808594e-02
-7.206670194864273071e-02
1.298332959413528442e-02
-7.852850109338760376e-02
-7.821544259786605835e-02
9.351151436567306519e-02
3.310183063149452209e-02
-7.765242457389831543e-02
3.276498615741729736e-02
5.517344549298286438e-02
-1.029120013117790222e-01
9.282672777771949768e-03
-8.296956866979598999e-02
6.600521504878997803e-02
6.348073482513427734e-02
1.287840157747268677e-01
-6.270936876535415649e-02
-3.999331593513488770e-02
8.947153389453887939e-02
-1.963303051888942719e-02
-2.269741892814636230e-02
3.049037232995033264e-02
1.005436405539512634e-01
-2.354443445801734924e-02
-5.460881069302558899e-02
5.949883535504341125e-02
6.255211681127548218e-02
-7.259470969438552856e-02
-1.478185057640075684e-01
9.277351945638656616e-02
-4.694877937436103821e-02
-5.203571543097496033e-02
1.644920408725738525e-01
2.417726255953311920e-02
-3.934168070554733276e-02
6.007394567131996155e-02
-1.433163415640592575e-02
4.428097978234291077e-02
-8.657800033688545227e-03
-5.218442529439926147e-02
-1.800185441970825195e-01
9.395243227481842041e-02
5.417947843670845032e-02
-6.738047301769256592e-02
4.532604664564132690e-02
1.577376425266265869e-01
1.292320340871810913e-01
-8.735205233097076416e-02
1.405729055404663086e-01
-6.071222946047782898e-02
2.370669506490230560e-02
-6.821563094854354858e-02
1.402723789215087891e-01
1.128279864788055420e-01
2.370008267462253571e-02
5.941466987133026123e-02
-3.270082175731658936e-02
1.649350672960281372e-01
-1.558773368597030640e-01
-8.527141064405441284e-03
3.180223703384399414e-02
9.552869200706481934e-02
8.642710000276565552e-02
-1.308417469263076782e-01
8.079786598682403564e-02
2.329020574688911438e-02
-6.885759532451629639e-02
-2.523405477404594421e-02
4.238265007734298706e-02
-4.837323212996125221e-04
1.461178362369537354e-01
-1.176419630646705627e-01
1.545670032501220703e-01
9.239237755537033081e-02
1.708292402327060699e-02
-1.397661268711090088e-01
2.113552391529083252e-02
-5.840428546071052551e-02
-1.052203178405761719e-01
1.512379348278045654e-01
8.022581040859222412e-02
-7.186350226402282715e-02
8.374847471714019775e-02
6.242476776242256165e-02
-1.260634958744049072e-01
-7.207979261875152588e-02
-7.946534454822540283e-02
-5.531388521194458008e-02
1.118805166333913803e-02
-1.626426428556442261e-01
-9.110087156295776367e-02
-9.013341367244720459e-02
-1.376356780529022217e-01
-1.389868706464767456e-01
-1.197539791464805603e-01
-5.326681584119796753e-02
5.780046433210372925e-02
-7.387086004018783569e-02
-7.927715778350830078e-02
8.946232497692108154e-02
-1.771032959222793579e-01
4.398850351572036743e-02
-4.292772337794303894e-02
1.461012847721576691e-02
-1.363308280706405640e-01
1.298595219850540161e-01
-9.152387827634811401e-02
6.725215166807174683e-02
-4.347246140241622925e-02
-7.570150494575500488e-02
1.405386328697204590e-01
-3.566642478108406067e-02
-8.321018889546394348e-03
-6.490820646286010742e-02
5.084937810897827148e-02
-1.133927404880523682e-01
1.043754741549491882e-01
-1.439451277256011963e-01
-4.573499038815498352e-02
-7.317963987588882446e-02
7.679888606071472168e-02
8.928386121988296509e-02
-5.078592896461486816e-02
-1.688312292098999023e-01
6.310417503118515015e-02
2.621800079941749573e-02
2.767407894134521484e-02
-1.499177664518356323e-01
-2.584105357527732849e-02
5.878442153334617615e-02
-1.000165492296218872e-01
-2.337899641133844852e-04
-7.280931621789932251e-02
-1.657419204711914062e-01
-2.317996881902217865e-02
4.287235066294670105e-02
-1.524034738540649414e-01
-1.640066057443618774e-01
9.846361726522445679e-02
-1.452720761299133301e-01
6.158345565199851990e-02
1.059068366885185242e-02
2.385258860886096954e-02
-3.613081201910972595e-02
2.364610694348812103e-02
-5.575470253825187683e-02
4.814745858311653137e-02
5.837147682905197144e-02
-5.035059154033660889e-02
2.010533958673477173e-02
3.133013099431991577e-02
-1.677259355783462524e-01
-1.555225104093551636e-01
-8.807677775621414185e-02
2.169745787978172302e-02
-3.868607431650161743e-02
-1.194486543536186218e-01
1.605467498302459717e-02
-4.004856571555137634e-02
8.864472061395645142e-02
-7.057698071002960205e-02
-7.413946092128753662e-02
3.988913446664810181e-02
6.527059525251388550e-02
1.221554130315780640e-01
-6.337696313858032227e-02
-8.831246942281723022e-02
-5.159613490104675293e-02
-3.983149304986000061e-02
-9.211451746523380280e-03
-6.923573464155197144e-02
1.322358846664428711e-01
-7.636688649654388428e-02
-1.994612999260425568e-02
-1.749329715967178345e-01
1.439268235117197037e-02
-8.155015856027603149e-02
6.879888474941253662e-02
8.003145456314086914e-02
3.243839740753173828e-02
-4.831822961568832397e-02
-6.432584021240472794e-03
-1.422092765569686890e-01
-9.402564913034439087e-02
-1.053073909133672714e-02
-1.033074259757995605e-01
-9.256416559219360352e-02
-1.427491079084575176e-03
-1.423146575689315796e-01
1.200276892632246017e-02
9.364643692970275879e-02
-6.742066890001296997e-02
-9.694377332925796509e-02
-7.166863232851028442e-02
-9.923210740089416504e-02
4.561515152454376221e-02
1.086733769625425339e-02
6.793759763240814209e-02
-1.576481312513351440e-01
-1.418265998363494873e-01
-1.319064199924468994e-01
5.991890095174312592e-03
-1.081416904926300049e-01
9.558452665805816650e-02
-7.148222625255584717e-02
-1.385747790336608887e-01
3.785915300250053406e-02
-1.917313486337661743e-01
6.063444912433624268e-02
5.748452246189117432e-02
2.249002456665039062e-02
7.409000396728515625e-02
-1.091841384768486023e-01
6.178484112024307251e-02
1.089507788419723511e-01
9.761966764926910400e-02
5.568158626556396484e-02
-2.514532022178173065e-02
-1.514620054513216019e-02
1.173630729317665100e-02
7.661589886993169785e-03
-1.081879362463951111e-01
-4.441070556640625000e-02
-6.127767637372016907e-02
1.664240956306457520e-01
1.037870198488235474e-01
6.535552442073822021e-02
5.904025211930274963e-02
3.844292834401130676e-02
-4.955514892935752869e-02
-3.118590638041496277e-02
5.210725590586662292e-02
1.119733750820159912e-01
1.140814572572708130e-01
3.116806969046592712e-02
7.760827243328094482e-02
9.777852892875671387e-02
5.070794373750686646e-02
1.196551471948623657e-01
1.320124324411153793e-02
-1.481853611767292023e-02
-1.369212381541728973e-02
3.139322623610496521e-02
1.838084682822227478e-02
1.511947512626647949e-01
-4.329004138708114624e-02
1.148257106542587280e-01
-1.181569993495941162e-01
-1.181655451655387878e-01
-4.315433651208877563e-02
1.102829426527023315e-01
-9.101333469152450562e-02
-8.391764014959335327e-02
-6.680899113416671753e-02
2.539790235459804535e-03
-1.010851841419935226e-02
7.008925080299377441e-02
1.670068949460983276e-01
1.109839007258415222e-01
-3.589519113302230835e-02
-5.564942955970764160e-02
-1.189034990966320038e-02
-9.048754721879959106e-02
4.601599648594856262e-02
5.776076391339302063e-02
-8.329879492521286011e-02
6.284061074256896973e-02
1.575484424829483032e-01
1.705899238586425781e-01
1.260467022657394409e-01
1.273003369569778442e-01
5.344994738698005676e-02
6.252724677324295044e-02
2.760612592101097107e-02
5.520071834325790405e-02
7.805283367633819580e-02
-5.297800526022911072e-02
-5.115209147334098816e-02
-1.042751446366310120e-01
-1.276448518037796021e-01
1.112543120980262756e-01
1.048798114061355591e-01
2.169546671211719513e-02
9.233839064836502075e-02
-5.442399531602859497e-02
4.570498596876859665e-03
7.479933649301528931e-02
-1.541632562875747681e-01
-1.023703347891569138e-02
1.705574244260787964e-02
8.713297545909881592e-02
-1.020428072661161423e-02
-1.260217279195785522e-01
-9.297255426645278931e-02
-2.517280168831348419e-02
4.569217190146446228e-02
2.476043999195098877e-02
1.210001064464449883e-03
2.019997127354145050e-02
2.687313361093401909e-03
8.853113651275634766e-02
-1.235974952578544617e-01
3.249624371528625488e-02
-3.614550456404685974e-02
-4.927273839712142944e-02
-2.163447067141532898e-02
-9.051010757684707642e-02
-7.311511784791946411e-02
3.234461322426795959e-02
6.555768847465515137e-02
-3.896724432706832886e-02
3.671572357416152954e-02
-1.510151196271181107e-02
-3.408342972397804260e-02
-7.899261265993118286e-02
1.506728306412696838e-02
-1.914880611002445221e-02
1.039015501737594604e-01
-7.171275466680526733e-02
-6.814789772033691406e-02
-1.294154971837997437e-01
-7.949995994567871094e-02
-2.125256322324275970e-02
-5.607287213206291199e-02
-1.538162827491760254e-01
1.117510604672133923e-03
7.792049646377563477e-02
3.648549318313598633e-02
6.153463199734687805e-02
-5.950913205742835999e-02
-1.222297400236129761e-01
-2.544970810413360596e-02
-1.732681244611740112e-01
2.060198970139026642e-02
1.148727834224700928e-01
7.439059019088745117e-02
-1.222523599863052368e-01
-1.715995185077190399e-02
4.078935831785202026e-02
-7.589529454708099365e-02
-2.854338148608803749e-03
-1.819177414290606976e-03
-9.414060041308403015e-03
1.139136627316474915e-01
9.432074427604675293e-02
6.098742783069610596e-02
1.479530185461044312e-01
-1.248026713728904724e-01
1.840754784643650055e-02
-1.400883048772811890e-01
1.076846644282341003e-01
1.651220954954624176e-02
4.222204163670539856e-02
7.507590204477310181e-02
5.363972485065460205e-02
2.519069984555244446e-02
-6.802228093147277832e-02
1.205147951841354370e-01
-1.898700296878814697e-01
-2.437255904078483582e-02
8.837985247373580933e-02
-1.138309985399246216e-01
1.277679502964019775e-01
-3.795301541686058044e-02
-8.888714946806430817e-03
-1.880481652915477753e-02
-1.011684536933898926e-01
4.253854230046272278e-02
-4.397155344486236572e-02
3.822436556220054626e-02
1.261007338762283325e-01
-1.886046379804611206e-01
1.170895919203758240e-01
-1.033410802483558655e-01
-1.639249622821807861e-01
-4.478254169225692749e-02
-6.704808026552200317e-02
-1.097626686096191406e-01
7.277553528547286987e-02
-6.443069130182266235e-02
-1.201559975743293762e-01
8.888719230890274048e-02
-8.999095857143402100e-02
-4.557435959577560425e-02
-1.021414101123809814e-01
6.836038827896118164e-02
5.510956794023513794e-02
-7.100027799606323242e-02
-1.076629385352134705e-02
-1.195493116974830627e-01
-4.462168738245964050e-02
-1.145494282245635986e-01
-1.295918226242065430e-01
7.763248682022094727e-02
9.984513372182846069e-02
-4.604751616716384888e-02
6.841678172349929810e-02
-7.971616834402084351e-02
-1.053282842040061951e-01
-1.455655097961425781e-01
1.007079854607582092e-01
-3.720241598784923553e-03
2.235028520226478577e-02
1.218818966299295425e-02
-1.310605853796005249e-01
-9.762804955244064331e-03
1.051446422934532166e-01
-8.244756027124822140e-04
4.283521696925163269e-02
-7.586740422993898392e-03
2.596703171730041504e-02
-1.434814650565385818e-02
-8.954777568578720093e-02
9.443611837923526764e-03
1.421689540147781372e-01
2.402302436530590057e-02
-1.282594539225101471e-02
7.627129554748535156e-02
-9.678391367197036743e-02
-1.538548320531845093e-01
-9.481962025165557861e-02
-3.381849825382232666e-02
-5.851449072360992432e-02
-4.740301892161369324e-02
-1.102206036448478699e-01
-1.158418729901313782e-01
3.261341899633407593e-02
2.304215542972087860e-02
-1.079231798648834229e-01
7.746982574462890625e-02
-1.300633102655410767e-01
-5.542047694325447083e-02
-1.628990322351455688e-01
4.591604322195053101e-02
-4.216364026069641113e-02
-1.262809988111257553e-02
-1.139533296227455139e-01
1.377048045396804810e-01
5.027053877711296082e-02
5.922943726181983948e-02
2.685540355741977692e-02
1.694578863680362701e-02
5.929730087518692017e-02
-4.341216757893562317e-02
-3.681939328089356422e-03
4.590429738163948059e-02
-4.361822456121444702e-02
6.603195518255233765e-02
5.613953247666358948e-02
2.360709570348262787e-02
-1.104225665330886841e-01
-2.200822085142135620e-01
-1.414303481578826904e-01
3.392662853002548218e-02
9.363926015794277191e-03
1.825869828462600708e-02
-9.289360791444778442e-02
-9.559847414493560791e-02
-1.640731245279312134e-01
4.406636208295822144e-02
-1.485129147768020630e-01
1.714441180229187012e-02
-1.365564484149217606e-02
9.850542247295379639e-02
-8.271644264459609985e-02
7.852060347795486450e-02
-4.743622150272130966e-03
-1.897161155939102173e-01
-5.625838041305541992e-02
-5.517252162098884583e-02
-1.395438681356608868e-03
1.423514038324356079e-01
5.435648933053016663e-02
-1.070397272706031799e-01
-2.211113646626472473e-02
4.808570072054862976e-02
-1.022062376141548157e-01
-1.278502643108367920e-01
1.630894094705581665e-01
-7.758964318782091141e-03
-7.851472496986389160e-02
-3.447711840271949768e-02
1.028552930802106857e-02
1.416747421026229858e-01
-3.554355353116989136e-02
-1.179567798972129822e-01
-3.735941648483276367e-02
3.212644159793853760e-02
2.360465750098228455e-02
-2.782446146011352539e-02
-3.802773728966712952e-02
5.954376235604286194e-02
-2.525011636316776276e-02
1.589922904968261719e-01
-3.775616874918341637e-03
-3.970077633857727051e-02
2.815399505198001862e-02
-6.328863650560379028e-02
5.154276266694068909e-02
1.342821121215820312e-01
1.806370913982391357e-01
-5.343109834939241409e-03
-4.029786959290504456e-02
1.460008323192596436e-01
3.131803870201110840e-02
2.423086762428283691e-02
-3.396267816424369812e-02
-4.832658171653747559e-02
-1.518798917531967163e-01
1.660257019102573395e-02
1.541830152273178101e-01
1.356123667210340500e-02
6.860420107841491699e-02
-1.238681282848119736e-02
1.285129934549331665e-01
7.183869928121566772e-02
1.642969995737075806e-01
-7.877835631370544434e-02
1.077101305127143860e-01
-1.197566092014312744e-02
4.533698409795761108e-02
9.788350015878677368e-02
9.699322283267974854e-02
-1.972855441272258759e-02
-5.444679409265518188e-02
2.910739742219448090e-03
-2.703089825809001923e-02
-1.515253912657499313e-02
1.543518006801605225e-01
3.489861497655510902e-03
1.090871691703796387e-01
7.361651863902807236e-03
3.529261797666549683e-02
6.080881133675575256e-02
-2.833031862974166870e-02
-6.525161862373352051e-02
-1.625225394964218140e-01
-4.200603067874908447e-02
-1.169667020440101624e-01
2.667286433279514313e-03
-5.843764543533325195e-02
-1.675303876399993896e-01
-6.255405489355325699e-03
2.058195695281028748e-02
3.511507436633110046e-02
4.985160380601882935e-02
-7.018370181322097778e-02
1.096422746777534485e-01
-1.522971391677856445e-01
-4.132478311657905579e-02
-1.619002223014831543e-02
-9.809160232543945312e-02
3.833173960447311401e-02
4.700620472431182861e-02
-1.437349170446395874e-01
1.460833698511123657e-01
1.445194184780120850e-01
-1.187184825539588928e-01
2.728201076388359070e-02
1.608985513448715210e-01
-1.090028211474418640e-01
1.241812258958816528e-01
9.260872006416320801e-02
-1.691097766160964966e-02
-1.647270168177783489e-03
-7.569922506809234619e-02
-7.723249495029449463e-02
2.274784445762634277e-02
2.259079134091734886e-03
2.841606922447681427e-02
-6.073991581797599792e-02
-5.366102233529090881e-02
2.715032733976840973e-02
4.458961263298988342e-02
-6.228728219866752625e-02
-1.283679902553558350e-01
-2.268132008612155914e-02
4.383886698633432388e-03
4.588361084461212158e-02
6.360540539026260376e-02
1.036133393645286560e-01
-1.274087280035018921e-02
7.394605129957199097e-02
1.009700447320938110e-02
4.997008293867111206e-02
-2.391285635530948639e-02
2.801735186949372292e-03
-1.348591148853302002e-01
5.923321470618247986e-02
-1.514176875352859497e-01
3.973675891757011414e-02
-1.572826057672500610e-01
-1.156331375241279602e-01
5.489591136574745178e-02
-1.095316186547279358e-01
-3.030733205378055573e-02
-2.812234126031398773e-02
-1.139396950602531433e-01
-1.269702911376953125e-01
-5.402322858572006226e-02
3.281427547335624695e-02
-1.802150532603263855e-02
1.232230141758918762e-01
-1.105793192982673645e-01
-3.533579036593437195e-02
9.900805354118347168e-02
1.023636832833290100e-01
-5.807486921548843384e-02
2.398033253848552704e-02
2.889520861208438873e-02
8.698055148124694824e-02
-4.614313691854476929e-02
-1.665154993534088135e-01
1.329984217882156372e-01
6.412419956177473068e-03
1.022711917757987976e-01
9.269973263144493103e-03
-1.131476387381553650e-01
5.710946395993232727e-02
-1.565764844417572021e-01
-3.321580588817596436e-02
-7.238980382680892944e-02
7.493635267019271851e-02
7.126230746507644653e-02
3.740226104855537415e-02
-1.436272263526916504e-01
-1.398290097713470459e-01
-8.606886118650436401e-02
1.320580989122390747e-01
1.069886460900306702e-01
-2.496915496885776520e-02
1.139019355177879333e-01
-8.892975002527236938e-02
2.722180262207984924e-02
-1.337466239929199219e-01
2.785123139619827271e-02
-1.109095662832260132e-01
5.249807238578796387e-02
7.636288553476333618e-02
-2.369674667716026306e-02
7.807019352912902832e-02
-2.725501358509063721e-02
7.391136884689331055e-02
2.588368486613035202e-03
7.729679811745882034e-03
-4.796015843749046326e-02
-2.553178369998931885e-02
-1.520980056375265121e-02
-2.054350227117538452e-01
2.919415384531021118e-02
6.031885743141174316e-02
-1.651957184076309204e-01
-5.967130511999130249e-02
5.162546783685684204e-02
-1.021082028746604919e-01
-1.603270173072814941e-01
-1.902378280647099018e-03
-1.895255893468856812e-01
-1.337628364562988281e-01
-4.538405314087867737e-02
-1.312625110149383545e-01
2.405569888651371002e-02
-1.104048192501068115e-01
-9.528445079922676086e-03
9.337662160396575928e-02
3.414776176214218140e-02
1.526225805282592773e-01
-1.343284100294113159e-01
1.450491137802600861e-02
-1.236929669976234436e-01
-8.728419244289398193e-02
-1.604440622031688690e-03
-1.620515435934066772e-01
-1.374926865100860596e-01
5.972729623317718506e-02
-4.770462214946746826e-02
1.387095823884010315e-02
1.290485411882400513e-01
1.251892894506454468e-01
-1.185031011700630188e-01
-1.261924207210540771e-02
1.501930654048919678e-01
1.089739799499511719e-01
7.984121888875961304e-02
8.285012841224670410e-02
-5.076820030808448792e-02
5.849907919764518738e-02
2.085650898516178131e-02
-1.746938005089759827e-02
3.525716811418533325e-02
6.569420546293258667e-02
-1.440986990928649902e-01
-4.114413261413574219e-02
4.847869277000427246e-02
-1.206783950328826904e-01
1.127532869577407837e-01
9.899049997329711914e-02
1.542599350214004517e-01
-1.804503202438354492e-01
-1.084800958633422852e-01
-9.743976593017578125e-02
4.032859578728675842e-02
1.218828335404396057e-01
1.180221587419509888e-01
1.985798627138137817e-01
-1.200227066874504089e-01
-7.154373079538345337e-02
2.667263522744178772e-02
6.475841253995895386e-02
-1.821252256631851196e-01
-5.382514744997024536e-02
3.571368055418133736e-03
-1.148736849427223206e-01
1.105097774416208267e-02
4.610053263604640961e-03
9.224525839090347290e-02
1.157092750072479248e-01
1.053868383169174194e-01
3.582483390346169472e-03
-5.258288234472274780e-02
1.327007412910461426e-01
-7.668542116880416870e-02
9.634795039892196655e-02
4.435553774237632751e-02
-1.986656710505485535e-02
-1.703320890665054321e-01
-5.599411949515342712e-02
-7.528146728873252869e-03
-3.170507494360208511e-03
-1.073559075593948364e-01
5.864376202225685120e-02
-2.882903255522251129e-02
1.274806857109069824e-01
8.769558370113372803e-02
-1.729635288938879967e-03
-8.520015329122543335e-02
-8.469994366168975830e-02
-1.187854409217834473e-01
6.015496701002120972e-02
-3.514332324266433716e-02
9.514382481575012207e-02
-8.520880341529846191e-02
-8.987922221422195435e-02
-4.810717329382896423e-02
6.159657239913940430e-02
6.541966646909713745e-02
4.397810623049736023e-02
-1.283548586070537567e-02
-1.362767368555068970e-01
6.834739446640014648e-02
4.132957011461257935e-02
1.678982563316822052e-02
4.681456089019775391e-02
1.054242625832557678e-02
-9.333172440528869629e-02
6.284435838460922241e-02
9.901404380798339844e-02
-1.623083800077438354e-01
-9.457235038280487061e-02
-1.771924197673797607e-01
-1.018817052245140076e-01
-3.198280557990074158e-02
4.333757609128952026e-02
-1.849000006914138794e-01
-1.368797942996025085e-02
-7.079544663429260254e-02
1.358398795127868652e-01
-3.242570906877517700e-02
5.294129997491836548e-02
6.093044951558113098e-02
-1.211574673652648926e-01
-1.177303418517112732e-01
1.271031945943832397e-01
-3.942358121275901794e-02
-1.780429929494857788e-01
-1.348663270473480225e-01
-4.829633235931396484e-02
-1.540408190339803696e-02
5.516876652836799622e-02
1.583070307970046997e-02
-1.122191175818443298e-01
-2.612819708883762360e-02
1.366463303565979004e-02
5.428821220993995667e-02
2.157044596970081329e-02
-1.558916419744491577e-01
-5.511314794421195984e-02
3.182220086455345154e-02
-3.749555349349975586e-02
9.123546630144119263e-02
-3.383259102702140808e-02
2.257922478020191193e-02
2.498683892190456390e-02
-1.329107880592346191e-01
-5.568188056349754333e-02
-7.151476293802261353e-02
-7.764896005392074585e-02
4.897165298461914062e-02
-6.556747108697891235e-02
-1.640656143426895142e-01
1.440286543220281601e-02
-3.039362467825412750e-02
-1.450068689882755280e-02
-7.736517488956451416e-02
-5.682796239852905273e-02
-9.858939051628112793e-02
-7.464586198329925537e-02
2.414026670157909393e-02
7.641261070966720581e-02
-4.522630572319030762e-02
7.529387623071670532e-02
-4.682039842009544373e-02
6.480128318071365356e-02
-7.542928308248519897e-02
1.942684315145015717e-02
1.750234887003898621e-02
-5.990601703524589539e-02
-8.410539478063583374e-02
-3.785824030637741089e-02
-1.035072878003120422e-01
-1.269604414701461792e-01
-8.451849222183227539e-02
5.187374725937843323e-02
-1.391078829765319824e-01
9.963294863700866699e-02
1.027187928557395935e-01
-7.229398936033248901e-02
1.157956719398498535e-01
5.036810040473937988e-02
5.729681253433227539e-02
-1.361496001482009888e-01
-1.997706852853298187e-02
3.973106294870376587e-02
1.075444370508193970e-01
4.664905369281768799e-02
-4.239244386553764343e-02
-8.191987127065658569e-02
7.335321605205535889e-02
1.129041388630867004e-01
5.920753628015518188e-02
5.055028595961630344e-04
7.194429636001586914e-02
-5.614620633423328400e-03
7.917299121618270874e-02
-1.259085685014724731e-01
-9.003818035125732422e-02
-8.815368637442588806e-03
3.457115218043327332e-02
-1.089845746755599976e-01
-4.310383647680282593e-02
-1.137316673994064331e-01
-7.775402627885341644e-03
1.888950355350971222e-02
9.181682020425796509e-02
-8.487148582935333252e-02
2.137189917266368866e-02
-5.124047026038169861e-02
-4.144415631890296936e-02
5.078284069895744324e-02
-1.328437626361846924e-01
7.256712019443511963e-02
1.992824487388134003e-02
1.313863694667816162e-02
1.948695257306098938e-02
-3.552926331758499146e-02
-1.203233525156974792e-01
-9.062909334897994995e-02
8.961346745491027832e-02
8.287262916564941406e-02
4.307539016008377075e-02
-9.811092913150787354e-02
-1.019352301955223083e-02
1.166791841387748718e-01
4.628295451402664185e-02
1.145647615194320679e-01
-1.943713426589965820e-02
9.562980383634567261e-03
-1.425901502370834351e-01
-1.596092283725738525e-01
-6.933659315109252930e-02
-1.013317406177520752e-01
1.076029837131500244e-01
5.934040248394012451e-02
7.440147921442985535e-03
-9.912348538637161255e-02
6.600884348154067993e-02
-1.219962835311889648e-01
1.194603741168975830e-01
1.331198513507843018e-01
-4.011199995875358582e-02
3.850016370415687561e-02
7.006923109292984009e-02
-3.707620874047279358e-02
7.518998533487319946e-02
-1.369107514619827271e-01
1.654773205518722534e-01
-1.248465552926063538e-01
7.409024983644485474e-03
-5.521460250020027161e-02
-1.152078583836555481e-01
-1.514334324747323990e-02
1.855295337736606598e-02
-1.740035861730575562e-01
-1.542372554540634155e-01
-1.539331823587417603e-01
-7.140185683965682983e-02
5.754818208515644073e-03
-5.505802109837532043e-03
-6.168283149600028992e-02
3.501400724053382874e-02
-1.237744018435478210e-01
-7.595381885766983032e-02
-5.140289291739463806e-02
-6.945426762104034424e-02
7.562768459320068359e-02
5.426455661654472351e-02
-3.673617728054523468e-03
-5.792644619941711426e-02
4.843211546540260315e-02
-8.868194371461868286e-02
8.746143430471420288e-02
7.461611181497573853e-02
-3.786348737776279449e-03
-1.207456290721893311e-01
1.250765919685363770e-01
-1.119323372840881348e-01
1.692794114351272583e-01
1.396121382713317871e-01
1.010837256908416748e-01
8.238050155341625214e-03
1.110570505261421204e-01
-1.225481857545673847e-03
9.636314958333969116e-02
1.558257639408111572e-01
-8.277275413274765015e-02
1.395048946142196655e-01
-8.149554580450057983e-02
1.089091226458549500e-01
1.780841797590255737e-01
4.121853411197662354e-02
-7.636712491512298584e-02
2.094071209430694580e-01
-3.912891820073127747e-02
-6.610252708196640015e-02
-4.098282754421234131e-02
-1.200812868773937225e-02
1.405198425054550171e-01
1.066146567463874817e-01
1.870801113545894623e-02
1.951550319790840149e-02
1.166462525725364685e-01
1.114384904503822327e-01
9.019622206687927246e-02
4.990856349468231201e-02
-1.271536052227020264e-01
-6.775042414665222168e-02
1.576956361532211304e-02
-3.129997104406356812e-02
5.985965579748153687e-02
1.421506553888320923e-01
-4.326784238219261169e-02
-1.327032595872879028e-02
1.165774613618850708e-01
-5.740196630358695984e-02
6.551048159599304199e-02
-1.022076532244682312e-01
-3.119286894798278809e-02
-1.193639636039733887e-01
-1.100697591900825500e-01
-8.217332512140274048e-02
3.156721964478492737e-02
-1.942779286764562130e-03
1.164398118853569031e-01
2.149298787117004395e-02
-3.080687299370765686e-02
1.542752981185913086e-01
7.399506121873855591e-02
3.401345387101173401e-02
1.934261023998260498e-01
-1.083489954471588135e-01
-1.213263273239135742e-01
-2.774303406476974487e-02
-4.619199410080909729e-02
1.455822288990020752e-01
-1.366475969552993774e-01
-6.845901906490325928e-02
1.771286278963088989e-01
4.155963659286499023e-03
8.647849410772323608e-02
-4.191164299845695496e-02
2.232760004699230194e-02
-1.052527651190757751e-01
2.615399658679962158e-02
-2.006132155656814575e-01
-1.021193712949752808e-01
-1.514611393213272095e-01
1.233056560158729553e-01
5.966393649578094482e-02
2.785348519682884216e-02
-5.755810812115669250e-02
-4.345935583114624023e-02
-2.090077996253967285e-01
2.252292446792125702e-02
8.731978386640548706e-02
1.303270310163497925e-01
-1.475922912359237671e-01
8.758191950619220734e-03
6.751243770122528076e-02
4.090997576713562012e-02
1.144870743155479431e-01
-6.573911756277084351e-02
-5.733916163444519043e-02
9.576755575835704803e-03
7.440787553787231445e-02
-9.927180409431457520e-02
-7.168034464120864868e-02
4.133228957653045654e-02
2.967721782624721527e-02
8.080247789621353149e-02
-1.087693721055984497e-01
-1.475325226783752441e-01
9.426496922969818115e-02
2.487517334520816803e-02
1.105839665979146957e-02
-1.714479178190231323e-01
-1.012924537062644958e-01
1.931072212755680084e-03
-4.187521710991859436e-02
-9.987114369869232178e-02
-9.371175616979598999e-02
-1.477529108524322510e-01
5.595377460122108459e-02
-9.167586266994476318e-02
8.526434749364852905e-02
1.230783686041831970e-01
-4.216717928647994995e-02
-3.624455770477652550e-03
-5.512683838605880737e-02
-1.080438569188117981e-01
6.913661025464534760e-03
-1.141401529312133789e-01
-2.196056954562664032e-02
-8.916806429624557495e-02
-7.088223099708557129e-02
-5.800056084990501404e-02
2.773293294012546539e-02
-4.479589313268661499e-02
-7.731373608112335205e-02
-4.184417426586151123e-02
-1.354410648345947266e-01
1.139657571911811829e-01
6.595121324062347412e-02
-1.726478897035121918e-02
-1.207363232970237732e-01
-1.068916693329811096e-01
2.530710585415363312e-02
4.444534331560134888e-02
-1.550123691558837891e-01
-1.549797207117080688e-01
7.884596288204193115e-02
-5.287379771471023560e-02
-9.858448803424835205e-02
-4.945962131023406982e-02
-1.044664159417152405e-02
7.498788088560104370e-02
-2.619522437453269958e-02
1.106347441673278809e-01
-5.694511160254478455e-02
1.660978235304355621e-02
1.045089289546012878e-01
-9.930304437875747681e-02
-1.037565395236015320e-01
-8.542002737522125244e-02
9.301298297941684723e-03
-1.268618702888488770e-01
-5.526998266577720642e-02
4.812301322817802429e-02
-1.000355929136276245e-02
5.034516006708145142e-02
3.931126371026039124e-02
-1.158462986350059509e-01
8.919504284858703613e-02
1.104149073362350464e-01
-1.922559291124343872e-01
-5.798597633838653564e-02
-1.458775810897350311e-02
-1.353498920798301697e-02
-7.481681555509567261e-02
-4.766635131090879440e-03
-2.081015333533287048e-02
-8.171882480382919312e-02
-1.212753653526306152e-01
-9.893643110990524292e-02
-1.147541403770446777e-01
-3.949460759758949280e-02
4.314927756786346436e-02
2.850222587585449219e-02
-4.214036092162132263e-02
-7.292640954256057739e-02
1.014306694269180298e-01
-3.813732042908668518e-02
3.784937784075737000e-02
5.954230949282646179e-02
1.420888006687164307e-01
-6.573234498500823975e-02
-1.009993031620979309e-01
-2.233301661908626556e-02
-1.332688778638839722e-01
5.584508180618286133e-02
-1.586059927940368652e-01
-1.458695977926254272e-01
-8.809362351894378662e-02
1.289524137973785400e-01
3.446778655052185059e-02
-1.058196425437927246e-01
-4.345250129699707031e-02
-2.013861835002899170e-01
9.922525286674499512e-02
-4.915171302855014801e-03
2.497791126370429993e-02
-2.899475581943988800e-02
-1.004348620772361755e-01
-9.241446107625961304e-02
1.132383123040199280e-01
9.707364253699779510e-03
-3.525235876441001892e-02
-1.228614449501037598e-01
1.279018372297286987e-01
-7.406508922576904297e-02
1.042021736502647400e-01
-4.303132742643356323e-02
-8.695749193429946899e-02
-7.382407039403915405e-02
-3.601299598813056946e-02
2.491326630115509033e-02
7.912369072437286377e-02
7.406146824359893799e-02
1.266783569008111954e-02
-7.549320906400680542e-02
6.033814325928688049e-02
4.406637698411941528e-02
-1.043027937412261963e-01
5.034009739756584167e-02
-3.316819295287132263e-02
-7.145586609840393066e-02
1.313341557979583740e-01
-1.550257764756679535e-02
-6.576901674270629883e-02
-6.773466616868972778e-02
6.535110622644424438e-02
5.193191394209861755e-02
-1.764158755540847778e-01
-3.922164812684059143e-02
1.164704859256744385e-01
-1.501820050179958344e-02
1.417968329042196274e-02
3.471051156520843506e-02
-6.054985523223876953e-02
9.863146394491195679e-02
-1.138217747211456299e-01
9.640800207853317261e-02
9.653729200363159180e-02
-5.053482204675674438e-02
-6.328924000263214111e-02
-1.879477687180042267e-02
-1.467078328132629395e-01
1.646609790623188019e-02
-5.390818044543266296e-02
1.072174906730651855e-01
-9.642542153596878052e-02
9.087739512324333191e-03
1.144297644495964050e-01
8.563324809074401855e-03
-1.415321230888366699e-01
-6.890337169170379639e-02
-1.901106722652912140e-02
5.316233262419700623e-02
1.226010769605636597e-01
9.226790070533752441e-02
-5.624336376786231995e-02
5.988841410726308823e-03
-8.637141436338424683e-02
4.735227848868817091e-04
-4.213220626115798950e-02
-2.957834117114543915e-02
1.991264522075653076e-02
7.411622256040573120e-02
-1.396016627550125122e-01
-1.909604668617248535e-01
-4.583588615059852600e-02
-8.276760578155517578e-02
-4.715771600604057312e-02
-1.493838429450988770e-01
-6.676590442657470703e-02
1.651749610900878906e-01
-1.475378423929214478e-01
-9.866496920585632324e-02
-6.611150503158569336e-02
8.496852964162826538e-02
8.739648759365081787e-02
-1.281978935003280640e-01
-1.584739424288272858e-02
-9.976366162300109863e-02
9.791401773691177368e-02
8.377303928136825562e-02
1.526239961385726929e-01
9.294971078634262085e-02
1.961560845375061035e-01
1.901439391076564789e-02
4.257438331842422485e-02
-1.139321103692054749e-01
-5.446644872426986694e-02
-1.157263293862342834e-01
-6.307878345251083374e-02
6.477488577365875244e-02
6.686386466026306152e-02
-1.358337253332138062e-01
-7.845775038003921509e-02
-2.658592723309993744e-02
-1.187136769294738770e-01
-9.270166605710983276e-02
6.209531053900718689e-02
3.204473108053207397e-02
1.182956527918577194e-02
-3.804240375757217407e-02
-5.631982535123825073e-02
5.834779888391494751e-02
-1.380281597375869751e-01
-1.470784395933151245e-01
2.699493616819381714e-02
-1.575984060764312744e-01
-7.692679017782211304e-02
-1.419335007667541504e-01
5.699905008077621460e-02
2.265020273625850677e-02
-9.391873329877853394e-02
6.341042369604110718e-02
2.941582538187503815e-02
-7.217532396316528320e-02
3.666573204100131989e-03
-5.193497985601425171e-02
5.705296248197555542e-02
5.934957414865493774e-02
6.088605895638465881e-02
8.753721415996551514e-02
-4.216211289167404175e-02
4.049881920218467712e-02
5.708592012524604797e-02
-9.351623803377151489e-02
-1.398904621601104736e-01
5.606759339570999146e-02
1.983823627233505249e-02
1.076179072260856628e-01
1.242062002420425415e-01
-2.816236019134521484e-02
-9.852624498307704926e-03
-1.119638159871101379e-01
2.412301488220691681e-02
1.013916730880737305e-01
4.665783047676086426e-02
-5.346539244055747986e-02
5.760493129491806030e-02
-6.394923478364944458e-02
-4.237254336476325989e-02
7.863221317529678345e-02
8.066918700933456421e-02
-9.850588440895080566e-02
-6.685636192560195923e-02
-1.066921949386596680e-01
-8.461744338274002075e-02
1.147421635687351227e-02
2.908897399902343750e-02
-1.069583185017108917e-02
-6.322710216045379639e-02
9.907665103673934937e-02
-3.109394386410713196e-02
-4.051364585757255554e-02
7.784923911094665527e-02
-1.200000718235969543e-01
-3.292801976203918457e-02
-4.884610325098037720e-02
-1.447948217391967773e-01
5.441334098577499390e-02
3.164172917604446411e-02
-4.006275907158851624e-02
-1.675820052623748779e-01
-9.176641702651977539e-03
-6.534109264612197876e-02
-1.470120623707771301e-02
-3.252391703426837921e-03
-3.690555319190025330e-02
1.311844736337661743e-01
1.138409599661827087e-02
6.036415696144104004e-02
-8.306205272674560547e-03
-1.133637502789497375e-01
7.225394248962402344e-02
-8.489266782999038696e-02
-6.788834184408187866e-02
-1.205742135643959045e-01
3.541106730699539185e-02
-1.686283946037292480e-01
-1.199307106435298920e-02
-7.752842456102371216e-02
-6.620958447456359863e-03
-8.405154198408126831e-02
6.703505665063858032e-02
-8.361238241195678711e-02
8.433775603771209717e-02
9.724263101816177368e-02
-9.493494778871536255e-02
-1.461942940950393677e-01
-1.151078287512063980e-02
1.216887775808572769e-02
-9.258758276700973511e-02
-7.208957523107528687e-02
1.274398267269134521e-01
-7.033982872962951660e-02
-4.811464250087738037e-02
-1.050665676593780518e-01
-9.212274104356765747e-02
-3.876763582229614258e-02
-7.019066065549850464e-02
1.027859747409820557e-01
-1.078890636563301086e-01
-3.804948925971984863e-02
-5.018014460802078247e-02
2.306307852268218994e-02
5.312881618738174438e-02
-2.028395421802997589e-02
-7.716865837574005127e-02
4.699941724538803101e-02
6.125114858150482178e-02
-3.294875100255012512e-02
-8.528970181941986084e-02
-3.785767778754234314e-02
6.637395173311233521e-02
-1.439993679523468018e-01
6.613696366548538208e-02
-3.750731004402041435e-03
6.273335777223110199e-03
-9.089636802673339844e-02
-7.830016314983367920e-02
2.686869166791439056e-02
-8.693437278270721436e-02
-1.133485138416290283e-01
-3.138760104775428772e-02
-1.257831305265426636e-01
3.919246047735214233e-02
-9.157293289899826050e-02
-1.490939110517501831e-01
-2.040538378059864044e-02
9.906036406755447388e-02
-1.756993830204010010e-01
-1.280105710029602051e-01
5.419907346367835999e-02
3.192443400621414185e-02
2.463883534073829651e-02
-4.984655231237411499e-02
-4.016428440809249878e-02
2.820901386439800262e-02
-8.386835455894470215e-02
-1.531933844089508057e-01
-1.904828995466232300e-01
4.647611454129219055e-02
-1.358874738216400146e-01
3.594509884715080261e-02
-1.347251534461975098e-01
-3.771164640784263611e-02
9.777095913887023926e-02
1.016682833433151245e-01
2.493136189877986908e-02
-1.982117258012294769e-02
5.600062385201454163e-02
1.394121255725622177e-02
-1.874487996101379395e-01
1.056811809539794922e-01
5.190107971429824829e-02
-3.236018121242523193e-02
6.347883958369493484e-03
-5.168744176626205444e-02
-5.021586269140243530e-02
1.742923408746719360e-01
1.396316140890121460e-01
-3.166405856609344482e-02
1.744907908141613007e-02
-5.495194345712661743e-02
3.695514798164367676e-02
2.523326314985752106e-03
1.284359395503997803e-01
-8.638247847557067871e-03
-2.948155393823981285e-03
-1.350993514060974121e-01
-1.321517229080200195e-01
-1.583693474531173706e-01
-2.146563120186328888e-02
-5.070791020989418030e-02
1.887585734948515892e-03
6.491885334253311157e-02
1.432009134441614151e-02
-4.101619869470596313e-02
8.398395031690597534e-02
-3.121269308030605316e-02
-3.662919625639915466e-02
4.707200825214385986e-02
-3.523204103112220764e-02
1.058910042047500610e-01
1.317110937088727951e-02
5.825396627187728882e-02
-1.389192789793014526e-02
-1.283303052186965942e-01
8.380708843469619751e-02
-1.107964068651199341e-01
1.222984045743942261e-01
5.197183415293693542e-02
-7.688135653734207153e-02
6.945174932479858398e-02
-1.401186883449554443e-01
-6.473439931869506836e-02
-1.508291531354188919e-02
-1.763712912797927856e-01
3.763609007000923157e-02
5.645162984728813171e-02
8.344507217407226562e-02
-1.249774247407913208e-01
-1.091517694294452667e-02
-2.678099460899829865e-02
8.392525464296340942e-02
5.846180766820907593e-02
-5.894987285137176514e-02
8.419418334960937500e-02
7.454990595579147339e-02
-2.475542761385440826e-02
-8.458344638347625732e-02
-9.193381667137145996e-02
-1.710951477289199829e-01
-9.564484469592571259e-03
-1.071018353104591370e-01
-5.510714277625083923e-02
-1.079458184540271759e-02
8.468189835548400879e-02
5.856992676854133606e-02
1.851831376552581787e-02
-9.312164783477783203e-02
-1.235582679510116577e-01
-6.851453334093093872e-02
-1.248953789472579956e-01
-1.239432096481323242e-01
-6.592758744955062866e-02
2.359730564057826996e-02
-3.222435712814331055e-02
4.697379469871520996e-02
-4.966847226023674011e-02
3.552463278174400330e-02
7.306700199842453003e-02
-1.143792942166328430e-01
5.517630651593208313e-02
-1.763850450515747070e-01
4.638883098959922791e-02
-2.451807074248790741e-02
8.092410117387771606e-02
-1.069231331348419189e-01
-3.961075469851493835e-02
-1.544016301631927490e-01
-9.693623334169387817e-02
9.698275476694107056e-02
-1.416231039911508560e-02
-1.147350668907165527e-01
-1.031597182154655457e-01
-1.065393984317779541e-01
6.607151031494140625e-02
5.482849478721618652e-02
2.397765778005123138e-02
3.266924992203712463e-02
-9.189504384994506836e-02
7.748461514711380005e-02
-1.384329199790954590e-01
-4.109345003962516785e-02
-1.771071255207061768e-01
-3.964691609144210815e-02
5.505886394530534744e-03
1.866867765784263611e-02
1.028991490602493286e-01
4.151277989149093628e-02
5.005979537963867188e-02
2.690712362527847290e-02
4.920589923858642578e-02
1.508618239313364029e-02
-2.061176300048828125e-02
-1.539471652358770370e-02
5.072125047445297241e-02
1.763066835701465607e-02
3.225507587194442749e-02
-4.747986048460006714e-02
-7.729147374629974365e-02
-5.404306575655937195e-02
1.281366199254989624e-01
-8.897778391838073730e-02
-1.367046497762203217e-02
1.107497885823249817e-01
1.089832186698913574e-01
2.353108823299407959e-01
2.132770046591758728e-02
-1.397880017757415771e-01
7.246726006269454956e-02
1.986142694950103760e-01
-1.324204914271831512e-02
9.739474207162857056e-02
-6.381857395172119141e-02
5.804133415222167969e-02
1.215813383460044861e-01
1.039876043796539307e-01
1.213115304708480835e-01
1.342074573040008545e-01
1.093756314367055893e-02
-3.414271026849746704e-02
-7.040797173976898193e-02
9.477657079696655273e-02
8.954284340143203735e-02
1.024010777473449707e-01
-5.880005285143852234e-02
-4.351291060447692871e-02
1.015999317169189453e-01
3.880285471677780151e-02
9.461252950131893158e-03
-8.850801736116409302e-02
5.075544118881225586e-02
9.436094015836715698e-02
7.579170167446136475e-02
4.069671407341957092e-02
-2.995412983000278473e-02
4.366631805896759033e-02
-1.217838078737258911e-01
3.272668272256851196e-02
1.414567697793245316e-02
-1.427935715764760971e-02
-2.241534739732742310e-02
1.333497464656829834e-01
-8.156993985176086426e-02
1.599192768335342407e-01
-6.857650820165872574e-03
8.456231653690338135e-02
-3.041768819093704224e-02
-1.346721649169921875e-01
1.762436330318450928e-01
-7.703865319490432739e-02
5.846669524908065796e-02
8.709833770990371704e-02
-8.550172299146652222e-02
-9.051346778869628906e-02
8.412194252014160156e-02
1.022112593054771423e-01
2.914971485733985901e-02
1.229484528303146362e-01
-2.238332852721214294e-02
-3.695714473724365234e-02
-1.223672926425933838e-01
6.135432049632072449e-02
-8.083408325910568237e-02
1.585999503731727600e-03
3.322298172861337662e-03
-4.246854037046432495e-02
-1.029424667358398438e-01
3.127132356166839600e-02
9.263893961906433105e-02
-5.833144858479499817e-02
-1.259327083826065063e-01
6.912669539451599121e-02
-9.454836696386337280e-02
1.085839569568634033e-01
1.328046768903732300e-01
-8.529674261808395386e-02
-5.468153394758701324e-04
-7.741088420152664185e-02
-1.385749131441116333e-02
-1.511822491884231567e-01
-8.027065545320510864e-03
-1.934502087533473969e-02
-1.246111318469047546e-01
-5.698520317673683167e-02
-1.056890785694122314e-01
-8.203280717134475708e-02
-1.145996451377868652e-01
1.413148343563079834e-01
1.142471432685852051e-01
-2.778242342174053192e-03
7.690860331058502197e-02
-1.541299372911453247e-01
-8.238894492387771606e-02
2.830598317086696625e-02
-1.175845861434936523e-01
-7.621363550424575806e-02
7.198087126016616821e-02
6.592964753508567810e-03
-5.562466382980346680e-02
-1.343836635351181030e-01
-1.425703018903732300e-01
1.479781791567802429e-02
-9.793189167976379395e-02
-9.743144363164901733e-02
-6.199217587709426880e-02
-1.606597192585468292e-02
-6.547153741121292114e-02
8.688853681087493896e-02
4.064729809761047363e-02
-7.991113513708114624e-02
-8.179002255201339722e-02
-1.581530570983886719e-01
-4.507687315344810486e-02
1.166847050189971924e-01
5.137588828802108765e-02
4.135429859161376953e-02
3.404805064201354980e-02
8.806285262107849121e-02
-1.497410796582698822e-02
2.375365234911441803e-02
1.429578065872192383e-01
-1.105355098843574524e-01
-1.438760608434677124e-01
-5.181083455681800842e-02
7.441249489784240723e-02
-1.069930121302604675e-01
7.187127321958541870e-02
-6.567011028528213501e-02
8.705079555511474609e-02
-4.420631006360054016e-02
-3.311400115489959717e-02
7.252438366413116455e-02
1.238983273506164551e-01
-2.898742072284221649e-02
-1.230168789625167847e-01
3.161708638072013855e-02
7.332115620374679565e-02
4.701803904026746750e-03
1.600578725337982178e-01
5.278546363115310669e-02
-1.979973018169403076e-01
-8.746515214443206787e-02
8.109186589717864990e-02
4.501627385616302490e-02
7.963445037603378296e-02
1.425045728683471680e-01
6.884050369262695312e-02
-1.273145079612731934e-01
-7.394840568304061890e-02
-3.521501272916793823e-02
3.749392926692962646e-02
3.157368861138820648e-03
5.980418529361486435e-03
-1.687040627002716064e-01
-7.919014245271682739e-02
-1.162609010934829712e-01
1.217659711837768555e-01
2.949257567524909973e-02
-1.300711184740066528e-01
-9.647136181592941284e-02
4.964955523610115051e-02
1.552435904741287231e-01
-2.188561409711837769e-01
4.503079503774642944e-02
-2.735206112265586853e-02
6.790485233068466187e-02
7.932212948799133301e-02
-1.802550442516803741e-02
5.019759386777877808e-02
7.678318768739700317e-02
1.172082591801881790e-02
1.178454905748367310e-01
-8.604219555854797363e-02
8.039518445730209351e-02
-4.378324002027511597e-02
-9.452164918184280396e-02
-1.261494010686874390e-01
1.931375823915004730e-02
8.129180222749710083e-02
-2.159643769264221191e-01
-4.988595470786094666e-02
5.842230468988418579e-02
-6.543234735727310181e-02
5.771704018115997314e-02
1.669589243829250336e-02
-1.993016600608825684e-01
1.395263336598873138e-02
-3.566089645028114319e-02
7.143549621105194092e-02
1.351975500583648682e-01
-9.375055879354476929e-02
-8.666945993900299072e-02
-2.008851766586303711e-01
-1.329404488205909729e-02
-1.042003333568572998e-01
-2.136656641960144043e-02
4.817562643438577652e-03
-5.057847499847412109e-02
2.985872514545917511e-02
8.768149465322494507e-02
-2.022058516740798950e-01
-8.549509197473526001e-02
7.643902790732681751e-04
2.487497590482234955e-02
2.719059400260448456e-02
-1.357580274343490601e-01
-3.900669747963547707e-03
-1.800400316715240479e-01
-6.178320571780204773e-02
7.098547369241714478e-02
-1.285535246133804321e-01
-7.175415754318237305e-02
7.959219068288803101e-02
3.313830494880676270e-02
-9.662824124097824097e-02
6.847339868545532227e-02
7.193662226200103760e-02
-2.245023101568222046e-02
9.708012640476226807e-02
-6.906630843877792358e-02
-4.941691085696220398e-02
-2.482774201780557632e-03
1.540747471153736115e-02
-4.457647353410720825e-02
-3.290036320686340332e-02
3.676700219511985779e-02
-5.727863311767578125e-02
-1.627156734466552734e-01
3.831025213003158569e-02
-1.169609874486923218e-01
9.389885514974594116e-02
1.899595372378826141e-03
7.606183737516403198e-02
-2.207540422677993774e-01
-3.760553151369094849e-02
-4.126564413309097290e-02
-2.836658852174878120e-03
1.121286004781723022e-01
1.362704299390316010e-02
-6.822063028812408447e-02
-1.493558287620544434e-01
3.972241654992103577e-02
-4.192763939499855042e-02
7.856134325265884399e-02
-4.031237587332725525e-02
-6.833931803703308105e-02
-1.369542032480239868e-01
9.814921766519546509e-02
1.354239583015441895e-01
-4.397024586796760559e-02
-7.336347550153732300e-02
-9.435544162988662720e-02
-7.044259458780288696e-02
-6.146933883428573608e-02
-4.733784869313240051e-02
-1.142618730664253235e-01
-1.175137832760810852e-01
9.686543047428131104e-02
-7.608010619878768921e-02
-4.728249460458755493e-02
-3.080151230096817017e-02
-1.883478164672851562e-01
-1.158541887998580933e-01
1.303569078445434570e-01
-2.028158865869045258e-02
-1.028947718441486359e-02
-2.674027532339096069e-02
-6.734579056501388550e-02
-1.050397679209709167e-01
8.324094116687774658e-02
6.672289222478866577e-02
3.532265126705169678e-02
5.739203095436096191e-02
-6.838887184858322144e-02
-1.293585598468780518e-01
1.185650303959846497e-01
5.056960508227348328e-02
-2.703029848635196686e-02
-9.341861004941165447e-04
1.196845024824142456e-01
-2.494406327605247498e-02
1.711957454681396484e-01
4.806911945343017578e-02
2.064072526991367340e-02
-4.786071926355361938e-02
-1.521973907947540283e-01
-4.295431450009346008e-02
-4.529305920004844666e-02
-1.227840781211853027e-01
3.251028060913085938e-02
1.423622071743011475e-01
1.203838456422090530e-02
2.718104980885982513e-02
1.086794119328260422e-02
-1.012105047702789307e-01
-4.906514286994934082e-02
-1.575900018215179443e-01
8.693168312311172485e-02
3.365728259086608887e-02
9.954291582107543945e-02
6.512467563152313232e-02
-9.136604517698287964e-02
-1.042530909180641174e-01
-1.241404563188552856e-01
1.177526079118251801e-02
1.543534826487302780e-02
-1.426594890654087067e-02
1.201809793710708618e-01
7.919796556234359741e-02
-2.548803947865962982e-02
-8.657602965831756592e-02
-1.125961169600486755e-01
6.408493965864181519e-02
-1.274887751787900925e-02
9.839343838393688202e-03
-9.933266043663024902e-02
-1.736159771680831909e-01
-9.256639331579208374e-02
-1.930749043822288513e-02
1.381698548793792725e-01
-1.215191707015037537e-01
-7.198289781808853149e-02
4.596189036965370178e-02
-1.097410023212432861e-01
-1.387978643178939819e-01
-3.072746470570564270e-02
-7.664598524570465088e-02
-1.388670951128005981e-01
4.492655023932456970e-02
3.501420840620994568e-02
1.810977756977081299e-01
-1.099507045000791550e-02
-1.204090565443038940e-01
-3.002359718084335327e-02
1.834700442850589752e-02
-5.301054567098617554e-02
-7.611208409070968628e-02
-6.234485283493995667e-02
-9.636640548706054688e-02
-3.125027567148208618e-02
8.846666663885116577e-02
-8.226094394922256470e-02
1.013681292533874512e-02
-6.441051512956619263e-02
-4.068678617477416992e-02
-1.549643874168395996e-01
1.186330616474151611e-01
5.643022805452346802e-02
1.425831485539674759e-02
-1.439315378665924072e-01
-1.432037800550460815e-01
-9.206860512495040894e-02
-1.110429763793945312e-01
2.256363257765769958e-02
-3.611190989613533020e-02
-6.901452690362930298e-02
1.424124091863632202e-02
-5.762762948870658875e-02
-8.833406120538711548e-02
-1.371279805898666382e-01
-2.859473042190074921e-02
1.120595857501029968e-01
4.802687838673591614e-02
1.387576758861541748e-01
-1.078216060996055603e-01
5.115751177072525024e-02
6.400372087955474854e-02
1.157405152916908264e-01
-6.900005973875522614e-03
2.470120228826999664e-02
1.436747610569000244e-01
-5.949902534484863281e-02
7.161898910999298096e-02
2.314793318510055542e-02
-1.043898537755012512e-01
7.015353441238403320e-02
1.215095371007919312e-01
-1.060206145048141479e-01
-1.713304221630096436e-02
7.836551964282989502e-02
9.499265253543853760e-02
4.991619661450386047e-02
-5.113185569643974304e-02
-3.956212103366851807e-02
1.169193834066390991e-01
4.459514096379280090e-02
-4.691703617572784424e-02
-1.162916719913482666e-01
1.700535714626312256e-01
1.099918410181999207e-01
5.791576951742172241e-02
-2.461823821067810059e-02
-9.032969176769256592e-02
5.046513676643371582e-02
7.143138349056243896e-02
-7.762911915779113770e-02
6.465803831815719604e-02
-1.422604173421859741e-01
9.900080412626266479e-02
2.082943543791770935e-02
1.325398832559585571e-01
-2.570690121501684189e-03
3.212210163474082947e-02
6.280527263879776001e-02
9.082381427288055420e-02
-1.053132582455873489e-02
-1.226107552647590637e-01
-4.116172343492507935e-02
5.322544835507869720e-03
-1.163386739790439606e-02
4.031487554311752319e-02
-3.325397148728370667e-02
-1.174019724130630493e-01
-2.425345405936241150e-02
-1.960246264934539795e-02
-8.547749370336532593e-02
-1.083912178874015808e-01
-6.839624792337417603e-02
2.670645713806152344e-02
2.566066570580005646e-02
-1.676447540521621704e-01
-4.186914116144180298e-02
-1.112418547272682190e-01
-1.020526979118585587e-02
-3.728108108043670654e-02
-1.133756712079048157e-01
-8.985440433025360107e-02
9.535622783005237579e-03
-8.507873862981796265e-02
4.733162000775337219e-02
-1.241677775979042053e-01
8.008759468793869019e-03
3.786797635257244110e-03
-1.029407456517219543e-01
-5.502938106656074524e-02
9.529248811304569244e-03
-1.371629834175109863e-01
1.011686585843563080e-02
5.922034010291099548e-02
-1.607232987880706787e-01
-1.338713020086288452e-01
6.455922126770019531e-02
6.093300506472587585e-02
-1.142030060291290283e-01
-3.317800164222717285e-02
6.238215044140815735e-02
-1.223467960953712463e-01
-7.497704774141311646e-02
-5.717320740222930908e-02
1.009290199726819992e-02
-8.651072159409523010e-03
-3.364585712552070618e-02
7.795489579439163208e-02
-1.153932511806488037e-01
-6.143386289477348328e-02
-1.353545188903808594e-01
-8.458804339170455933e-02
-3.626403957605361938e-02
4.817128926515579224e-02
3.597386181354522705e-02
5.928214266896247864e-02
1.660626977682113647e-01
-3.435585275292396545e-02
-1.964964717626571655e-01
1.028920859098434448e-01
7.852661609649658203e-02
8.709854632616043091e-02
2.458829246461391449e-02
-1.466817595064640045e-02
2.335652709007263184e-02
5.711073800921440125e-02
-1.015708595514297485e-01
-8.504053950309753418e-02
-1.288544088602066040e-01
-1.015826221555471420e-02
1.124474871903657913e-02
-9.110902249813079834e-02
7.499487604945898056e-03
1.165828704833984375e-01
3.089111670851707458e-02
-8.784881234169006348e-02
-8.861738443374633789e-02
5.450834333896636963e-02
-1.472209841012954712e-01
9.064285457134246826e-02
-3.599481657147407532e-02
-1.055779680609703064e-01
1.076430827379226685e-01
5.229227244853973389e-02
-2.252279780805110931e-02
-7.915932685136795044e-02
2.786846831440925598e-02
-1.175062805414199829e-01
-1.432839035987854004e-01
-1.252866536378860474e-01
-1.777769774198532104e-01
4.996814951300621033e-02
1.002452429383993149e-02
6.515012681484222412e-02
8.644527941942214966e-02
-4.475319385528564453e-02
1.464224308729171753e-01
-7.214102894067764282e-02
2.719849161803722382e-02
1.172857638448476791e-02
-1.015383377671241760e-01
-1.403508242219686508e-02
-5.225815251469612122e-02
-1.781138926744461060e-01
-1.236766055226325989e-01
1.028243526816368103e-01
-7.562723010778427124e-02
-1.225247234106063843e-01
5.198937281966209412e-02
-6.320648640394210815e-02
-1.241514608263969421e-01
2.945575304329395294e-02
-1.705713570117950439e-01
8.342116326093673706e-02
-7.483596913516521454e-03
-1.462340652942657471e-01
-1.130954027175903320e-01
8.896029554307460785e-03
1.156349852681159973e-01
9.460937231779098511e-02
-1.433566957712173462e-01
-1.811008155345916748e-01
1.051511541008949280e-01
1.019618753343820572e-02
-1.018524356186389923e-02
-5.636446177959442139e-02
1.150186359882354736e-01
-4.753926023840904236e-02
-7.394467294216156006e-02
-3.633881220594048500e-03
-2.713360264897346497e-02
-5.106342956423759460e-02
1.349253803491592407e-01
-7.153090089559555054e-02
9.297088533639907837e-02
-4.121147841215133667e-02
-1.058894172310829163e-01
-8.795827627182006836e-02
-1.664866209030151367e-01
4.543521255254745483e-02
2.599347755312919617e-02
1.227104812860488892e-01
1.162064149975776672e-01
-1.013945117592811584e-01
-6.051789969205856323e-02
-4.965320602059364319e-02
-5.050320643931627274e-03
1.574704423546791077e-02
7.555105537176132202e-02
-6.678431481122970581e-02
6.372368335723876953e-02
-3.499010950326919556e-02
-4.728674888610839844e-02
7.089278846979141235e-02
-4.302204027771949768e-02
-1.514784544706344604e-01
5.333438888192176819e-02
3.408379107713699341e-02
-7.460435479879379272e-02
1.035306528210639954e-01
-6.339295208454132080e-02
8.400522172451019287e-02
-1.325455158948898315e-01
1.366647779941558838e-01
-1.540312450379133224e-02
-2.871399559080600739e-02
-9.340324252843856812e-02
-1.632705628871917725e-01
-1.391631960868835449e-01
-1.252179145812988281e-01
-1.305779367685317993e-01
3.940176591277122498e-02
-1.990805566310882568e-02
3.078368306159973145e-02
-6.325632333755493164e-03
2.338203415274620056e-02
-2.628467231988906860e-02
1.906290054321289062e-01
9.108342230319976807e-02
-4.881323501467704773e-02
1.458240896463394165e-01
-1.404911875724792480e-01
8.018538355827331543e-02
-2.342321164906024933e-02
3.403452411293983459e-02
-4.526329785585403442e-02
9.530115872621536255e-02
-1.423752605915069580e-01
-3.155513433739542961e-03
-4.201127588748931885e-02
9.149689227342605591e-02
-1.647969037294387817e-01
1.187065243721008301e-01
5.251586809754371643e-02
1.048404723405838013e-02
-1.093672364950180054e-01
-4.371787607669830322e-02
-7.376830279827117920e-02
1.864102184772491455e-01
-8.627422899007797241e-02
1.073482558131217957e-01
1.412812918424606323e-01
3.403462935239076614e-03
-2.558810636401176453e-02
-2.184308692812919617e-02
-1.055109426379203796e-01
6.274362653493881226e-02
5.548364669084548950e-02
-1.232203561812639236e-02
8.531424403190612793e-02
-9.142839163541793823e-02
2.524540759623050690e-02
5.414620414376258850e-02
-4.247681424021720886e-02
3.038920648396015167e-02
1.024344414472579956e-01
-9.874999523162841797e-02
7.545136660337448120e-02
5.872634053230285645e-02
-4.058506712317466736e-02
-1.932247579097747803e-01
-3.070830740034580231e-02
6.608214229345321655e-02
-3.529759868979454041e-02
-1.808279752731323242e-02
-6.205878406763076782e-02
1.341162025928497314e-01
-1.013111025094985962e-01
1.291683875024318695e-02
1.864989697933197021e-01
4.741464927792549133e-02
1.071395128965377808e-01
1.200677156448364258e-01
1.635956019163131714e-02
4.421978816390037537e-02
4.766584187746047974e-02
-1.059885397553443909e-01
-8.587352931499481201e-02
4.947921261191368103e-03
-1.882538050413131714e-01
-1.188552528619766235e-01
5.514872446656227112e-02
1.259186416864395142e-01
3.506797552108764648e-02
5.332652106881141663e-02
9.738096594810485840e-02
3.930778428912162781e-02
-2.047921717166900635e-01
-6.021381542086601257e-02
-4.726408421993255615e-02
6.885900348424911499e-02
7.729566190391778946e-03
1.354820430278778076e-01
6.929063051939010620e-02
-3.446580097079277039e-02
1.204724982380867004e-01
-1.053266227245330811e-01
3.586971759796142578e-02
8.997741341590881348e-02
1.545247882604598999e-01
-6.368426978588104248e-02
7.865631580352783203e-02
9.895166754722595215e-02
8.819465339183807373e-02
1.181678846478462219e-01
1.134606748819351196e-01
5.053114518523216248e-02
-8.258018642663955688e-02
1.442317515611648560e-01
3.765903785824775696e-02
8.464369177818298340e-02
-9.484835714101791382e-02
-4.013284295797348022e-02
-2.904889406636357307e-03
6.340701598674058914e-03
8.620652370154857635e-03
-2.833978831768035889e-02
-7.676970958709716797e-02
1.022251024842262268e-01
7.121124863624572754e-02
-6.078587472438812256e-02
8.367831818759441376e-03
-7.658132165670394897e-02
-1.231911703944206238e-01
-2.227855846285820007e-02
-5.837719142436981201e-02
3.873024508357048035e-02
7.090570777654647827e-02
2.287027984857559204e-02
3.295229375362396240e-02
-5.330220237374305725e-02
1.125229969620704651e-01
-3.683168068528175354e-02
7.195489946752786636e-03
1.168746948242187500e-01
8.478044718503952026e-02
-1.407929044216871262e-02
-1.703487336635589600e-02
-1.024131327867507935e-01
-8.505540341138839722e-02
-6.343974918127059937e-02
-9.947965294122695923e-02
-9.772884659469127655e-03
-8.853585273027420044e-02
-1.113179139792919159e-02
-1.030445247888565063e-01
6.280095875263214111e-02
6.188989058136940002e-02
-1.736230403184890747e-02
7.967644184827804565e-02
-1.173855066299438477e-01
1.061995886266231537e-02
-8.044982701539993286e-02
6.664107739925384521e-02
4.668788239359855652e-02
1.105926185846328735e-01
1.150370389223098755e-02
-1.073338314890861511e-01
1.415124088525772095e-01
-5.336916074156761169e-02
5.629035085439682007e-02
2.452473342418670654e-02
2.305950038135051727e-02
-8.551756292581558228e-02
-5.375988408923149109e-02
-1.059918571263551712e-02
6.760418415069580078e-02
-8.718319237232208252e-02
2.282096445560455322e-02
-5.701288208365440369e-02
1.163170766085386276e-02
1.107447296380996704e-01
5.987012013792991638e-02
-1.875006780028343201e-02
-1.046395897865295410e-01
9.859041869640350342e-02
-4.829319193959236145e-02
-1.207246109843254089e-01
5.308686941862106323e-02
5.390388891100883484e-02
2.089768648147583008e-02
-3.781393542885780334e-02
9.605008363723754883e-02
1.528181508183479309e-02
1.534343510866165161e-01
-1.101107969880104065e-01
-2.871723845601081848e-02
-1.231256052851676941e-01
4.915944486856460571e-02
-1.389095932245254517e-01
1.654987037181854248e-01
-6.368368864059448242e-02
-7.138410210609436035e-02
8.004282414913177490e-02
-4.842349141836166382e-02
5.216713994741439819e-02
-7.091980427503585815e-02
-5.510898306965827942e-02
-8.280463516712188721e-02
1.577462852001190186e-01
1.667354404926300049e-01
-4.482112824916839600e-02
-2.734831348061561584e-02
-1.914084423333406448e-03
-8.758141845464706421e-02
3.676807880401611328e-02
-1.446037441492080688e-01
8.812546730041503906e-03
-2.542132325470447540e-02
-1.297781914472579956e-01
-1.144061908125877380e-01
-1.673173606395721436e-01
-2.337576262652873993e-02
-5.308801308274269104e-03
-6.377347745001316071e-03
6.278838217258453369e-02
-9.061187505722045898e-03
6.410112231969833374e-02
2.817193791270256042e-02
1.322253346443176270e-01
7.641710340976715088e-02
-6.335888803005218506e-02
2.969664335250854492e-02
1.737279817461967468e-02
6.138177216053009033e-02
-1.406565774232149124e-02
-1.469758749008178711e-01
-1.635607481002807617e-01
-3.394870832562446594e-02
7.664704322814941406e-02
-1.081987172365188599e-01
-6.306360661983489990e-02
-1.030521243810653687e-01
-1.291853748261928558e-02
-7.845886051654815674e-02
-4.294298216700553894e-02
-1.283508837223052979e-01
-7.702063769102096558e-02
-7.344517111778259277e-02
-4.375591501593589783e-02
3.638019785284996033e-02
-3.505885228514671326e-02
7.407401502132415771e-02
-1.425773948431015015e-01
6.410183012485504150e-02
9.128155559301376343e-02
3.056397847831249237e-02
3.557627648115158081e-02
1.517251413315534592e-02
-1.410987526178359985e-01
-1.245460659265518188e-01
-1.024177968502044678e-01
3.880128264427185059e-03
-1.532910913228988647e-01
-3.092400543391704559e-02
-1.079912856221199036e-01
1.220177039504051208e-01
9.658005833625793457e-02
-1.343486011028289795e-01
4.682326689362525940e-02
-1.068873479962348938e-01
-2.036616019904613495e-02
-1.080435067415237427e-01
-3.884178772568702698e-02
-6.989099830389022827e-02
4.099371284246444702e-02
2.579801902174949646e-02
-8.250910788774490356e-02
-1.258592754602432251e-01
3.623459860682487488e-02
-8.906149119138717651e-02
-1.002929359674453735e-01
-7.502394914627075195e-02
6.035929173231124878e-02
1.348153203725814819e-01
1.203001588582992554e-01
-1.003465503454208374e-01
-2.660561352968215942e-02
-4.457683116197586060e-02
8.074925839900970459e-02
-6.694190204143524170e-02
-9.787428379058837891e-02
2.425159513950347900e-02
-5.987980403006076813e-03
6.740543246269226074e-02
-4.377456754446029663e-02
-2.811669744551181793e-02
-2.004593051970005035e-02
3.950893506407737732e-02
4.163943603634834290e-02
4.209456220269203186e-02
-4.057013988494873047e-02
1.646614819765090942e-01
1.338122636079788208e-01
1.024627089500427246e-01
-5.461463332176208496e-02
4.174872860312461853e-02
-5.504388827830553055e-03
-1.254243999719619751e-01
-1.518686860799789429e-01
6.141451373696327209e-02
-9.056372568011283875e-03
-1.532640494406223297e-02
6.219784915447235107e-02
-8.742634207010269165e-02
4.395700246095657349e-02
-1.416684240102767944e-01
1.978707499802112579e-02
4.618310183286666870e-02
-3.416936611756682396e-03
9.530707448720932007e-02
1.333884447813034058e-01
4.443641006946563721e-02
-9.394747205078601837e-03
6.461162865161895752e-02
6.904815882444381714e-02
2.307915128767490387e-02
-3.742070868611335754e-02
1.337145715951919556e-01
-1.289082877337932587e-02
-1.619467288255691528e-01
6.734541803598403931e-02
-6.644987314939498901e-02
9.751726686954498291e-02
1.325654983520507812e-01
6.181083992123603821e-02
3.868939355015754700e-02
7.756640017032623291e-02
-8.616137504577636719e-02
-1.235824301838874817e-01
-2.818368002772331238e-02
-1.221583783626556396e-02
1.958394423127174377e-02
8.302907645702362061e-02
-1.079710796475410461e-01
1.360669583082199097e-01
-9.652338176965713501e-02
-4.474907368421554565e-02
-1.016732975840568542e-01
-4.097569733858108521e-03
-1.363745145499706268e-02
-1.935332082211971283e-02
-1.272133886814117432e-01
6.463482975959777832e-02
-4.083123430609703064e-02
-1.046107336878776550e-01
-8.564456552267074585e-02
5.074566602706909180e-02
6.445991247892379761e-02
-2.882903069257736206e-02
-8.931557089090347290e-02
-7.437075674533843994e-02
1.630182936787605286e-02
6.795313954353332520e-02
8.323050290346145630e-02
-1.361034214496612549e-01
4.829795286059379578e-02
-4.221240058541297913e-02
-5.238348618149757385e-02
-1.152956485748291016e-02
-1.185098662972450256e-01
-1.058620959520339966e-01
-9.718524664640426636e-02
-7.633326202630996704e-02
-3.837942332029342651e-02
9.718486666679382324e-02
3.571024537086486816e-02
4.372955765575170517e-03
1.083233878016471863e-01
-8.690874278545379639e-02
-2.692078612744808197e-02
-2.341501787304878235e-02
-1.026829928159713745e-01
1.935553550720214844e-02
9.372342377901077271e-03
-3.223423287272453308e-02
1.063314154744148254e-01
-7.215303182601928711e-02
-2.611833438277244568e-02
-1.379735209047794342e-02
4.456951469182968140e-02
-2.675775997340679169e-02
9.594931267201900482e-03
1.073305122554302216e-02
-5.377248674631118774e-02
4.160654731094837189e-03
-1.038022562861442566e-01
-7.992649078369140625e-02
-1.024354100227355957e-01
-6.251700967550277710e-02
-7.371331006288528442e-02
-2.125248871743679047e-02
5.670633167028427124e-02
-6.702117621898651123e-02
-2.141476795077323914e-02
-1.302444487810134888e-01
5.988936126232147217e-02
-3.818112239241600037e-02
-1.411628276109695435e-01
-2.553197368979454041e-02
8.310864795930683613e-04
-6.657239049673080444e-02
3.284237906336784363e-02
-1.539460122585296631e-01
-8.504347503185272217e-02
-1.545413136482238770e-01
-1.034929528832435608e-01
-1.215977128595113754e-03
-1.013213470578193665e-01
-8.947406709194183350e-02
2.942391298711299896e-02
7.332527637481689453e-02
-1.470463275909423828e-01
-1.247596665052697062e-04
4.635715112090110779e-02
1.122760772705078125e-01
-1.234389618039131165e-01
-1.569844596087932587e-02
-8.527608960866928101e-02
1.140852645039558411e-02
1.558458805084228516e-01
-3.256525471806526184e-02
-9.993578493595123291e-02
9.315022826194763184e-02
4.087457060813903809e-02
-4.475361481308937073e-02
-3.421585634350776672e-02
-8.148877322673797607e-02
-9.234452620148658752e-03
8.697877638041973114e-03
-1.327335238456726074e-01
2.324596419930458069e-02
3.080402314662933350e-02
8.729092776775360107e-02
1.021480560302734375e-01
2.203718759119510651e-02
-1.291676908731460571e-01
8.621139079332351685e-02
-6.867253780364990234e-02
-8.199031651020050049e-02
-1.463334709405899048e-01
-1.602322161197662354e-01
-1.707526892423629761e-01
-8.080147951841354370e-02
-4.890855774283409119e-02
9.089326858520507812e-02
1.380647867918014526e-01
6.450656801462173462e-02
-5.788234993815422058e-02
1.708764210343360901e-02
-1.015823855996131897e-01
-5.627446249127388000e-02
7.850345224142074585e-03
-2.581798098981380463e-02
1.870054379105567932e-02
-1.001797020435333252e-01
-7.129992544651031494e-02
6.638488918542861938e-02
1.106721758842468262e-01
-3.149821609258651733e-02
-8.104067295789718628e-02
3.077910514548420906e-03
-9.788199514150619507e-02
-1.675343364477157593e-01
-1.419283747673034668e-01
6.456043571233749390e-02
-2.911748737096786499e-02
1.358587108552455902e-02
1.237310498254373670e-04
-4.579329490661621094e-02
-5.042240396142005920e-02
-1.094220280647277832e-01
-1.440820284187793732e-02
-6.901155412197113037e-02
4.922678694128990173e-02
-2.201742306351661682e-02
2.232431620359420776e-02
4.127131029963493347e-02
8.937358111143112183e-02
1.320294141769409180e-01
-4.720315709710121155e-02
4.429070651531219482e-02
3.443360701203346252e-02
3.302030637860298157e-02
-1.349406689405441284e-01
1.437010318040847778e-01
2.672996558248996735e-02
1.255725473165512085e-01
3.509125858545303345e-02
-2.128870785236358643e-02
-5.302374437451362610e-02
-6.992337107658386230e-02
-1.332531273365020752e-01
-1.285711824893951416e-01
-8.615019731223583221e-03
-8.858691900968551636e-02
7.545486092567443848e-02
5.797872319817543030e-02
2.534799650311470032e-02
-6.552254408597946167e-02
-1.702386140823364258e-01
1.021591648459434509e-01
-1.757906749844551086e-02
-5.084830522537231445e-02
8.983759582042694092e-02
-1.330030560493469238e-01
5.827490240335464478e-02
-2.235566377639770508e-01
1.192624941468238831e-01
1.017204523086547852e-01
-9.338524192571640015e-02
7.584744691848754883e-02
-1.728641241788864136e-01
-1.145774275064468384e-01
1.218492612242698669e-01
-1.902871183119714260e-03
-7.963781058788299561e-02
2.782289125025272369e-02
9.858746826648712158e-02
-7.110138237476348877e-02
6.007218733429908752e-02
9.628349915146827698e-03
-1.578009724617004395e-01
1.164037659764289856e-01
-3.274463862180709839e-02
1.399131305515766144e-02
-1.097655296325683594e-02
1.678804494440555573e-02
-1.216775476932525635e-01
-3.088125772774219513e-02
-9.877719730138778687e-02
8.109623193740844727e-02
-6.241659633815288544e-03
-6.657552719116210938e-02
-1.013387665152549744e-01
-3.504447638988494873e-02
-4.943132027983665466e-02
7.644907385110855103e-02
-5.332850292325019836e-02
-6.951923668384552002e-02
3.819243609905242920e-02
9.297258406877517700e-02
-4.782344773411750793e-02
-6.932671368122100830e-02
1.668905653059482574e-02
-3.248980641365051270e-02
-1.262054443359375000e-01
-4.303278028964996338e-02
-1.391396671533584595e-01
-6.482005864381790161e-02
1.216887384653091431e-01
5.865240097045898438e-02
6.045570224523544312e-02
4.235445335507392883e-02
1.994962804019451141e-02
-1.241605877876281738e-01
-1.086389273405075073e-01
-7.150544226169586182e-02
-5.206612497568130493e-02
-1.080344170331954956e-01
2.335065975785255432e-02
7.564228773117065430e-02
-6.218791007995605469e-02
9.631218761205673218e-02
9.953902661800384521e-02
-3.350151330232620239e-02
-5.673728138208389282e-02
1.196855530142784119e-01
1.102968081831932068e-01
-1.435751467943191528e-01
1.619299687445163727e-02
-7.173056155443191528e-02
-9.938728809356689453e-02
-4.629962146282196045e-02
-3.521271422505378723e-02
-1.153242662549018860e-01
-4.161383584141731262e-02
-4.418241977691650391e-02
-6.988475471735000610e-02
-7.040934264659881592e-02
-4.287343472242355347e-02
-5.885163322091102600e-02
-1.033338084816932678e-01
5.517038702964782715e-02
1.140833646059036255e-01
7.029856741428375244e-02
-2.020467817783355713e-02
6.602054834365844727e-02
5.038956925272941589e-02
-1.090919896960258484e-01
-4.235966131091117859e-03
-1.384750902652740479e-01
1.995958387851715088e-01
4.459835588932037354e-03
-1.154826134443283081e-01
3.151412680745124817e-02
1.459478028118610382e-02
1.021871939301490784e-01
9.019310772418975830e-02
-2.632562629878520966e-02
-1.070358604192733765e-01
5.599502846598625183e-02
1.682775765657424927e-01
1.105189248919487000e-01
7.400509715080261230e-02
6.932417303323745728e-02
5.450826883316040039e-02
-7.274331897497177124e-02
-6.847041845321655273e-02
1.272339671850204468e-01
-5.084569752216339111e-02
6.360876560211181641e-02
4.952453449368476868e-02
-4.756307695060968399e-03
5.984485894441604614e-02
-2.465741895139217377e-02
3.645532950758934021e-02
1.870644241571426392e-01
-3.380700945854187012e-02
8.537188172340393066e-02
-1.130337640643119812e-01
1.839581876993179321e-01
2.418598596705123782e-04
1.230268180370330811e-01
6.678272038698196411e-02
-6.670753657817840576e-02
-1.163428500294685364e-01
-1.233542412519454956e-01
-5.308895558118820190e-02
6.010525859892368317e-03
-8.292131870985031128e-02
-6.997579336166381836e-02
9.914644807577133179e-02
1.691146790981292725e-01
1.039589121937751770e-01
9.917297214269638062e-02
1.815301924943923950e-01
9.863322228193283081e-02
9.318864345550537109e-02
-6.186284497380256653e-02
1.149359857663512230e-03
-9.620314836502075195e-02
-1.260098256170749664e-02
4.968591406941413879e-02
9.003657847642898560e-02
-7.456479221582412720e-02
-1.380191277712583542e-02
6.859894841909408569e-02
1.330131888389587402e-01
-1.123735979199409485e-01
-3.997131437063217163e-02
-3.486374765634536743e-02
2.505051437765359879e-03
-7.460417598485946655e-02
8.076296746730804443e-02
-3.098123893141746521e-02
-7.023199647665023804e-02
-1.984051242470741272e-02
-1.408357825130224228e-02
-7.999859750270843506e-02
7.353219389915466309e-02
-5.771881341934204102e-02
2.323077991604804993e-02
4.021557420492172241e-02
-1.327165514230728149e-01
2.467159181833267212e-02
-1.338790298177627847e-05
1.534668654203414917e-01
-1.898082494735717773e-01
-1.481498479843139648e-01
-3.168347850441932678e-02
6.211406365036964417e-02
-1.576037704944610596e-01
-5.897215381264686584e-02
-1.024565547704696655e-01
1.092491950839757919e-02
-5.435188859701156616e-02
1.011260552331805229e-03
4.208748042583465576e-02
-9.736832976341247559e-02
-7.440172135829925537e-03
4.505187273025512695e-02
-4.984621703624725342e-02
-1.157954409718513489e-01
-1.185710206627845764e-01
9.502301365137100220e-02
-1.088193729519844055e-01
6.284870952367782593e-02
-7.132500410079956055e-02
-1.072543561458587646e-01
9.171733260154724121e-02
-1.888354867696762085e-01
8.019819110631942749e-02
-5.365423113107681274e-02
5.432882159948348999e-02
1.894224621355533600e-02
-6.634613126516342163e-02
-2.078500203788280487e-02
1.500838436186313629e-03
-3.851786628365516663e-02
7.794722914695739746e-02
-7.222868502140045166e-02
1.219618171453475952e-01
-3.702323138713836670e-02
-9.750107675790786743e-02
4.481320455670356750e-02
-2.522135851904749870e-03
-1.289730966091156006e-01
7.138767093420028687e-02
-1.078916713595390320e-01
-1.368480026721954346e-01
-1.569738388061523438e-01
6.911816447973251343e-02
-9.656164795160293579e-02
1.037770509719848633e-01
-1.206766963005065918e-01
-9.911601245403289795e-02
7.212620228528976440e-02
-1.193735450506210327e-01
-1.181087717413902283e-01
8.725034445524215698e-02
-4.404426366090774536e-02
5.554267391562461853e-02
1.199660077691078186e-01
1.183051913976669312e-01
1.030665636062622070e-01
-8.408061414957046509e-02
5.814927443861961365e-02
5.188912525773048401e-02
3.606870397925376892e-02
-1.296335905790328979e-01
2.062604576349258423e-02
-1.087832003831863403e-01
-1.378649473190307617e-01
4.724815115332603455e-02
7.633280009031295776e-02
9.959992766380310059e-02
1.165414080023765564e-01
1.995857618749141693e-02
-1.172347813844680786e-01
6.814680248498916626e-02
-3.102451749145984650e-02
-9.313721954822540283e-02
-3.345511481165885925e-02
-1.084466502070426941e-01
-1.808622181415557861e-01
-8.738220483064651489e-02
-5.377990752458572388e-02
8.645939081907272339e-02
-4.118881002068519592e-02
-1.308777332305908203e-01
-7.612798362970352173e-03
5.151870846748352051e-02
-1.099434718489646912e-01
-4.282662272453308105e-02
1.502852234989404678e-02
1.204712167382240295e-01
1.471125930547714233e-01
1.248890012502670288e-01
1.185602620244026184e-01
2.285069227218627930e-02
-3.581746295094490051e-02
3.075042180716991425e-02
-7.195571064949035645e-02
7.344525307416915894e-02
7.152871042490005493e-02
1.018186137080192566e-01
-7.161806523799896240e-02
-1.280901581048965454e-01
2.020467631518840790e-02
-1.051461547613143921e-01
1.643680594861507416e-02
5.952653661370277405e-02
-9.750384837388992310e-02
-1.948372833430767059e-02
-1.107239443808794022e-02
-8.289751410484313965e-02
-9.111976623535156250e-02
-1.530429422855377197e-01
4.102598130702972412e-02
-1.485539525747299194e-01
-1.870926171541213989e-01
1.093410104513168335e-01
2.263060770928859711e-02
-1.203036308288574219e-01
-1.184377297759056091e-01
9.382062405347824097e-02
-5.158068984746932983e-02
5.940252915024757385e-02
-1.592349708080291748e-01
-1.262238472700119019e-01
1.223471090197563171e-01
-6.416176259517669678e-02
-1.066531389951705933e-01
-3.281253948807716370e-02
1.091995164752006531e-01
6.728798896074295044e-02
5.253432318568229675e-02
-2.688361145555973053e-02
-6.208504736423492432e-02
-1.381355226039886475e-01
-2.992385998368263245e-02
-6.814429908990859985e-02
-3.668776527047157288e-02
1.116616800427436829e-01
9.625273197889328003e-02
-7.949738949537277222e-02
-1.194272190332412720e-02
5.534452572464942932e-02
3.662947192788124084e-02
-1.194564402103424072e-01
8.546946942806243896e-02
-1.427395492792129517e-01
1.468769758939743042e-01
-9.696830809116363525e-02
4.257969558238983154e-02
-1.336613148450851440e-01
3.456905111670494080e-02
-1.288988068699836731e-02
6.539211422204971313e-02
1.586907729506492615e-02
-6.020346656441688538e-02
3.196172788739204407e-02
-5.522266402840614319e-02
-1.089330464601516724e-01
2.503503672778606415e-02
2.433569915592670441e-02
-5.213120579719543457e-02
-1.397894024848937988e-01
3.124540671706199646e-02
5.800619348883628845e-02
-9.980139136314392090e-02
-1.117025017738342285e-01
9.079446643590927124e-02
-4.923820495605468750e-02
3.317037969827651978e-02
-1.253212615847587585e-02
-1.258020848035812378e-01
-7.780122570693492889e-03
1.930814236402511597e-02
-6.572235375642776489e-02
9.652847051620483398e-02
-6.321609765291213989e-02
8.307172358036041260e-02
-6.712854653596878052e-02
-1.144232749938964844e-01
-4.722202196717262268e-02
-1.518277525901794434e-01
1.282410230487585068e-02
-1.368407756090164185e-01
8.853128552436828613e-02
9.243190288543701172e-02
1.320475712418556213e-02
5.627315863966941833e-02
1.023065000772476196e-01
-1.453143805265426636e-01
5.452549085021018982e-02
-6.259298324584960938e-02
-3.506762161850929260e-02
2.003280259668827057e-02
-2.613847516477108002e-02
1.343721989542245865e-02
-1.155375763773918152e-01
-1.339453309774398804e-01
1.207658126950263977e-01
-4.954384267330169678e-02
7.126572728157043457e-02
1.694993525743484497e-01
1.548596750944852829e-02
-6.960890442132949829e-02
-1.567947715520858765e-01
2.455720677971839905e-02
1.726956665515899658e-02
-1.303356289863586426e-01
-4.123937338590621948e-02
-2.604587189853191376e-02
-3.230201452970504761e-02
-1.754354387521743774e-01
5.823804810643196106e-02
8.698326349258422852e-02
5.174850672483444214e-02
1.143416166305541992e-01
7.458649575710296631e-02
3.955201432108879089e-02
-2.932670712471008301e-02
1.060298457741737366e-01
1.009174585342407227e-01
2.125577069818973541e-02
1.160329766571521759e-02
-8.546765893697738647e-02
-1.117160618305206299e-01
-6.574937701225280762e-02
-3.227895870804786682e-02
7.244728505611419678e-02
-2.084208428859710693e-01
8.543464541435241699e-02
-1.215732544660568237e-01
-1.616758704185485840e-01
7.024622708559036255e-02
4.212813079357147217e-02
-6.092645600438117981e-02
1.284363865852355957e-01
-2.507852576673030853e-02
1.397553682327270508e-01
-5.890547297894954681e-03
1.703278720378875732e-01
3.339071944355964661e-02
1.278271377086639404e-01
-1.980653405189514160e-02
-2.477481774985790253e-02
1.070343330502510071e-01
-2.147430181503295898e-02
1.875248923897743225e-02
-4.382609203457832336e-02
-4.912943765521049500e-02
-6.620708853006362915e-02
-4.320976324379444122e-03
-1.139794825576245785e-03
-1.895301938056945801e-01
-7.224997878074645996e-02
-1.211957708001136780e-01
1.542410701513290405e-01
4.475032910704612732e-02
5.145346000790596008e-02
1.124453619122505188e-01
-1.666999459266662598e-01
-3.182928264141082764e-02
-7.672267965972423553e-03
1.246769055724143982e-01
1.281128227710723877e-01
-1.044073700904846191e-01
2.495517022907733917e-02
3.736661747097969055e-02
-9.472072124481201172e-02
2.347732335329055786e-02
-9.928409010171890259e-02
6.611401587724685669e-02
6.336809135973453522e-03
1.012515947222709656e-01
-7.717265933752059937e-02
-7.159586530178785324e-03
5.078197643160820007e-02
1.005651205778121948e-01
3.986502438783645630e-02
-1.402167677879333496e-01
-1.238406985066831112e-03
-6.803207099437713623e-02
7.721847295761108398e-02
5.124690011143684387e-02
-4.260705038905143738e-02
7.882245630025863647e-02
-1.793595105409622192e-01
3.308102861046791077e-02
1.971391402184963226e-02
9.213451296091079712e-02
1.311072856187820435e-01
-1.213383749127388000e-01
-8.420540252700448036e-04
4.553767293691635132e-02
-8.594042807817459106e-02
-1.095070615410804749e-01
1.098013482987880707e-02
1.247623041272163391e-01
-1.725315451622009277e-01
1.477613151073455811e-01
-7.002682238817214966e-02
-6.876270473003387451e-02
4.744892567396163940e-02
-5.927780270576477051e-02
5.430471524596214294e-02
-6.711683422327041626e-02
-1.912875473499298096e-02
-1.118710171431303024e-02
9.707235544919967651e-02
2.902463451027870178e-02
-2.777344360947608948e-02
-8.242575079202651978e-02
1.633595861494541168e-02
-4.128572717308998108e-02
-5.430615320801734924e-02
8.550515025854110718e-02
1.151899695396423340e-01
-1.116845607757568359e-01
6.555145233869552612e-02
8.109298348426818848e-02
1.584951020777225494e-02
-1.110513806343078613e-01
3.844872489571571350e-02
-7.904315739870071411e-02
6.831969949416816235e-04
-7.443074882030487061e-02
-2.770844846963882446e-02
-1.915119774639606476e-02
-1.584754511713981628e-02
-9.495899826288223267e-02
-6.847748160362243652e-02
-4.408601298928260803e-02
-1.066033467650413513e-01
-1.436017155647277832e-01
6.432296335697174072e-02
1.225769519805908203e-01
3.188462927937507629e-02
1.616409569978713989e-01
1.926303356885910034e-01
1.916765980422496796e-02
9.433034062385559082e-02
-3.644447028636932373e-02
-2.541580796241760254e-02
2.943038195371627808e-02
-4.301935434341430664e-02
1.840671747922897339e-01
-6.813667714595794678e-02
-8.922478556632995605e-02
3.943092375993728638e-02
-1.212616935372352600e-01
-1.032353043556213379e-01
3.297513723373413086e-02
1.529625896364450455e-02
5.344754084944725037e-02
-1.653878204524517059e-02
7.636522408574819565e-03
9.271461516618728638e-02
2.816862426698207855e-03
1.518336497247219086e-02
1.605380773544311523e-01
1.826293766498565674e-02
-1.664337664842605591e-01
-3.646601736545562744e-02
-6.109670177102088928e-02
-5.358389392495155334e-02
3.032700344920158386e-02
-9.411536902189254761e-02
2.467071451246738434e-02
1.050208359956741333e-01
1.227400973439216614e-01
-4.982381314039230347e-02
-7.719303667545318604e-02
3.954127803444862366e-02
9.997346997261047363e-02
-1.123802959918975830e-01
-1.715368591248989105e-02
-1.385550647974014282e-01
5.304904282093048096e-02
-1.384396385401487350e-02
1.084454171359539032e-02
2.881252020597457886e-02
3.206985816359519958e-02
-2.966253459453582764e-02
-5.304550006985664368e-02
1.313905566930770874e-01
5.853506550192832947e-02
-1.348691880702972412e-01
7.460173964500427246e-02
-8.671681582927703857e-02
3.116754256188869476e-02
-7.894380390644073486e-02
-7.715578377246856689e-02
-4.888666793704032898e-02
1.233504042029380798e-01
-8.202023804187774658e-02
7.165329996496438980e-03
3.987548500299453735e-02
-4.174702335149049759e-03
1.320730745792388916e-01
-5.741479992866516113e-02
1.039723604917526245e-01
-3.687636554241180420e-02
-1.074288487434387207e-01
-6.381143350154161453e-03
-2.976134233176708221e-02
-6.116861104965209961e-02
-9.939782321453094482e-02
-4.276320338249206543e-02
-2.277727983891963959e-02
-1.527926623821258545e-01
-5.041953921318054199e-02
1.178549677133560181e-01
8.658622950315475464e-02
1.340129077434539795e-01
-7.772631198167800903e-02
-2.156251668930053711e-02
1.293523907661437988e-01
-1.079439669847488403e-01
1.145372167229652405e-01
3.163801506161689758e-02
-4.191558342427015305e-03
1.327373385429382324e-01
-7.476624101400375366e-02
-1.209259871393442154e-02
-9.111703932285308838e-02
-1.057219654321670532e-01
8.400859683752059937e-02
1.084971725940704346e-01
-9.717929363250732422e-02
1.006983593106269836e-02
1.551165245473384857e-02
-1.394314020872116089e-01
8.249576389789581299e-02
-8.347305655479431152e-02
-3.699005395174026489e-02
-9.010443091392517090e-02
8.011027425527572632e-02
-2.492489584255963564e-04
-3.106107935309410095e-03
-8.533304184675216675e-02
-1.170945540070533752e-01
-3.183405473828315735e-02
7.783231884241104126e-02
-1.118006408214569092e-01
2.220508269965648651e-02
1.703824475407600403e-02
1.743926405906677246e-01
-4.678513854742050171e-02
-3.328488767147064209e-02
-1.009627804160118103e-01
7.087115943431854248e-02
-1.314813196659088135e-01
1.214606501162052155e-02
-1.139792576432228088e-01
-6.101567670702934265e-02
-1.292492300271987915e-01
4.888926073908805847e-02
8.120303601026535034e-02
-4.346733540296554565e-02
2.983745560050010681e-02
-1.555394381284713745e-01
-2.868888527154922485e-02
6.574146449565887451e-02
1.099103689193725586e-02
1.929489336907863617e-02
-8.012362569570541382e-02
-4.227275960147380829e-03
-1.375045925378799438e-01
-3.798049315810203552e-02
2.067610993981361389e-02
3.830756619572639465e-02
7.595946639776229858e-02
-1.103242710232734680e-01
-7.601668685674667358e-02
-1.188075095415115356e-01
-7.386703044176101685e-02
8.364173769950866699e-02
-1.538449246436357498e-02
9.821564890444278717e-03
-7.495310157537460327e-02
-1.385669559240341187e-01
-1.490234136581420898e-01
2.261207439005374908e-02
-3.311857581138610840e-02
-1.250520199537277222e-01
9.173540771007537842e-02
3.925148397684097290e-02
6.466506980359554291e-03
2.613476663827896118e-02
-5.762861296534538269e-02
6.391541101038455963e-03
-1.188975647091865540e-01
-6.239170208573341370e-02
-1.026195362210273743e-01
-8.438502252101898193e-02
-8.339949697256088257e-02
4.096835479140281677e-02
-1.858898252248764038e-02
3.303670883178710938e-02
5.428005475550889969e-03
-3.938696905970573425e-02
4.476663097739219666e-02
9.268667548894882202e-02
-1.697881221771240234e-01
1.634481400251388550e-01
7.815366983413696289e-02
-1.868377923965454102e-01
2.183227427303791046e-02
-9.249709546566009521e-02
-6.530497968196868896e-02
1.579816043376922607e-01
6.984999030828475952e-02
-8.245262503623962402e-02
-6.549999117851257324e-02
3.721315786242485046e-02
4.869839176535606384e-02
1.332656890153884888e-01
9.058980643749237061e-02
-6.372417509555816650e-02
-1.468081623315811157e-01
-6.616458296775817871e-02
2.998630225192755461e-04
3.027987480163574219e-02
6.050555035471916199e-02
9.082881361246109009e-02
-4.163029417395591736e-02
6.090393289923667908e-02
1.270578652620315552e-01
7.519993185997009277e-02
7.970985025167465210e-03
7.066261023283004761e-02
-1.303174942731857300e-01
4.803273081779479980e-02
5.517068505287170410e-02
4.309771209955215454e-02
1.319283694028854370e-01
-3.690246865153312683e-02
4.869538545608520508e-02
-2.294816076755523682e-02
-8.307035267353057861e-02
4.427122417837381363e-03
-1.022671833634376526e-01
1.964098215103149414e-02
4.849895089864730835e-02
-1.307485401630401611e-01
-5.823512747883796692e-02
1.038219258189201355e-01
3.034125454723834991e-02
-1.235549002885818481e-01
-4.574907477945089340e-03
3.127189353108406067e-02
1.124282628297805786e-01
1.115981787443161011e-01
7.920791208744049072e-02
-1.287919729948043823e-01
-9.594065696001052856e-02
7.358307391405105591e-02
-9.205198287963867188e-02
4.411295801401138306e-02
-4.345760494470596313e-02
1.007717996835708618e-01
-2.668976038694381714e-02
-3.430154547095298767e-02
9.890741854906082153e-02
8.635055855847895145e-04
1.065296493470668793e-02
-3.925598040223121643e-02
-1.120837405323982239e-01
4.520178586244583130e-02
1.232138928025960922e-02
-4.632057156413793564e-03
-9.810701012611389160e-02
5.377501249313354492e-02
1.928646303713321686e-02
1.929387897253036499e-01
6.034354120492935181e-02
5.938936024904251099e-02
1.949819549918174744e-02
1.445642858743667603e-01
-1.237239409238100052e-02
8.282312750816345215e-02
9.606794267892837524e-02
9.505942463874816895e-02
-1.099234744906425476e-01
-2.285004965960979462e-02
4.046965390443801880e-02
-8.497188240289688110e-02
1.844752728939056396e-01
-7.140421122312545776e-02
6.983598321676254272e-02
3.830282390117645264e-02
6.766533851623535156e-02
4.605738073587417603e-02
-9.409229457378387451e-02
1.256217658519744873e-01
-1.129474639892578125e-01
9.690619260072708130e-02
5.126852169632911682e-02
-2.069230377674102783e-02
9.981147944927215576e-03
-1.856932193040847778e-01
8.752322942018508911e-02
-1.956133842468261719e-01
-3.049101121723651886e-02
7.801251858472824097e-02
-1.725671254098415375e-02
-1.585820168256759644e-01
-1.122496649622917175e-01
-7.180160284042358398e-02
-5.532875657081604004e-02
4.263629764318466187e-02
-1.385005842894315720e-02
1.845966279506683350e-02
1.480009555816650391e-01
-1.127289608120918274e-01
9.277459233999252319e-02
-2.530682645738124847e-02
1.177183352410793304e-02
-7.363460212945938110e-02
1.721851341426372528e-02
-9.861364960670471191e-02
-3.893337771296501160e-02
4.994506016373634338e-02
-8.537161350250244141e-02
5.780740454792976379e-02
-1.090667769312858582e-01
5.861894413828849792e-02
1.403865069150924683e-01
1.731769414618611336e-03
2.952642552554607391e-02
6.573273241519927979e-02
-5.533567443490028381e-02
-7.619120925664901733e-02
1.359814661554992199e-03
1.408544927835464478e-02
-6.250513345003128052e-02
4.670311138033866882e-02
7.068178150802850723e-03
1.068096607923507690e-01
-1.056890748441219330e-02
3.633922338485717773e-02
-4.576884582638740540e-02
3.441903507336974144e-03
-6.960570067167282104e-02
2.053942680358886719e-01
6.729812175035476685e-02
-1.678356155753135681e-02
-1.366379018872976303e-02
7.401723414659500122e-02
-1.489365696907043457e-01
-3.097189404070377350e-02
3.943788260221481323e-02
-1.194984540343284607e-01
8.378650248050689697e-02
-7.501355558633804321e-02
1.031588390469551086e-01
5.424911528825759888e-02
1.648990213871002197e-01
5.871938541531562805e-02
-1.162621006369590759e-01
9.374685585498809814e-02
1.209831535816192627e-01
-1.485146284103393555e-01
1.403091400861740112e-01
4.558459855616092682e-03
1.587155014276504517e-01
-5.547060072422027588e-02
-3.281927481293678284e-02
1.079518049955368042e-01
-5.605579540133476257e-02
-1.484401822090148926e-01
-1.500329226255416870e-01
9.729304350912570953e-03
-8.216418325901031494e-02
1.136893853545188904e-01
-1.474041640758514404e-01
-1.903514494188129902e-03
2.707060985267162323e-02
-9.087656438350677490e-02
1.677891910076141357e-01
2.478020638227462769e-02
5.738548934459686279e-02
-1.264605224132537842e-01
-7.832771539688110352e-02
-2.089690975844860077e-02
4.004151374101638794e-02
-8.279727399349212646e-02
-1.058049798011779785e-01
-2.292770147323608398e-02
-8.397942781448364258e-02
-6.872541457414627075e-02
4.328551888465881348e-02
1.534669995307922363e-01
-1.489061489701271057e-02
-7.501509040594100952e-02
-4.232242330908775330e-02
8.471197634935379028e-02
1.293636206537485123e-02
-1.110363081097602844e-01
-3.102630190551280975e-02
-2.687512524425983429e-02
6.247371435165405273e-03
-8.876367658376693726e-02
1.242544576525688171e-01
8.911191672086715698e-02
-3.307175263762474060e-02
-1.117986664175987244e-01
-1.581136323511600494e-02
1.189570054411888123e-01
8.971216529607772827e-02
2.884523384273052216e-02
-3.362789750099182129e-02
-7.684889435768127441e-02
3.082825243473052979e-02
-1.338955461978912354e-01
1.266564428806304932e-01
-4.677888378500938416e-02
-6.938695162534713745e-02
-1.432259976863861084e-01
3.682408854365348816e-02
-2.326252870261669159e-02
-1.119962185621261597e-01
-9.236600250005722046e-02
-1.281553953886032104e-01
-8.469676971435546875e-02
1.514833141118288040e-02
5.250847712159156799e-02
3.035158291459083557e-02
-5.088982358574867249e-02
1.509305536746978760e-01
-8.506368845701217651e-02
1.158193219453096390e-02
-1.455909907817840576e-01
-7.659060508012771606e-02
6.612697243690490723e-02
-2.082266844809055328e-02
-6.233044434338808060e-03
2.438364923000335693e-02
6.950666755437850952e-02
-1.293095052242279053e-01
-6.658865511417388916e-02
9.416355192661285400e-02
-1.265665609389543533e-02
1.091924458742141724e-01
-3.339396044611930847e-02
-3.085623867809772491e-02
7.805550098419189453e-02
8.400488644838333130e-02
-2.434855885803699493e-02
-1.688628941774368286e-01
-4.694471508264541626e-02
6.033538281917572021e-02
-1.229171603918075562e-01
4.283148795366287231e-02
9.266105294227600098e-02
-7.506471127271652222e-02
-1.837408542633056641e-02
-6.981863826513290405e-02
-1.097367331385612488e-01
4.823945462703704834e-03
8.306360244750976562e-02
-5.926913395524024963e-02
1.220481991767883301e-01
1.900458335876464844e-02
-4.812850058078765869e-02
-9.824595600366592407e-02
-7.375416345894336700e-03
-7.503124326467514038e-02
7.408073544502258301e-02
7.451329380273818970e-02
-7.277724891901016235e-02
9.392400272190570831e-03
1.935662142932415009e-02
3.626695275306701660e-02
-1.366648823022842407e-01
-5.853226035833358765e-02
-6.447029113769531250e-02
-1.395553648471832275e-01
-9.337272495031356812e-02
-9.770550578832626343e-02
-6.385553628206253052e-02
-1.393875479698181152e-01
-1.586681604385375977e-01
-6.384927779436111450e-02
1.361968368291854858e-01
-6.799720227718353271e-02
-3.473843634128570557e-02
-1.085903844796121120e-03
-7.491996884346008301e-02
9.569640457630157471e-02
-1.774377189576625824e-02
-9.664518758654594421e-03
-6.981499958783388138e-03
-7.854726910591125488e-02
-1.299843490123748779e-01
-5.511287972331047058e-02
-9.735105186700820923e-02
1.307012606412172318e-02
-1.560662835836410522e-01
7.959373295307159424e-02
-5.789379402995109558e-02
-8.287035673856735229e-02
-1.197051163762807846e-02
-5.598551128059625626e-03
-2.523454092442989349e-02
-1.014284864068031311e-01
-1.815623939037322998e-01
-1.056346520781517029e-01
1.226815283298492432e-01
-9.716037660837173462e-02
-2.785327658057212830e-02
1.315974351018667221e-02
4.353553801774978638e-02
3.453449532389640808e-02
-9.647028893232345581e-02
1.215880960226058960e-01
-3.677965700626373291e-02
-5.048620700836181641e-02
1.324119865894317627e-01
6.570738554000854492e-02
-1.141791790723800659e-01
1.507285982370376587e-01
-9.683589637279510498e-02
1.314004361629486084e-01
-3.963713999837636948e-03
5.169450119137763977e-02
-6.795007735490798950e-02
-3.398675099015235901e-02
-6.324405968189239502e-02
-9.094904363155364990e-02
1.106579881161451340e-02
2.682666294276714325e-02
-3.846280276775360107e-02
-1.272637844085693359e-01
-1.333574652671813965e-01
1.722137331962585449e-01
-2.786175161600112915e-02
7.860853523015975952e-02
-5.193924531340599060e-02
-2.562168240547180176e-02
-8.326236158609390259e-02
-5.260534584522247314e-02
-1.133412718772888184e-01
6.958349794149398804e-02
-1.256442815065383911e-01
1.181682199239730835e-01
-2.165546268224716187e-02
-4.903305321931838989e-02
1.815599203109741211e-01
-6.228320300579071045e-02
-2.267749421298503876e-02
1.559533923864364624e-01
-9.755443781614303589e-02
-9.486842900514602661e-02
1.977844722568988800e-02
6.935527175664901733e-02
-3.529738634824752808e-02
-2.301109582185745239e-02
1.626920551061630249e-01
9.391813725233078003e-02
-1.560135632753372192e-01
-1.249563246965408325e-01
4.295110329985618591e-02
-1.101179197430610657e-01
1.498289778828620911e-02
-9.040579944849014282e-02
-2.836293354630470276e-02
-1.112958565354347229e-01
1.574147678911685944e-02
9.231279790401458740e-02
-1.126583516597747803e-01
-1.586380600929260254e-01
-1.053401604294776917e-01
-1.818738318979740143e-02
-4.545980133116245270e-03
6.260215491056442261e-02
1.364320665597915649e-01
5.174600332975387573e-02
-1.203791722655296326e-01
7.895854115486145020e-02
-4.045888409018516541e-02
-1.955270208418369293e-02
3.033993951976299286e-02
-2.409457415342330933e-02
1.069432571530342102e-01
2.309853024780750275e-02
-9.921920299530029297e-02
8.159322291612625122e-02
-5.008025467395782471e-02
-1.358841359615325928e-01
1.175586730241775513e-01
1.446580737829208374e-01
8.136137574911117554e-02
-1.216500401496887207e-01
-2.532612159848213196e-02
2.874555252492427826e-02
-5.689446255564689636e-02
1.387659609317779541e-01
-1.008082777261734009e-01
4.814105480909347534e-02
-6.338264048099517822e-02
-1.003157272934913635e-01
-3.672781214118003845e-02
-1.007927767932415009e-02
9.988029301166534424e-02
-8.648058027029037476e-02
-8.891043812036514282e-02
-3.101053461432456970e-02
-1.020991206169128418e-01
-1.176244392991065979e-01
-1.188562288880348206e-01
-1.869768947362899780e-01
-8.125291205942630768e-03
-1.532752811908721924e-01
9.424102306365966797e-02
-8.416692912578582764e-02
-7.656065374612808228e-02
2.154186740517616272e-02
-2.756421454250812531e-02
-3.708807379007339478e-02
1.150910928845405579e-01
-1.537367515265941620e-02
-5.700758099555969238e-02
-5.972919054329395294e-03
-1.173325851559638977e-01
-8.450075238943099976e-02
6.269222497940063477e-02
7.905555516481399536e-02
-1.756038889288902283e-02
3.255975618958473206e-02
-2.837352454662322998e-02
-8.284342288970947266e-02
-4.675892367959022522e-02
7.201731950044631958e-02
-2.449090220034122467e-02
-2.742510102689266205e-02
4.856774210929870605e-02
-5.553692206740379333e-02
-2.669113501906394958e-02
5.809795111417770386e-02
-7.317087799310684204e-02
-7.446855306625366211e-02
9.200649708509445190e-02
1.075381115078926086e-01
6.913342326879501343e-02
-4.039295017719268799e-02
-2.244806848466396332e-02
-2.833224274218082428e-02
5.225304514169692993e-02
1.118185371160507202e-01
-1.065588071942329407e-01
4.349428787827491760e-02
-4.539306834340095520e-02
1.080693230032920837e-01
-5.702760443091392517e-02
9.964598715305328369e-02
-1.164441630244255066e-01
1.727726161479949951e-01
6.224621832370758057e-02
-7.640799880027770996e-02
-1.248572114855051041e-02
-1.359871239401400089e-04
5.103277787566184998e-02
3.326924517750740051e-02
-6.998488306999206543e-02
-1.294837296009063721e-01
-3.361993655562400818e-02
5.278671905398368835e-02
-6.489232927560806274e-02
1.215149834752082825e-01
1.212843209505081177e-01
-8.567062765359878540e-02
1.101663038134574890e-01
2.919004485011100769e-02
1.300853341817855835e-01
-4.524257779121398926e-02
-5.803640186786651611e-02
-1.049462333321571350e-01
2.679193578660488129e-02
-3.109022229909896851e-02
-1.306021511554718018e-01
-9.983228147029876709e-02
9.652169421315193176e-03
8.220001310110092163e-02
6.999225914478302002e-02
-3.050838410854339600e-02
1.817855238914489746e-01
3.621748462319374084e-02
1.130070462822914124e-01
2.946597151458263397e-02
8.016276359558105469e-02
6.419863551855087280e-02
-1.324965804815292358e-01
-1.133398860692977905e-01
1.691476255655288696e-01
-1.076302602887153625e-01
-6.753023713827133179e-02
1.021231189370155334e-01
1.299256384372711182e-01
8.801092952489852905e-02
-1.326990127563476562e-01
1.448830217123031616e-01
-3.625496104359626770e-02
5.717399716377258301e-02
2.976025268435478210e-02
9.599716216325759888e-02
2.984389662742614746e-02
-1.278910487890243530e-01
1.289698928594589233e-01
-7.507799658924341202e-03
-1.398559063673019409e-01
3.857564926147460938e-02
6.791011244058609009e-02
-6.543239206075668335e-02
2.030625939369201660e-02
-5.913791432976722717e-02
-2.313726581633090973e-03
-3.418697416782379150e-02
9.364663809537887573e-02
3.566899895668029785e-02
-4.789865016937255859e-02
-1.571617461740970612e-02
-1.311599463224411011e-02
1.456594169139862061e-01
-2.030616067349910736e-02
-3.336802124977111816e-02
-8.487287908792495728e-02
1.103475764393806458e-01
-1.814145594835281372e-02
-1.214506104588508606e-01
1.997366547584533691e-02
1.391514986753463745e-01
7.841381430625915527e-02
-1.059358417987823486e-01
-4.777572676539421082e-02
1.217781286686658859e-02
-6.757897138595581055e-02
1.897947862744331360e-02
-3.800000250339508057e-02
1.787343323230743408e-01
1.939050257205963135e-01
1.151453182101249695e-01
7.470735907554626465e-02
6.878717243671417236e-02
4.821020364761352539e-02
-5.995488911867141724e-02
-9.857448190450668335e-02
-1.254853606224060059e-01
-1.385015994310379028e-01
-1.037771552801132202e-01
9.956644475460052490e-02
1.098112296313047409e-02
-1.606320440769195557e-01
-3.926134109497070312e-02
-5.935423821210861206e-02
-9.216511994600296021e-02
6.531053781509399414e-02
-4.971025511622428894e-02
1.791662909090518951e-02
-1.260500121861696243e-02
-1.460139453411102295e-01
-8.564379811286926270e-02
-1.507126688957214355e-01
-4.842401295900344849e-02
-5.148217454552650452e-02
1.113091930747032166e-01
-1.299110203981399536e-01
1.611974388360977173e-01
1.612162739038467407e-01
-9.689386002719402313e-03
9.844244271516799927e-02
7.701177150011062622e-02
-2.102379500865936279e-02
-4.429891705513000488e-03
-1.274470090866088867e-01
-6.971093267202377319e-02
9.963299334049224854e-02
1.810404472053050995e-02
-6.504779309034347534e-02
-3.649363666772842407e-02
-1.402252763509750366e-01
8.349533379077911377e-02
-4.290632531046867371e-02
-2.861193381249904633e-02
-1.032519191503524780e-01
7.023291289806365967e-02
7.599491626024246216e-02
1.117873415350914001e-01
3.453470766544342041e-02
-1.095750555396080017e-01
3.561111912131309509e-02
1.120401918888092041e-02
-3.503328561782836914e-02
1.287955790758132935e-01
1.037270352244377136e-01
-7.207877933979034424e-02
-4.078816622495651245e-02
-9.493580460548400879e-02
4.138201847672462463e-02
9.875614196062088013e-02
7.057461142539978027e-02
-5.446305125951766968e-02
5.802934244275093079e-02
-9.210056811571121216e-02
-5.171739682555198669e-02
9.934411197900772095e-02
4.800191149115562439e-02
-1.498105078935623169e-01
1.241061016917228699e-01
-1.402860361849889159e-04
2.331116423010826111e-02
4.166713729500770569e-02
4.476280510425567627e-02
-6.938800215721130371e-02
-1.074073836207389832e-01
-1.563354730606079102e-01
-5.143331363797187805e-02
-8.482251316308975220e-02
1.614043675363063812e-02
-1.813685446977615356e-01
-1.123441681265830994e-01
2.323029621038585901e-04
-1.420551687479019165e-01
3.905706480145454407e-02
5.742025002837181091e-02
6.295248866081237793e-02
3.328211605548858643e-02
3.813792765140533447e-02
2.165575698018074036e-02
-1.684745252132415771e-01
-9.549016505479812622e-02
3.247466683387756348e-02
-4.097660630941390991e-02
-1.112939864397048950e-01
-1.807656288146972656e-01
3.030639700591564178e-02
4.537275992333889008e-03
1.599170081317424774e-02
6.226454675197601318e-02
-3.222673758864402771e-02
3.830777481198310852e-03
1.310686469078063965e-01
-1.477059423923492432e-01
-2.935569547116756439e-02
1.422933340072631836e-01
7.384659349918365479e-02
-5.298497900366783142e-02
1.356973685324192047e-02
-1.248463913798332214e-01
-3.977823257446289062e-02
-7.788028568029403687e-02
1.391781419515609741e-01
-6.497128307819366455e-02
6.751219928264617920e-02
5.203960835933685303e-02
2.314205467700958252e-02
9.520862996578216553e-02
1.817649602890014648e-02
-1.460062861442565918e-01
-1.905110664665699005e-02
-1.800735294818878174e-01
-1.523777246475219727e-01
-6.355637311935424805e-02
8.095724880695343018e-02
-2.108720876276493073e-02
5.365987494587898254e-02
-1.630560904741287231e-01
7.503320276737213135e-02
9.408629685640335083e-02
6.880488991737365723e-02
-6.353609263896942139e-02
-2.038163542747497559e-01
7.585677504539489746e-02
8.886356651782989502e-02
-1.285150498151779175e-01
-4.691317677497863770e-03
-1.121400296688079834e-01
9.192831814289093018e-02
-3.065559267997741699e-02
-1.388484686613082886e-01
-7.608792930841445923e-02
1.601300947368144989e-02
-1.245275363326072693e-01
-9.243503212928771973e-02
-1.287254095077514648e-01
2.575480379164218903e-02
1.038053035736083984e-01
-1.058861762285232544e-01
-4.602597281336784363e-02
-3.691062331199645996e-02
3.278940916061401367e-02
9.109699167311191559e-03
7.841548323631286621e-02
9.526746720075607300e-02
-8.063957095146179199e-02
-1.917267218232154846e-02
9.590422362089157104e-02
1.628342084586620331e-02
-9.162390977144241333e-02
2.228440716862678528e-02
-1.318511068820953369e-01
2.825127169489860535e-02
4.918812960386276245e-02
4.150812700390815735e-02
-1.114399507641792297e-01
-8.460053056478500366e-02
-8.299938589334487915e-02
8.724948018789291382e-02
5.803215876221656799e-02
1.676093935966491699e-01
-1.563219726085662842e-01
-4.722116049379110336e-03
-1.984319239854812622e-01
6.782459095120429993e-03
1.170398890972137451e-01
2.834315411746501923e-02
-6.738644838333129883e-02
5.920359864830970764e-02
-1.394429057836532593e-01
8.003505319356918335e-02
-3.630114346742630005e-02
9.738358110189437866e-02
3.237784653902053833e-02
1.227355748414993286e-01
1.642065867781639099e-02
-5.359517037868499756e-02
5.948128923773765564e-02
9.471410512924194336e-02
1.485982090234756470e-01
1.918857842683792114e-01
1.041298210620880127e-01
1.356395632028579712e-01
1.332116127014160156e-01
1.416893093846738338e-03
4.273318499326705933e-02
6.703388411551713943e-03
-1.337996721267700195e-01
7.621376961469650269e-02
-1.380580514669418335e-01
4.303067922592163086e-03
3.129008784890174866e-02
-3.094334527850151062e-02
5.057372897863388062e-02
-9.059592336416244507e-02
2.613030932843685150e-02
-1.381651759147644043e-01
9.058900922536849976e-02
-1.470624208450317383e-01
1.196723878383636475e-01
5.389965698122978210e-02
-3.767339140176773071e-02
-8.009938895702362061e-02
-1.410742849111557007e-01
9.722257964313030243e-03
-1.626393944025039673e-01
5.730225890874862671e-02
5.230373144149780273e-02
1.490170359611511230e-01
-4.167102649807929993e-02
1.742786844260990620e-03
6.996782869100570679e-02
-1.208565905690193176e-01
-1.064437553286552429e-01
-1.664437204599380493e-01
3.031646087765693665e-02
-7.487840950489044189e-02
-2.781217917799949646e-02
-9.241777658462524414e-02
-2.266044029965996742e-03
7.597766816616058350e-04
-8.712066709995269775e-02
-1.546978950500488281e-01
1.115307807922363281e-01
-3.728947043418884277e-02
-1.787583231925964355e-01
-1.790437996387481689e-01
-1.481583714485168457e-01
1.364558935165405273e-01
-2.853226475417613983e-02
5.432421341538429260e-02
-1.017098501324653625e-01
3.041678294539451599e-02
-2.084531486034393311e-01
8.790578693151473999e-02
-4.157102853059768677e-02
1.082242950797080994e-01
-7.865504920482635498e-02
7.915321737527847290e-02
-1.292860805988311768e-01
-8.707123249769210815e-02
-3.289426863193511963e-02
8.458471298217773438e-02
1.051243022084236145e-01
-9.272218495607376099e-02
1.749141663312911987e-01
-5.912387371063232422e-02
1.706220395863056183e-02
-1.140550598502159119e-01
-8.144768327474594116e-02
-2.136955410242080688e-02
4.008055850863456726e-02
-9.632785804569721222e-03
-9.097388386726379395e-02
-6.672140210866928101e-02
-9.367861784994602203e-03
-4.385587200522422791e-02
1.004615947604179382e-01
-9.976336359977722168e-02
7.064122706651687622e-02
-8.025643229484558105e-02
1.580242216587066650e-01
9.742555022239685059e-02
4.388649761676788330e-02
5.981169268488883972e-02
9.130640886723995209e-03
-8.909878879785537720e-02
-3.385448083281517029e-02
8.067767322063446045e-02
3.777321428060531616e-02
-1.276413500308990479e-01
-1.800372153520584106e-01
-8.884350210428237915e-02
3.010288812220096588e-02
-1.477954089641571045e-01
7.237117737531661987e-02
-4.526748135685920715e-02
-1.227656155824661255e-01
-8.661320805549621582e-02
-1.280293911695480347e-01
1.910635828971862793e-02
7.226210832595825195e-02
1.125706732273101807e-01
-4.991985112428665161e-02
-9.954313933849334717e-02
-9.924483310896903276e-05
-5.484146624803543091e-02
1.299077570438385010e-01
1.337383836507797241e-01
3.710732609033584595e-02
-9.685950935818254948e-04
7.890567183494567871e-02
6.253851950168609619e-02
-7.498751580715179443e-02
7.977481000125408173e-03
6.143480539321899414e-02
4.028384014964103699e-02
3.411661088466644287e-02
1.046360954642295837e-01
6.886753439903259277e-02
-6.225257739424705505e-02
-6.421155482530593872e-02
-7.348445057868957520e-02
1.288844943046569824e-01
8.908592164516448975e-02
3.650471940636634827e-02
3.359047323465347290e-02
4.926313832402229309e-02
1.437890082597732544e-01
4.429658874869346619e-02
-2.977167256176471710e-02
2.590285800397396088e-02
5.633034557104110718e-02
-5.270870029926300049e-02
9.284251183271408081e-02
-2.933442778885364532e-02
1.078610420227050781e-01
-9.276902675628662109e-02
-8.980176597833633423e-02
9.343066066503524780e-02
4.514973983168601990e-02
-7.686039060354232788e-02
4.568595439195632935e-02
6.689903140068054199e-02
6.521485000848770142e-02
1.599385440349578857e-01
-4.751855973154306412e-03
-3.035382833331823349e-03
-1.357863843441009521e-01
9.735952317714691162e-02
-5.022927746176719666e-02
4.577228054404258728e-02
-1.097037270665168762e-01
1.284823007881641388e-02
8.854170143604278564e-02
-8.231837302446365356e-02
7.154531031847000122e-02
-8.495997637510299683e-02
-1.090393587946891785e-01
6.776361726224422455e-03
1.019820496439933777e-01
-4.602045565843582153e-02
-1.491251438856124878e-01
1.033660257235169411e-03
-9.375799447298049927e-02
6.028992310166358948e-02
1.389431208372116089e-01
-1.606790870428085327e-01
-9.809477254748344421e-03
-1.168084219098091125e-01
1.077031642198562622e-01
9.275291860103607178e-02
4.344451799988746643e-02
2.753809094429016113e-02
1.173469424247741699e-01
-5.633507668972015381e-02
2.415762515738606453e-03
-5.773963406682014465e-02
-4.776085168123245239e-02
-1.580865681171417236e-02
6.242299824953079224e-02
8.969319611787796021e-02
-9.418590366840362549e-02
-1.032952591776847839e-01
-1.191426366567611694e-01
-2.949762158095836639e-03
-1.224707718938589096e-02
-6.708936393260955811e-02
-5.054237693548202515e-02
-1.761946231126785278e-01
-1.534770727157592773e-01
2.013782039284706116e-02
-6.080772727727890015e-02
-5.630210787057876587e-02
-1.696926914155483246e-02
4.875252023339271545e-02
8.464827388525009155e-02
6.968284398317337036e-02
-9.223910421133041382e-02
7.079180330038070679e-02
7.288680225610733032e-02
-3.460928797721862793e-02
-5.735147744417190552e-02
-8.210525661706924438e-02
4.974630475044250488e-02
5.650227144360542297e-02
-2.985388413071632385e-02
-4.967135563492774963e-02
-9.951014071702957153e-02
-1.669290363788604736e-01
6.015942990779876709e-02
6.750601530075073242e-02
-1.003560945391654968e-01
9.757350385189056396e-02
1.667024195194244385e-02
-1.656905561685562134e-01
-1.127218231558799744e-01
-2.526829950511455536e-02
-9.884347021579742432e-02
4.691410344094038010e-03
3.826991096138954163e-02
-1.612360402941703796e-02
-4.057465121150016785e-02
-1.048830077052116394e-01
-1.794781386852264404e-01
-3.511148318648338318e-02
-7.588312774896621704e-02
7.172986119985580444e-02
-3.826757520437240601e-02
-9.840932488441467285e-02
7.045680284500122070e-02
9.109476208686828613e-02
-3.204634413123130798e-02
8.851187303662300110e-03
2.243366464972496033e-02
-6.229687109589576721e-02
1.469906866550445557e-01
-1.362608522176742554e-01
-1.314321905374526978e-01
3.256645426154136658e-02
-9.148985892534255981e-02
9.372732788324356079e-02
-7.567279785871505737e-02
-2.030554711818695068e-01
-1.412195414304733276e-01
-8.946415781974792480e-02
-1.915433257818222046e-02
-7.227996736764907837e-02
7.457242906093597412e-02
1.225077267736196518e-02
-1.256609261035919189e-01
-1.417586952447891235e-01
9.874857217073440552e-02
4.767987877130508423e-02
1.080630496144294739e-01
-1.006368547677993774e-02
-1.945686340332031250e-02
-4.007664695382118225e-02
-1.008713394403457642e-01
-1.386931687593460083e-01
1.985997706651687622e-02
5.356455221772193909e-02
-8.729449659585952759e-02
1.820272654294967651e-01
-8.628620766103267670e-03
-5.645186454057693481e-02
-9.250520914793014526e-02
-6.829793006181716919e-02
8.962249010801315308e-02
-3.357284143567085266e-02
1.316266506910324097e-02
9.665313363075256348e-02
5.075312219560146332e-03
4.310309886932373047e-02
-1.554011404514312744e-01
3.197255730628967285e-02
-7.907979190349578857e-02
-1.293219160288572311e-02
5.565412342548370361e-02
-2.521340362727642059e-02
-3.385147452354431152e-02
-7.488901168107986450e-02
8.819123357534408569e-02
4.667122289538383484e-02
-5.795186012983322144e-02
-1.269759833812713623e-01
3.691723942756652832e-02
-6.165522336959838867e-02
-3.198477253317832947e-02
-9.610148519277572632e-02
1.526274369098246098e-03
-4.392544215079396963e-04
